日期,159915,159920,159928,159934,159937,159941,159952,159977,510300,510500,512010,512040,512100,512400,512480,512660,512880,512890,513030,513100,513500,513520,516160,518660,518800,518850,518880,561550,588000
2012-05-28,,,,,,,,,2.377693856122532,,,,,,,,,,,,,,,,,,,,
2012-05-29,,,,,,,,,2.42522909197602,,,,,,,,,,,,,,,,,,,,
2012-05-30,,,,,,,,,2.4625116299003245,,,,,,,,,,,,,,,,,,,,
2012-05-31,,,,,,,,,2.442938297490065,,,,,,,,,,,,,,,,,,,,
2012-06-01,,,,,,,,,2.4503948050749256,,,,,,,,,,,,,,,,,,,,
2012-06-04,,,,,,,,,2.424297028527912,,,,,,,,,,,,,,,,,,,,
2012-06-05,,,,,,,,,2.387946554051715,,,,,,,,,,,,,,,,,,,,
2012-06-06,,,,,,,,,2.388878617499823,,,,,,,,,,,,,,,,,,,,
2012-06-07,,,,,,,,,2.402859569221437,,,,,,,,,,,,,,,,,,,,
2012-06-08,,,,,,,,,2.3842183002592847,,,,,,,,,,,,,,,,,,,,
2012-06-11,,,,,,,,,2.3702373485376707,,,,,,,,,,,,,,,,,,,,
2012-06-12,,,,,,,,,2.3767617926744236,,,,,,,,,,,,,,,,,,,,
2012-06-13,,,,,,,,,2.3860824271555,,,,,,,,,,,,,,,,,,,,
2012-06-14,,,,,,,,,2.404723696117653,,,,,,,,,,,,,,,,,,,,
2012-06-15,,,,,,,,,2.4065878230138673,,,,,,,,,,,,,,,,,,,,
2012-06-18,,,,,,,,,2.413112267150621,,,,,,,,,,,,,,,,,,,,
2012-06-19,,,,,,,,,2.4140443305987285,,,,,,,,,,,,,,,,,,,,
2012-06-20,,,,,,,,,2.404723696117653,,,,,,,,,,,,,,,,,,,,
2012-06-21,,,,,,,,,2.388878617499823,,,,,,,,,,,,,,,,,,,,
2012-06-25,,,,,,,,,2.3553243333679488,,,,,,,,,,,,,,,,,,,,
2012-06-26,,,,,,,,,2.30406084372203,,,,,,,,,,,,,,,,,,,,
2012-06-27,,,,,,,,,2.309653224410676,,,,,,,,,,,,,,,,,,,,
2012-06-28,,,,,,,,,2.3115173513068905,,,,,,,,,,,,,,,,,,,,
2012-06-29,,,,,,,,,2.2844875113117697,,,,,,,,,,,,,,,,,,,,
2012-07-02,,,,,,,,,2.325498303028505,,,,,,,,,,,,,,,,,,,,
2012-07-03,,,,,,,,,2.3189738588917517,,,,,,,,,,,,,,,,,,,,
2012-07-04,,,,,,,,,2.3245662395803977,,,,,,,,,,,,,,,,,,,,
2012-07-05,,,,,,,,,2.310585287858783,,,,,,,,,,,,,,,,,,,,
2012-07-06,,,,,,,,,2.2984684630333843,,,,,,,,,,,,,,,,,,,,
2012-07-09,,,,,,,,,2.319905922339859,,,,,,,,,,,,,,,,,,,,
2012-07-10,,,,,,,,,2.2826233844155546,,,,,,,,,,,,,,,,,,,,
2012-07-11,,,,,,,,,2.272370686486371,,,,,,,,,,,,,,,,,,,,
2012-07-12,,,,,,,,,2.279827194071232,,,,,,,,,,,,,,,,,,,,
2012-07-13,,,,,,,,,2.304992907170137,,,,,,,,,,,,,,,,,,,,
2012-07-16,,,,,,,,,2.3124494147549983,,,,,,,,,,,,,,,,,,,,
2012-07-17,,,,,,,,,2.271438623038263,,,,,,,,,,,,,,,,,,,,
2012-07-18,,,,,,,,,2.2751668768306934,,,,,,,,,,,,,,,,,,,,
2012-07-19,,,,,,,,,2.2751668768306934,,,,,,,,,,,,,,,,,,,,
2012-07-20,,,,,,,,,2.278895130623124,,,,,,,,,,,,,,,,,,,,
2012-07-23,,,,,,,,,2.2472049733874653,,,,,,,,,,,,,,,,,,,,
2012-07-24,,,,,,,,,2.234156085113958,,,,,,,,,,,,,,,,,,,,
2012-07-25,,,,,,,,,2.236952275458281,,,,,,,,,,,,,,,,,,,,
2012-07-26,,,,,,,,,2.2322919582177434,,,,,,,,,,,,,,,,,,,,
2012-07-27,,,,,,,,,2.2266995775290974,,,,,,,,,,,,,,,,,,,,
2012-07-30,,,,,,,,,2.2266995775290974,,,,,,,,,,,,,,,,,,,,
2012-07-31,,,,,,,,,2.2164468795999137,,,,,,,,,,,,,,,,,,,,
2012-08-01,,,,,,,,,2.2108544989112677,,,,,,,,,,,,,,,,,,,,
2012-08-02,,,,,,,,,2.223903387184775,,,,,,,,,,,,,,,,,,,,
2012-08-03,,,,,,,,,2.2136506892555907,,,,,,,,,,,,,,,,,,,,
2012-08-06,,,,,,,,,2.221107196840452,,,,,,,,,,,,,,,,,,,,
2012-08-07,,,,,,,,,2.2509332271798956,,,,,,,,,,,,,,,,,,,,
2012-08-08,,,,,,,,,2.2583897347647564,,,,,,,,,,,,,,,,,,,,
2012-08-09,,,,,,,,,2.257457671316649,,,,,,,,,,,,,,,,,,,,
2012-08-10,,,,,,,,,2.2807592575193394,,,,,,,,,,,,,,,,,,,,
2012-08-13,,,,,,,,,2.2658462423496175,,,,,,,,,,,,,,,,,,,,
2012-08-14,,,,,,,,,2.230427831321528,,,,,,,,,,,,,,,,,,,,
2012-08-15,,,,,,,,,2.221107196840452,,,,,,,,,,,,,,,,,,,,
2012-08-16,,,,,,,,,2.20619418167073,,,,,,,,,,,,,,,,,,,,
2012-08-17,,,,,,,,,2.198737674085869,,,,,,,,,,,,,,,,,,,,
2012-08-20,,,,,,,,,2.174504024435071,,,,,,,,,,,,,,,,,,,,
2012-08-21,,,,,,,,,2.1773002147793936,,,,,,,,,,,,,,,,,,,,
2012-08-22,,,,,,,,,2.1875529127085778,,,,,,,,,,,,,,,,,,,,
2012-08-23,,,,,,,,,2.174504024435071,,,,,,,,,,,,,,,,,,,,
2012-08-24,,,,,,,,,2.171707834090748,,,,,,,,,,,,,,,,,,,,
2012-08-27,,,,,,,,,2.1484062478880577,,,,,,,,,,,,,,,,,,,,
2012-08-28,,,,,,,,,2.111123709963753,,,,,,,,,,,,,,,,,,,,
2012-08-29,,,,,,,,,2.10832751961943,,,,,,,,,,,,,,,,,,,,
2012-08-30,,,,,,,,,2.0934145044497083,,,,,,,,,,,,,,,,,,,,
2012-08-31,,,,,,,,,2.087822123761063,,,,,,,,,,,,,,,,,,,,
2012-09-03,,,,,,,,,2.085957996864847,,,,,,,,,,,,,,,,,,,,
2012-09-04,,,,,,,,,2.107395456171323,,,,,,,,,,,,,,,,,,,,
2012-09-05,,,,,,,,,2.0812976796243094,,,,,,,,,,,,,,,,,,,,
2012-09-06,,,,,,,,,2.083161806520524,,,,,,,,,,,,,,,,,,,,
2012-09-07,,,,,,,,,2.112987836859968,,,,,,,,,,,,,,,,,,,,
2012-09-10,,,,,,,,,2.1996697375339767,,,,,,,,,,,,,,,,,,,,
2012-09-11,,,,,,,,,2.189417039604793,,,,,,,,,,,,,,,,,,,,
2012-09-12,,,,,,,,,2.204330054774515,,,,,,,,,,,,,,,,,,,,
2012-09-13,,,,,,,,,2.1922132299491155,,,,,,,,,,,,,,,,,,,,
2012-09-14,,,,,,,,,2.194077356845331,,,,,,,,,,,,,,,,,,,,
2012-09-17,,,,,,,,,2.18662084926047,,,,,,,,,,,,,,,,,,,,
2012-09-18,,,,,,,,,2.1269687885815824,,,,,,,,,,,,,,,,,,,,
2012-09-19,,,,,,,,,2.1148519637561836,,,,,,,,,,,,,,,,,,,,
2012-09-20,,,,,,,,,2.118580217548614,,,,,,,,,,,,,,,,,,,,
2012-09-21,,,,,,,,,2.070112918247018,,,,,,,,,,,,,,,,,,,,
2012-09-24,,,,,,,,,2.0635884741102646,,,,,,,,,,,,,,,,,,,,
2012-09-25,,,,,,,,,2.08875418720917,,,,,,,,,,,,,,,,,,,,
2012-09-26,,,,,,,,,2.0906183141053853,,,,,,,,,,,,,,,,,,,,
2012-09-27,,,,,,,,,2.0738411720394483,,,,,,,,,,,,,,,,,,,,
2012-09-28,,,,,,,,,2.1167160906523987,,,,,,,,,,,,,,,,,,,,
2012-10-08,,,,,,,,,2.1763681513312862,,,,,,,,,,,,,,,,,,,,
2012-10-09,,,,,,,,,2.1577268823691336,,,,,,,,,,,,,,,,,,,,
2012-10-10,,,,,,,,,2.1875529127085778,,,,,,,,,,,,,,,,,,,,
2012-10-11,,,,,,,,,2.188484976156685,,,,,,,,,,,,,,,,,,,,
2012-10-12,,,,,,,,,2.188484976156685,,,,,,,,,,,,,,,,,,,,
2012-10-15,,,,,,,,,2.1847567223642548,,,,,,,,,,,,,,,,,,,,
2012-10-16,,,,,,,,,2.1707757706426407,,,,,,,,,,,,,,,,,,,,
2012-10-17,,,,,,,,,2.183824658916147,,,,,,,,,,,,,,,,,,,,
2012-10-18,,,,,,,,,2.1856887858123626,,,,,,,,,,,,,,,,,,,,
2012-10-19,,,,,,,,,2.205262118222622,,,,,,,,,,,,,,,,,,,,
2012-10-22,,,,,,,,,2.198737674085869,,,,,,,,,,,,,,,,,,,,
2012-10-23,,,,,,,,,2.215514816151806,,,,,,,,,,,,,,,,,,,,
2012-10-24,,,,,,,,,2.1856887858123626,,,,,,,,,,,,,,,,,,,,
2012-10-25,,,,,,,,,2.1875529127085778,,,,,,,,,,,,,,,,,,,,
2012-10-26,,,,,,,,,2.1707757706426407,,,,,,,,,,,,,,,,,,,,
2012-10-29,,,,,,,,,2.117648154100506,,,,,,,,,,,,,,,,,,,,
2012-10-30,,,,,,,,,2.1139199003080757,,,,,,,,,,,,,,,,,,,,
2012-10-31,,,,,,,,,2.117648154100506,,,,,,,,,,,,,,,,,,,,
2012-11-01,,,,,,,,,2.135357359614551,,,,,,,,,,,,,,,,,,,,
2012-11-02,,,,,,,,,2.1754360878831784,,,,,,,,,,,,,,,,,,,,
2012-11-05,,,,,,,,,2.1782322782275014,,,,,,,,,,,,,,,,,,,,
2012-11-06,,,,,,,,,2.1791643416756092,,,,,,,,,,,,,,,,,,,,
2012-11-07,,,,,,,,,2.1623871996096717,,,,,,,,,,,,,,,,,,,,
2012-11-08,,,,,,,,,2.150270374784273,,,,,,,,,,,,,,,,,,,,
2012-11-09,,,,,,,,,2.1213764078929365,,,,,,,,,,,,,,,,,,,,
2012-11-12,,,,,,,,,2.1213764078929365,,,,,,,,,,,,,,,,,,,,
2012-11-13,,,,,,,,,2.1269687885815824,,,,,,,,,,,,,,,,,,,,
2012-11-14,,,,,,,,,2.0971427582421387,,,,,,,,,,,,,,,,,,,,
2012-11-15,,,,,,,,,2.091550377553493,,,,,,,,,,,,,,,,,,,,
2012-11-16,,,,,,,,,2.071977045143233,,,,,,,,,,,,,,,,,,,,
2012-11-19,,,,,,,,,2.0542678396291887,,,,,,,,,,,,,,,,,,,,
2012-11-20,,,,,,,,,2.0607922837659416,,,,,,,,,,,,,,,,,,,,
2012-11-21,,,,,,,,,2.050539585836758,,,,,,,,,,,,,,,,,,,,
2012-11-22,,,,,,,,,2.0617243472140494,,,,,,,,,,,,,,,,,,,,
2012-11-23,,,,,,,,,2.0663846644545876,,,,,,,,,,,,,,,,,,,,
2012-11-26,,,,,,,,,2.070112918247018,,,,,,,,,,,,,,,,,,,,
2012-11-27,,,,,,,,,2.052403712732973,,,,,,,,,,,,,,,,,,,,
2012-11-28,,,,,,,,,2.033762443770821,,,,,,,,,,,,,,,,,,,,
2012-11-29,,,,,,,,,2.020713555497314,,,,,,,,,,,,,,,,,,,,
2012-11-30,,,,,,,,,2.003936413431377,,,,,,,,,,,,,,,,,,,,
2012-12-03,,,,,,,,,2.020713555497314,,,,,,,,,,,,,,,,,,,,
2012-12-04,,,,,,,,,1.994615778950301,,,,,,,,,,,,,,,,,,,,
2012-12-05,,,,,,,,,2.014189111360561,,,,,,,,,,,,,,,,,,,,
2012-12-06,,,,,,,,,2.086890060312955,,,,,,,,,,,,,,,,,,,,
2012-12-07,,,,,,,,,2.083161806520524,,,,,,,,,,,,,,,,,,,,
2012-12-10,,,,,,,,,2.1372214865107666,,,,,,,,,,,,,,,,,,,,
2012-12-11,,,,,,,,,2.1362894230626583,,,,,,,,,,,,,,,,,,,,
2012-12-12,,,,,,,,,2.140017676855089,,,,,,,,,,,,,,,,,,,,
2012-12-13,,,,,,,,,2.1344252961664436,,,,,,,,,,,,,,,,,,,,
2012-12-14,,,,,,,,,2.1241725982372595,,,,,,,,,,,,,,,,,,,,
2012-12-17,,,,,,,,,2.2350881485620664,,,,,,,,,,,,,,,,,,,,
2012-12-18,,,,,,,,,2.208990372015053,,,,,,,,,,,,,,,,,,,,
2012-12-19,,,,,,,,,2.204330054774515,,,,,,,,,,,,,,,,,,,,
2012-12-20,,,,,,,,,2.203397991326407,,,,,,,,,,,,,,,,,,,,
2012-12-21,,,,,,,,,2.2332240216658508,,,,,,,,,,,,,,,,,,,,
2012-12-24,,,,,,,,,2.215514816151806,,,,,,,,,,,,,,,,,,,,
2012-12-25,,,,,,,,,2.2108544989112677,,,,,,,,,,,,,,,,,,,,
2012-12-26,,,,,,,,,2.276098940278801,,,,,,,,,,,,,,,,,,,,
2012-12-27,,,,,,,,,2.2975363995852764,,,,,,,,,,,,,,,,,,,,
2012-12-28,,,,,,,,,2.2882157651042,,,,,,,,,,,,,,,,,,,,
2012-12-31,,,,,,,,,2.322702112684182,,,,,,,,,,,,,,,,,,,,
2013-01-04,,,,,,,,,2.3804900464668544,,,,,,,,,,,,,,,,,,,,
2013-01-07,,,,,,,,,2.3506640161274106,,,,,,,,,,,,,,,,,,,,
2013-01-08,,,,,,,,,2.3609167140565943,,,,,,,,,,,,,,,,,,,,
2013-01-09,,,,,,,,,2.347867825783088,,,,,,,,,,,,,,,,,,,,
2013-01-10,,,,,,,,,2.3506640161274106,,,,,,,,,,,,,,,,,,,,
2013-01-11,,,,,,,,,2.3618487775047017,,,,,,,,,,,,,,,,,,,,
2013-01-14,,,,,,,,,2.319905922339859,,,,,,,,,,,,,,,,,,,,
2013-01-15,,,,,,,,,2.4037916326695448,,,,,,,,,,,,,,,,,,,,
2013-01-16,,,,,,,,,2.4149763940468363,,,,,,,,,,,,,,,,,,,,
2013-01-17,,,,,,,,,2.3944709981884684,,,,,,,,,,,,,,,,,,,,
2013-01-18,,,,,,,,,2.3981992519808992,,,,,,,,,,,,,,,,,,,,
2013-01-21,,,,,,,,,2.423364965079805,,,,,,,,,,,,,,,,,,,,
2013-01-22,,,,,,,,,2.4224329016316974,,,,,,,,,,,,,,,,,,,,
2013-01-23,,,,,,,,,2.4224329016316974,,,,,,,,,,,,,,,,,,,,
2013-01-24,,,,,,,,,2.428025282320343,,,,,,,,,,,,,,,,,,,,
2013-01-25,,,,,,,,,2.4121802037025133,,,,,,,,,,,,,,,,,,,,
2013-01-28,,,,,,,,,2.4075198864619756,,,,,,,,,,,,,,,,,,,,
2013-01-29,,,,,,,,,2.469036074037078,,,,,,,,,,,,,,,,,,,,
2013-01-30,,,,,,,,,2.491405596791661,,,,,,,,,,,,,,,,,,,,
2013-01-31,,,,,,,,,2.5091148023057057,,,,,,,,,,,,,,,,,,,,
2013-02-01,,,,,,,,,2.4969979774803064,,,,,,,,,,,,,,,,,,,,
2013-02-04,,,,,,,,,2.5613103553997325,,,,,,,,,,,,,,,,,,,,
2013-02-05,,,,,,,,,2.54639734023001,,,,,,,,,,,,,,,,,,,,
2013-02-06,,,,,,,,,2.579019560913777,,,,,,,,,,,,,,,,,,,,
2013-02-07,,,,,,,,,2.5818157512580995,,,,,,,,,,,,,,,,,,,,
2013-02-08,,,,,,,,,2.579019560913777,,,,,,,,,,,,,,,,,,,,
2013-02-18,,,,,,,,,2.5864760684986376,,,,,,,,,,,,,,,,,,,,
2013-02-19,,,,,,,,,2.544533213333795,,,,,,,,,,,,,,,,,,,,
2013-02-20,,,,,,,,,2.5025903581689524,,,,,,,,,,,,,,,,,,,,
2013-02-21,,,,,,,,,2.488609406447338,,,,,,,,,,,,,,,,,,,,
2013-02-22,,,,,,,,,2.426161155424128,,,,,,,,,,,,,,,,,,,,
2013-02-25,,,,,,,,,2.4224329016316974,,,,,,,,,,,,,,,,,,,,
2013-02-26,,,,,,,,,2.404723696117653,,,,,,,,,,,,,,,,,,,,
2013-02-27,,,,,,,,,2.3944709981884684,,,,,,,,,,,,,,,,,,,,
2013-02-28,,,,,,,,,2.4289573457684503,,,,,,,,,,,,,,,,,,,,
2013-03-01,,,,,,,,,2.4876773429992305,,,,,,,,,,,,,,,,,,,,
2013-03-04,,,,,,,,,2.453190995419249,,,,,,,,,,,,,,,,,,,,
2013-03-05,,,,,,,,,2.372101475433886,,,,,,,,,,,,,,,,,,,,
2013-03-06,,,,,,,,,2.4522589319711408,,,,,,,,,,,,,,,,,,,,
2013-03-07,,,,,,,,,2.451326868523033,,,,,,,,,,,,,,,,,,,,
2013-03-08,,,,,,,,,2.446666551282495,,,,,,,,,,,,,,,,,,,,
2013-03-11,,,,,,,,,2.411248140254406,,,,,,,,,,,,,,,,,,,,
2013-03-12,,,,,,,,,2.411248140254406,,,,,,,,,,,,,,,,,,,,
2013-03-13,,,,,,,,,2.373033538881993,,,,,,,,,,,,,,,,,,,,
2013-03-14,,,,,,,,,2.3385471913020113,,,,,,,,,,,,,,,,,,,,
2013-03-15,,,,,,,,,2.3609167140565943,,,,,,,,,,,,,,,,,,,,
2013-03-18,,,,,,,,,2.3506640161274106,,,,,,,,,,,,,,,,,,,,
2013-03-19,,,,,,,,,2.3357510009576887,,,,,,,,,,,,,,,,,,,,
2013-03-20,,,,,,,,,2.353460206471733,,,,,,,,,,,,,,,,,,,,
2013-03-21,,,,,,,,,2.429889409216558,,,,,,,,,,,,,,,,,,,,
2013-03-22,,,,,,,,,2.4317535361127733,,,,,,,,,,,,,,,,,,,,
2013-03-25,,,,,,,,,2.446666551282495,,,,,,,,,,,,,,,,,,,,
2013-03-26,,,,,,,,,2.421500838183589,,,,,,,,,,,,,,,,,,,,
2013-03-27,,,,,,,,,2.395403061636576,,,,,,,,,,,,,,,,,,,,
2013-03-28,,,,,,,,,2.3646449678490247,,,,,,,,,,,,,,,,,,,,
2013-03-29,,,,,,,,,2.332022747165258,,,,,,,,,,,,,,,,,,,,
2013-04-01,,,,,,,,,2.309653224410676,,,,,,,,,,,,,,,,,,,,
2013-04-02,,,,,,,,,2.319905922339859,,,,,,,,,,,,,,,,,,,,
2013-04-03,,,,,,,,,2.325498303028505,,,,,,,,,,,,,,,,,,,,
2013-04-08,,,,,,,,,2.2835554478636624,,,,,,,,,,,,,,,,,,,,
2013-04-09,,,,,,,,,2.3087211609625675,,,,,,,,,,,,,,,,,,,,
2013-04-10,,,,,,,,,2.3161776685474287,,,,,,,,,,,,,,,,,,,,
2013-04-11,,,,,,,,,2.337615127853904,,,,,,,,,,,,,,,,,,,,
2013-04-12,,,,,,,,,2.30778909751446,,,,,,,,,,,,,,,,,,,,
2013-04-15,,,,,,,,,2.2928760823447383,,,,,,,,,,,,,,,,,,,,
2013-04-16,,,,,,,,,2.263982115453402,,,,,,,,,,,,,,,,,,,,
2013-04-17,,,,,,,,,2.2882157651042,,,,,,,,,,,,,,,,,,,,
2013-04-18,,,,,,,,,2.2733027499344782,,,,,,,,,,,,,,,,,,,,
2013-04-19,,,,,,,,,2.303128780273922,,,,,,,,,,,,,,,,,,,,
2013-04-22,,,,,,,,,2.36278084095281,,,,,,,,,,,,,,,,,,,,
2013-04-23,,,,,,,,,2.357188460264164,,,,,,,,,,,,,,,,,,,,
2013-04-24,,,,,,,,,2.286351638207985,,,,,,,,,,,,,,,,,,,,
2013-04-25,,,,,,,,,2.3143135416512135,,,,,,,,,,,,,,,,,,,,
2013-04-26,,,,,,,,,2.310585287858783,,,,,,,,,,,,,,,,,,,,
2013-05-02,,,,,,,,,2.262117988557187,,,,,,,,,,,,,,,,,,,,
2013-05-03,,,,,,,,,2.291011955448523,,,,,,,,,,,,,,,,,,,,
2013-05-06,,,,,,,,,2.330158620269043,,,,,,,,,,,,,,,,,,,,
2013-05-07,,,,,,,,,2.34693576233498,,,,,,,,,,,,,,,,,,,,
2013-05-08,,,,,,,,,2.3702373485376707,,,,,,,,,,,,,,,,,,,,
2013-05-09,,,,,,,,,2.3655770312971325,,,,,,,,,,,,,,,,,,,,
2013-05-10,,,,,,,,,2.34693576233498,,,,,,,,,,,,,,,,,,,,
2013-05-13,,,,,,,,,2.3683732216414555,,,,,,,,,,,,,,,,,,,,
2013-05-14,,,,,,,,,2.352528143023626,,,,,,,,,,,,,,,,,,,,
2013-05-15,,,,,,,,,2.3236341761322894,,,,,,,,,,,,,,,,,,,,
2013-05-16,,,,,,,,,2.3292265568209354,,,,,,,,,,,,,,,,,,,,
2013-05-17,,,,,,,,,2.381422109914962,,,,,,,,,,,,,,,,,,,,
2013-05-20,,,,,,,,,2.4289573457684503,,,,,,,,,,,,,,,,,,,,
2013-05-21,,,,,,,,,2.4373459168014193,,,,,,,,,,,,,,,,,,,,
2013-05-22,,,,,,,,,2.439210043697634,,,,,,,,,,,,,,,,,,,,
2013-05-23,,,,,,,,,2.424297028527912,,,,,,,,,,,,,,,,,,,,
2013-05-24,,,,,,,,,2.423364965079805,,,,,,,,,,,,,,,,,,,,
2013-05-27,,,,,,,,,2.420568774735482,,,,,,,,,,,,,,,,,,,,
2013-05-28,,,,,,,,,2.421500838183589,,,,,,,,,,,,,,,,,,,,
2013-05-29,,,,,,,,,2.476492581621939,,,,,,,,,,,,,,,,,,,,
2013-05-30,,,,,,,,,2.4625116299003245,,,,,,,,,,,,,,,,,,,,
2013-05-31,,,,,,,,,2.456919249211679,,,,,,,,,,,,,,,,,,,,
2013-06-03,,,,,,,,,2.4317535361127733,,,,,,,,,,,,,,,,,,,,
2013-06-04,,,,,,,,,2.429889409216558,,,,,,,,,,,,,,,,,,,,
2013-06-05,,,,,,,,,2.396335125084684,,,,,,,,,,,,,,,,,,,,
2013-06-06,,,,,,,,,2.3832862368111773,,,,,,,,,,,,,,,,,,,,
2013-06-07,,,,,,,,,2.3683732216414555,,,,,,,,,,,,,,,,,,,,
2013-06-13,,,,,,,,,2.2900798920004153,,,,,,,,,,,,,,,,,,,,
2013-06-14,,,,,,,,,2.259321798212864,,,,,,,,,,,,,,,,,,,,
2013-06-17,,,,,,,,,2.277031003726909,,,,,,,,,,,,,,,,,,,,
2013-06-18,,,,,,,,,2.2602538616609715,,,,,,,,,,,,,,,,,,,,
2013-06-19,,,,,,,,,2.2602538616609715,,,,,,,,,,,,,,,,,,,,
2013-06-20,,,,,,,,,2.2416125926988193,,,,,,,,,,,,,,,,,,,,
2013-06-21,,,,,,,,,2.1493383113361655,,,,,,,,,,,,,,,,,,,,
2013-06-24,,,,,,,,,2.1633192630577796,,,,,,,,,,,,,,,,,,,,
2013-06-25,,,,,,,,,2.017917365152991,,,,,,,,,,,,,,,,,,,,
2013-06-26,,,,,,,,,2.043083078251897,,,,,,,,,,,,,,,,,,,,
2013-06-27,,,,,,,,,2.052403712732973,,,,,,,,,,,,,,,,,,,,
2013-06-28,,,,,,,,,2.0561319665254034,,,,,,,,,,,,,,,,,,,,
2013-07-01,,,,,,,,,2.0542678396291887,,,,,,,,,,,,,,,,,,,,
2013-07-02,,,,,,,,,2.0840938699686324,,,,,,,,,,,,,,,,,,,,
2013-07-03,,,,,,,,,2.085957996864847,,,,,,,,,,,,,,,,,,,,
2013-07-04,,,,,,,,,2.0710449816951253,,,,,,,,,,,,,,,,,,,,
2013-07-05,,,,,,,,,2.1064633927232146,,,,,,,,,,,,,,,,,,,,
2013-07-08,,,,,,,,,2.0803656161762016,,,,,,,,,,,,,,,,,,,,
2013-07-09,,,,,,,,,2.050539585836758,,,,,,,,,,,,,,,,,,,,
2013-07-10,,,,,,,,,2.047743395492435,,,,,,,,,,,,,,,,,,,,
2013-07-11,,,,,,,,,2.1251046616853673,,,,,,,,,,,,,,,,,,,,
2013-07-12,,,,,,,,,2.207126245118838,,,,,,,,,,,,,,,,,,,,
2013-07-15,,,,,,,,,2.168911643746425,,,,,,,,,,,,,,,,,,,,
2013-07-16,,,,,,,,,2.1773002147793936,,,,,,,,,,,,,,,,,,,,
2013-07-17,,,,,,,,,2.1922132299491155,,,,,,,,,,,,,,,,,,,,
2013-07-18,,,,,,,,,2.1586589458172414,,,,,,,,,,,,,,,,,,,,
2013-07-19,,,,,,,,,2.133493232718336,,,,,,,,,,,,,,,,,,,,
2013-07-22,,,,,,,,,2.050539585836758,,,,,,,,,,,,,,,,,,,,
2013-07-23,,,,,,,,,2.0943465678978157,,,,,,,,,,,,,,,,,,,,
2013-07-24,,,,,,,,,2.1484062478880577,,,,,,,,,,,,,,,,,,,,
2013-07-25,,,,,,,,,2.1484062478880577,,,,,,,,,,,,,,,,,,,,
2013-07-26,,,,,,,,,2.115784027204291,,,,,,,,,,,,,,,,,,,,
2013-07-29,,,,,,,,,2.0924824410016005,,,,,,,,,,,,,,,,,,2.633,,
2013-07-30,,,,,,,,,2.085957996864847,,,,,,,,,,,,,,,,,,2.632,,
2013-07-31,,,,,,,,,2.0999389485864617,,,,,,,,,,,,,,,,,,2.643,,
2013-08-01,,,,,,,,,2.1064633927232146,,,,,,,,,,,,,,,,,,2.653,,
2013-08-02,,,,,,,,,2.1651833899539947,,,,,,,,,,,,,,,,,,2.63,,
2013-08-05,,,,,,,,,2.1437459306475195,,,,,,,,,,,,,,,,,,2.621,,
2013-08-06,,,,,,,,,2.1586589458172414,,,,,,,,,,,,,,,,,,2.62,,
2013-08-07,,,,,,,,,2.181028468571824,,,,,,,,,,,,,,,,,,2.562,,
2013-08-08,,,,,,,,,2.168911643746425,,,,,,,,,,,,,,,,,,2.588,,
2013-08-09,,,,,,,,,2.1791643416756092,,,,,,,,,,,,,,,,,,2.625,,
2013-08-12,,,,,,,,,2.198737674085869,,,,,,,,,,,,,,,,,,2.656,,
2013-08-13,,,,,,,,,2.242544656146927,,,,,,,,,,,,,,,,,,2.662,,
2013-08-14,,,,,,,,,2.2472049733874653,,,,,,,,,,,,,,,,,,2.64,,
2013-08-15,,,,,,,,,2.236952275458281,,,,,,,,,,,,,,,,,,2.68,,
2013-08-16,,,,,,,,,2.20619418167073,,,,,,,,,,,,,,,,,,2.73,,
2013-08-19,,,,,,,,,2.188484976156685,,,,,,,,,,,,,,,,,,2.74,,
2013-08-20,,,,,,,,,2.2136506892555907,,,,,,,,,,,,,,,,,,2.725,,
2013-08-21,,,,,,,,,2.208990372015053,,,,,,,,,,,,,,,,,,2.72,,
2013-08-22,,,,,,,,,2.1950094202934385,,,,,,,,,,,,,,,,,,2.717,,
2013-08-23,,,,,,,,,2.204330054774515,,,,,,,,,,,,,,,,,,2.731,,
2013-08-26,,,,,,,,,2.1828925954680396,,,,,,,,,,,,,,,,,,2.77,,
2013-08-27,,,,,,,,,2.2220392602885592,,,,,,,,,,,,,,,,,,2.772,,
2013-08-28,,,,,,,,,2.2108544989112677,,,,,,,,,,,,,,,,,,2.81,,
2013-08-29,,,,,,,,,2.2276316409772052,,,,,,,,,,,,,,,,,,2.808,,
2013-08-30,,,,,,,,,2.204330054774515,,,,,,,,,,,,,,,,,,2.781,,
2013-09-02,,,,,,,,,2.2108544989112677,,,,,,,,,,,,,,,,,,2.77,,
2013-09-03,,,,,,,,,2.2136506892555907,,,,,,,,,,,,,,,,,,2.77,,
2013-09-04,,,,,,,,,2.237884338906389,,,,,,,,,,,,,,,,,,2.791,,
2013-09-05,,,,,,,,,2.239748465802604,,,,,,,,,,,,,,,,,,2.765,,
2013-09-06,,,,,,,,,2.2266995775290974,,,,,,,,,,,,,,,,,,2.73,,
2013-09-09,,,,,,,,,2.254661480972326,,,,,,,,,,,,,,,,,,2.751,,
2013-09-10,,,,,,,,,2.32736242992472,,,,,,,,,,,,,,,,,,2.756,,
2013-09-11,,,,,,,,,2.372101475433886,,,,,,,,,,,,,,,,,,2.712,,
2013-09-12,,,,,,,,,2.3655770312971325,,,,,,,,,,,,,,,,,,2.714,,
2013-09-13,,,,,,,,,2.387946554051715,,,,,,,,,,,,,,,,,,2.655,,
2013-09-16,,,,,,,,,2.3860824271555,,,,,,,,,,,,,,,,,,2.636,,
2013-09-17,,,,,,,,,2.3609167140565943,,,,,,,,,,,,,,,,,,2.615,,
2013-09-18,,,,,,,,,2.3152456050993213,,,,,,,,,,,,,,,,,,2.585,,
2013-09-23,,,,,,,,,2.3217700492360747,,,,,,,,,,,,,,,,,,2.618,,
2013-09-24,,,,,,,,,2.3506640161274106,,,,,,,,,,,,,,,,,,2.628,,
2013-09-25,,,,,,,,,2.3264303664766124,,,,,,,,,,,,,,,,,,2.622,,
2013-09-26,,,,,,,,,2.305924970618245,,,,,,,,,,,,,,,,,,2.636,,
2013-09-27,,,,,,,,,2.272370686486371,,,,,,,,,,,,,,,,,,2.625,,
2013-09-30,,,,,,,,,2.291011955448523,,,,,,,,,,,,,,,,,,2.633,,
2013-10-08,,,,,,,,,2.276098940278801,,,,,,,,,,,,,,,,,,2.638,,
2013-10-09,,,,,,,,,2.320837985787967,,,,,,,,,,,,,,,,,,2.625,,
2013-10-10,,,,,,,,,2.3385471913020113,,,,,,,,,,,,,,,,,,2.588,,
2013-10-11,,,,,,,,,2.3245662395803977,,,,,,,,,,,,,,,,,,2.574,,
2013-10-14,,,,,,,,,2.356256396816056,,,,,,,,,,,,,,,,,,2.54,,
2013-10-15,,,,,,,,,2.356256396816056,,,,,,,,,,,,,,,,,,2.538,,
2013-10-16,,,,,,,,,2.340411318198227,,,,,,,,,,,,,,,,,,2.54,,
2013-10-17,,,,,,,,,2.319905922339859,,,,,,,,,,,,,,,,,,2.552,,
2013-10-18,,,,,,,,,2.2975363995852764,,,,,,,,,,,,,,,,,,2.591,,
2013-10-21,,,,,,,,,2.3124494147549983,,,,,,,,,,,,,,,,,,2.6,,
2013-10-22,,,,,,,,,2.356256396816056,,,,,,,,,,,,,,,,,,2.589,,
2013-10-23,,,,,,,,,2.3338868740614735,,,,,,,,,,,,,,,,,,2.623,,
2013-10-24,,,,,,,,,2.303128780273922,,,,,,,,,,,,,,,,,,2.626,,
2013-10-25,,,,,,,,,2.2882157651042,,,,,,,,,,,,,,,,,,2.624,,
2013-10-28,,,,,,,,,2.2583897347647564,,,,,,,,,,,,,,,,,,2.634,,
2013-10-29,,,,,,,,,2.257457671316649,,,,,,,,,,,,,,,,,,2.632,,
2013-10-30,,,,,,,,,2.259321798212864,,,,,,,,,,,,,,,,,,2.62,,
2013-10-31,,,,,,,,,2.2826233844155546,,,,,,,,,,,,,,,,,,2.618,,
2013-11-01,,,,,,,,,2.2677103692458327,,,,,,,,,,,,,,,,,,2.595,,
2013-11-04,,,,,,,,,2.2844875113117697,,,,,,,,,,,,,,,,,,2.603,,
2013-11-05,,,,,,,,,2.2602538616609715,,,,,,,,,,,,,,,,,,2.585,,
2013-11-06,,,,,,,,,2.2611859251090793,,,,,,,,,,,,,,,,,,2.579,,
2013-11-07,,,,,,,,,2.242544656146927,,,,,,,,,,,,,,,,,,2.58,,
2013-11-08,,,,,,,,,2.2266995775290974,,,,,,,,,,,,,,,,,,2.58,,
2013-11-11,,,,,,,,,2.196873547189654,,,,,,,,,,,,,,,,,,2.535,,
2013-11-12,,,,,,,,,2.2099224354631604,,,,,,,,,,,,,,,,,,2.527,,
2013-11-13,,,,,,,,,2.2136506892555907,,,,,,,,,,,,,,,,,,2.503,,
2013-11-14,,,,,,,,,2.1828925954680396,,,,,,,,,,,,,,,,,,2.506,,
2013-11-15,,,,,,,,,2.198737674085869,,,,,,,,,,,,,,,,,,2.521,,
2013-11-18,,,,,,,,,2.252797354076111,,,,,,,,,,,,,,,,,,2.529,,
2013-11-19,,,,,,,,,2.304992907170137,,,,,,,,,,,,,,,,,,2.52,,
2013-11-20,,,,,,,,,2.3152456050993213,,,,,,,,,,,,,,,,,,2.501,,
2013-11-21,,,,,,,,,2.2984684630333843,,,,,,,,,,,,,,,,,,2.488,,
2013-11-22,,,,,,,,,2.300332589929599,,,,,,,,,,,,,,,,,,2.463,,
2013-11-25,,,,,,,,,2.272370686486371,,,,,,,,,,,,,,,,,,2.457,,
2013-11-26,,,,,,,,,2.2733027499344782,,,,,,,,,,,,,,,,,,2.449,,
2013-11-27,,,,,,,,,2.2705065595901557,,,,,,,,,,,,,,,,,,2.45,,
2013-11-28,,,,,,,,,2.30406084372203,,,,,,,,,,,,,,,,,,2.446,,
2013-11-29,,,,,,,,,2.3245662395803977,,,,,,,,,,,,,,,,,,2.44,,
2013-12-02,,,,,,,,,2.3152456050993213,,,,,,,,,,,,,,,,,,2.444,,
2013-12-03,,,,,,,,,2.2984684630333843,,,,,,,,,,,,,,,,,,2.421,,
2013-12-04,,,,,,,,,2.3264303664766124,,,,,,,,,,,,,,,,,,2.411,,
2013-12-05,,,,,,,,,2.353460206471733,,,,,,,,,,,,,,,,,,2.431,,
2013-12-06,,,,,,,,,2.347867825783088,,,,,,,,,,,,,,,,,,2.416,,
2013-12-09,,,,,,,,,2.34693576233498,,,,,,,,,,,,,,,,,,2.424,,
2013-12-10,,,,,,,,,2.337615127853904,,,,,,,,,,,,,,,,,,2.43,,
2013-12-11,,,,,,,,,2.3236341761322894,,,,,,,,,,,,,,,,,,2.461,,
2013-12-12,,,,,,,,,2.2975363995852764,,,,,,,,,,,,,,,,,,2.454,,
2013-12-13,,,,,,,,,2.2733027499344782,,,,,,,,,,,,,,,,,,2.415,,
2013-12-16,,,,2.449132816067459,,,,,2.294740209240954,,,,,,,,,,,,,,,,,,2.412,,
2013-12-17,,,,2.5514437045939635,,,,,2.255593544420434,,,,,,,,,,,,,,,,,,2.419,,
2013-12-18,,,,2.5314034274599058,,,,,2.2434767195950345,,,,,,,,,,,,,,,,,,2.42,,
2013-12-19,,,,2.3932309903777194,,,,,2.2500011637317883,,,,,,,,,,,,,,,,,,2.413,,
2013-12-20,,,,2.478665856054491,,,,,2.223903387184775,,,,,,,,,,,,,,,,,,2.371,,
2013-12-23,,,,2.489213370335574,,,,,2.174504024435071,,,,,,,,,,,,,,,,,,2.355,,
2013-12-24,,,,2.5472246988815304,,,,,2.181960532019932,,,,,,,,,,,,,,,,,,2.357,,
2013-12-25,,,,2.498706133188549,,,,,2.181028468571824,,,,,,,,,,,,,,,,,,2.361,,
2013-12-26,,,,2.509253647469632,,,,,2.1856887858123626,,,,,,,,,,,,,,,,,,2.376,,
2013-12-27,,,,2.425928284649076,,,,,2.159591009265349,,,,,,,,,,,,,,,,,,2.38,,
2013-12-30,,,,2.511363150325848,,,,,2.1996697375339767,,,,,,,,,,,,,,,,,,2.402,,
2013-12-31,,,,2.4913228731917907,,,,,2.1763681513312862,,,,,,,,,,,,,,,,,,2.366,,
2014-01-02,,,,2.5008156360447655,,,,,2.208058308566945,,,,,,,,,,,,,,,,,,2.389,,
2014-01-03,,,,2.5440604445972053,,,,,2.1978056106377615,,,,,,,,,,,,,,,,,,2.413,,
2014-01-06,,,,2.563045970303155,,,,,2.1763681513312862,,,,,,,,,,,,,,,,,,2.437,,
2014-01-07,,,,2.574648236012346,,,,,2.115784027204291,,,,,,,,,,,,,,,,,,2.43,,
2014-01-08,,,,2.573593484584238,,,,,2.1316291058221206,,,,,,,,,,,,,,,,,,2.415,,
2014-01-09,,,,2.5440604445972053,,,,,2.1251046616853673,,,,,,,,,,,,,,,,,,2.41,,
2014-01-10,,,,2.5482794503096384,,,,,2.1148519637561836,,,,,,,,,,,,,,,,,,2.414,,
2014-01-13,,,,2.582031496009104,,,,,2.101803075482677,,,,,,,,,,,,,,,,,,2.451,,
2014-01-14,,,,2.618947795992894,,,,,2.086890060312955,,,,,,,,,,,,,,,,,,2.449,,
2014-01-15,,,,2.564100721731263,,,,,2.0999389485864617,,,,,,,,,,,,,,,,,,2.44,,
2014-01-16,,,,2.560936467446938,,,,,2.0971427582421387,,,,,,,,,,,,,,,,,,2.432,,
2014-01-17,,,,2.563045970303155,,,,,2.0952786313459235,,,,,,,,,,,,,,,,,,2.434,,
2014-01-20,,,,2.5873052531496454,,,,,2.0710449816951253,,,,,,,,,,,,,,,,,,2.436,,
2014-01-21,,,,2.564100721731263,,,,,2.0225776823935293,,,,,,,,,,,,,,,,,,2.456,,
2014-01-22,,,,2.5524984560220716,,,,,2.036558634115144,,,,,,,,,,,,,,,,,,2.439,,
2014-01-23,,,,2.5546079588782886,,,,,2.086890060312955,,,,,,,,,,,,,,,,,,2.428,,
2014-01-24,,,,2.578867241724779,,,,,2.0710449816951253,,,,,,,,,,,,,,,,,,2.458,,
2014-01-27,,,,2.595743264574512,,,,,2.074773235487556,,,,,,,,,,,,,,,,,,2.47,,
2014-01-28,,,,2.573593484584238,,,,,2.0691808547989106,,,,,,,,,,,,,,,,,,2.468,,
2014-01-29,,,,2.586250501721538,,,,,2.070112918247018,,,,,,,,,,,,,,,,,,2.452,,
2014-01-30,,,,2.5946885131464037,,,,,2.067316727902695,,,,,,,,,,,,,,,,,,2.465,,
2014-02-07,,,,2.592579010290187,,,,,2.0253738727378523,,,,,,,,,,,,,,,,,,2.461,,
2014-02-10,,,,2.5967980160026203,,,,,2.064520537558372,,,,,,,,,,,,,,,,,,2.49,,
2014-02-11,,,,2.625276304561544,,,,,2.111123709963753,,,,,,,,,,,,,,,,,,2.508,,
2014-02-12,,,,2.6474260845518183,,,,,2.126036725133475,,,,,,,,,,,,,,,,,,2.519,,
2014-02-13,,,,2.6421523274112766,,,,,2.1241725982372595,,,,,,,,,,,,,,,,,,2.523,,
2014-02-14,,,,2.656918847404793,,,,,2.1251046616853673,,,,,,,,,,,,,,,,,,2.531,,
2014-02-17,,,,2.724422938803724,,,,,2.15120243823238,,,,,,,,,,,,,,,,,,2.592,,
2014-02-18,,,,2.7265324416599404,,,,,2.1465421209918425,,,,,,,,,,,,,,,,,,2.596,,
2014-02-19,,,,2.7022731588134494,,,,,2.118580217548614,,,,,,,,,,,,,,,,,,2.568,,
2014-02-20,,,,2.717039678806966,,,,,2.153066565128596,,,,,,,,,,,,,,,,,,2.563,,
2014-02-21,,,,2.714930175950749,,,,,2.1288329154777976,,,,,,,,,,,,,,,,,,2.566,,
2014-02-24,,,,2.721258684519399,,,,,2.0785014892799865,,,,,,,,,,,,,,,,,,2.57,,
2014-02-25,,,,2.7529012273626474,,,,,2.0589281568697264,,,,,,,,,,,,,,,,,,2.609,,
2014-02-26,,,,2.7739962559248137,,,,,1.9955478423984083,,,,,,,,,,,,,,,,,,2.617,,
2014-02-27,,,,2.7739962559248137,,,,,2.0132570479124534,,,,,,,,,,,,,,,,,,2.639,,
2014-02-28,,,,2.749736973078323,,,,,2.002072286535162,,,,,,,,,,,,,,,,,,2.611,,
2014-03-03,,,,2.792981781630763,,,,,2.020713555497314,,,,,,,,,,,,,,,,,,2.643,,
2014-03-04,,,,2.8014197930556293,,,,,2.0263059361859597,,,,,,,,,,,,,,,,,,2.675,,
2014-03-05,,,,2.7634487416437308,,,,,2.0318983168746056,,,,,,,,,,,,,,,,,,2.626,,
2014-03-06,,,,2.768722498784272,,,,,2.0067326037757,,,,,,,,,,,,,,,,,,2.624,,
2014-03-07,,,,2.7855985216340047,,,,,2.017917365152991,,,,,,,,,,,,,,,,,,2.648,,
2014-03-10,,,,2.7581749845031895,,,,,1.993683715502193,,,,,,,,,,,,,,,,,,2.625,,
2014-03-11,,,,2.7602844873594057,,,,,1.9489446699930275,,,,,,,,,,,,,,,,,,2.615,,
2014-03-12,,,,2.780324764493463,,,,,1.9508087968892427,,,,,,,,,,,,,,,,,,2.651,,
2014-03-13,,,,2.8467741044642856,,,,,1.96758593895518,,,,,,,,,,,,,,,,,,2.689,,
2014-03-14,,,,2.856266867317261,,,,,1.976906573436256,,,,,,,,,,,,,,,,,,2.705,,
2014-03-17,,,,2.857321618745369,,,,,1.9899554617097623,,,,,,,,,,,,,,,,,,2.701,,
2014-03-18,,,,2.858376370173477,,,,,1.9908875251578704,,,,,,,,,,,,,,,,,,2.704,,
2014-03-19,,,,2.8003650416275208,,,,,1.980634827228687,,,,,,,,,,,,,,,,,,2.67,,
2014-03-20,,,,2.804584047339954,,,,,1.9750424465400411,,,,,,,,,,,,,,,,,,2.64,,
2014-03-21,,,,2.783489018777788,,,,,1.938691972063844,,,,,,,,,,,,,,,,,,2.659,,
2014-03-24,,,,2.7845437702058966,,,,,2.009528794120023,,,,,,,,,,,,,,,,,,2.65,,
2014-03-25,,,,2.7550107302188644,,,,,2.015121174808668,,,,,,,,,,,,,,,,,,2.624,,
2014-03-26,,,,2.7370799559410237,,,,,2.0253738727378523,,,,,,,,,,,,,,,,,,2.623,,
2014-03-27,,,,2.719149181663182,,,,,2.0132570479124534,,,,,,,,,,,,,,,,,,2.605,,
2014-03-28,,,,2.7233681873756153,,,,,2.0048684768794844,,,,,,,,,,,,,,,,,,2.574,,
2014-03-31,,,,2.7086016673820996,,,,,2.008596730671915,,,,,,,,,,,,,,,,,,2.57,,
2014-04-01,,,,2.6801233788231755,,,,,1.993683715502193,,,,,,,,,,,,,,,,,,2.564,,
2014-04-02,,,,2.6769591245388504,,,,,2.009528794120023,,,,,,,,,,,,,,,,,,2.553,,
2014-04-03,,,,2.6948898988166916,,,,,2.0318983168746056,,,,,,,,,,,,,,,,,,2.571,,
2014-04-04,,,,2.6875066388199333,,,,,2.0058005403275923,,,,,,,,,,,,,,,,,,2.559,,
2014-04-08,,,,2.719149181663182,,,,,2.0272379996340675,,,,,,,,,,,,,,,,,,2.58,,
2014-04-09,,,,2.738134707369132,,,,,2.08502593341674,,,,,,,,,,,,,,,,,,2.609,,
2014-04-10,,,,2.741298961653457,,,,,2.0812976796243094,,,,,,,,,,,,,,,,,,2.62,,
2014-04-11,,,,2.738134707369132,,,,,2.1139199003080757,,,,,,,,,,,,,,,,,,2.603,,
2014-04-14,,,,2.7623939902156227,,,,,2.110191646515645,,,,,,,,,,,,,,,,,,2.629,,
2014-04-15,,,,2.7581749845031895,,,,,2.0999389485864617,,,,,,,,,,,,,,,,,,2.646,,
2014-04-16,,,,2.707546915953991,,,,,2.071977045143233,,,,,,,,,,,,,,,,,,2.585,,
2014-04-17,,,,2.717039678806966,,,,,2.077569425831878,,,,,,,,,,,,,,,,,,2.604,,
2014-04-18,,,,2.68961614167615,,,,,2.0589281568697264,,,,,,,,,,,,,,,,,,2.59,,
2014-04-21,,,,2.6917256445323665,,,,,2.050539585836758,,,,,,,,,,,,,,,,,,2.575,,
2014-04-22,,,,2.6864518873918253,,,,,2.0272379996340675,,,,,,,,,,,,,,,,,,2.561,,
2014-04-23,,,,2.703327910241558,,,,,2.032830380322713,,,,,,,,,,,,,,,,,,2.567,,
2014-04-24,,,,2.68961614167615,,,,,2.035626570667036,,,,,,,,,,,,,,,,,,2.575,,
2014-04-25,,,,2.7054374130977745,,,,,2.0440151417000045,,,,,,,,,,,,,,,,,,2.585,,
2014-04-28,,,,2.7318061988004816,,,,,2.0132570479124534,,,,,,,,,,,,,,,,,,2.613,,
2014-04-29,,,,2.7349704530848067,,,,,1.986227207917332,,,,,,,,,,,,,,,,,,2.628,,
2014-04-30,,,,2.7202039330912906,,,,,2.002072286535162,,,,,,,,,,,,,,,,,,2.605,,
2014-05-05,,,,2.742353713081565,,,,,1.996479905846516,,,,,,,,,,,,,,,,,,2.632,,
2014-05-06,,,,2.749736973078323,,,,,2.002072286535162,,,,,,,,,,,,,,,,,,2.627,,
2014-05-07,,,,2.747627470222106,,,,,1.996479905846516,,,,,,,,,,,,,,,,,,2.614,,
2014-05-08,,,,2.7318061988004816,,,,,1.9852951444692248,,,,,,,,,,,,,,,,,,2.59,,
2014-05-09,,,,2.7064921645258826,,,,,1.9908875251578704,,,,,,,,,,,,,,,,,,2.592,,
2014-05-12,,,,2.7064921645258826,,,,,1.996479905846516,,,,,,,,,,,,,,,,,,2.586,,
2014-05-13,,,,2.7096564188102077,,,,,2.0235097458416367,,,,,,,,,,,,,,,,,,2.592,,
2014-05-14,,,,2.7096564188102077,,,,,2.018849428601099,,,,,,,,,,,,,,,,,,2.596,,
2014-05-15,,,,2.742353713081565,,,,,2.016985301704884,,,,,,,,,,,,,,,,,,2.61,,
2014-05-16,,,,2.724422938803724,,,,,1.994615778950301,,,,,,,,,,,,,,,,,,2.595,,
2014-05-19,,,,2.714930175950749,,,,,1.9908875251578704,,,,,,,,,,,,,,,,,,2.586,,
2014-05-20,,,,2.742353713081565,,,,,1.9759745099881485,,,,,,,,,,,,,,,,,,2.596,,
2014-05-21,,,,2.718094430235074,,,,,1.9610614948184264,,,,,,,,,,,,,,,,,,2.599,,
2014-05-22,,,,2.7233681873756153,,,,,1.9852951444692248,,,,,,,,,,,,,,,,,,2.591,,
2014-05-23,,,,2.717039678806966,,,,,1.9824989541249016,,,,,,,,,,,,,,,,,,2.601,,
2014-05-26,,,,2.712820673094533,,,,,2.012324984464345,,,,,,,,,,,,,,,,,,2.59,,
2014-05-27,,,,2.721258684519399,,,,,2.0058005403275923,,,,,,,,,,,,,,,,,,2.594,,
2014-05-28,,,,2.653754593120468,,,,,2.002072286535162,,,,,,,,,,,,,,,,,,2.575,,
2014-05-29,,,,2.6853971359637168,,,,,2.024441809289745,,,,,,,,,,,,,,,,,,2.558,,
2014-05-30,,,,2.65269984169236,,,,,2.009528794120023,,,,,,,,,,,,,,,,,,2.546,,
2014-06-03,,,,2.617893044564786,,,,,2.0104608575681304,,,,,,,,,,,,,,,,,,2.526,,
2014-06-04,,,,2.6305500617020856,,,,,2.001140223087054,,,,,,,,,,,,,,,,,,2.511,,
2014-06-05,,,,2.617893044564786,,,,,1.9834310175730097,,,,,,,,,,,,,,,,,,2.515,,
2014-06-06,,,,2.6389880731269515,,,,,2.0048684768794844,,,,,,,,,,,,,,,,,,2.522,,
2014-06-09,,,,2.649535587408035,,,,,1.984363081021117,,,,,,,,,,,,,,,,,,2.531,,
2014-06-10,,,,2.6442618302674936,,,,,1.996479905846516,,,,,,,,,,,,,,,,,,2.52,,
2014-06-11,,,,2.6474260845518183,,,,,2.011392921016238,,,,,,,,,,,,,,,,,,2.528,,
2014-06-12,,,,2.643207078839385,,,,,2.0067326037757,,,,,,,,,,,,,,,,,,2.529,,
2014-06-13,,,,2.657973598832901,,,,,2.008596730671915,,,,,,,,,,,,,,,,,,2.547,,
2014-06-16,,,,2.6664116102577675,,,,,2.032830380322713,,,,,,,,,,,,,,,,,,2.551,,
2014-06-17,,,,2.651645090264251,,,,,2.040286887907574,,,,,,,,,,,,,,,,,,2.55,,
2014-06-18,,,,2.629495310273977,,,,,2.0281700630821753,,,,,,,,,,,,,,,,,,2.544,,
2014-06-19,,,,2.6621926045453344,,,,,2.0197814920492063,,,,,,,,,,,,,,,,,,2.542,,
2014-06-20,,,,2.717039678806966,,,,,1.9908875251578704,,,,,,,,,,,,,,,,,,2.611,,
2014-06-23,,,,2.744463215937781,,,,,1.999276096190839,,,,,,,,,,,,,,,,,,2.604,,
2014-06-24,,,,2.743408464509673,,,,,1.994615778950301,,,,,,,,,,,,,,,,,,2.634,,
2014-06-25,,,,2.746572718793998,,,,,2.009528794120023,,,,,,,,,,,,,,,,,,2.628,,
2014-06-26,,,,2.7529012273626474,,,,,2.0058005403275923,,,,,,,,,,,,,,,,,,2.62,,
2014-06-27,,,,2.74551796736589,,,,,2.0104608575681304,,,,,,,,,,,,,,,,,,2.584,,
2014-06-30,,,,2.7370799559410237,,,,,2.0235097458416367,,,,,,,,,,,,,,,,,,2.634,,
2014-07-01,,,,2.740244210225348,,,,,2.039354824459467,,,,,,,,,,,,,,,,,,2.639,,
2014-07-02,,,,2.740244210225348,,,,,2.032830380322713,,,,,,,,,,,,,,,,,,2.64,,
2014-07-03,,,,2.7581749845031895,,,,,2.0412189513556815,,,,,,,,,,,,,,,,,,2.633,,
2014-07-04,,,,2.741298961653457,,,,,2.0486754589405427,,,,,,,,,,,,,,,,,,2.63,,
2014-07-07,,,,2.7518464759345393,,,,,2.0468113320443275,,,,,,,,,,,,,,,,,,2.631,,
2014-07-08,,,,2.742353713081565,,,,,2.04215101480379,,,,,,,,,,,,,,,,,,2.622,,
2014-07-09,,,,2.742353713081565,,,,,2.0486754589405427,,,,,,,,,,,,,,,,,,2.619,,
2014-07-10,,,,2.7739962559248137,,,,,2.024441809289745,,,,,,,,,,,,,,,,,,2.642,,
2014-07-11,,,,2.7887627759183298,,,,,2.021645618945422,,,,,,,,,,,,,,,,,,2.667,,
2014-07-14,,,,2.7634487416437308,,,,,2.0318983168746056,,,,,,,,,,,,,,,,,,2.671,,
2014-07-15,,,,2.7370799559410237,,,,,2.0514716492848657,,,,,,,,,,,,,,,,,,2.609,,
2014-07-16,,,,2.7159849273788574,,,,,2.0533357761810804,,,,,,,,,,,,,,,,,,2.609,,
2014-07-17,,,,2.742353713081565,,,,,2.0514716492848657,,,,,,,,,,,,,,,,,,2.594,,
2014-07-18,,,,2.7845437702058966,,,,,2.040286887907574,,,,,,,,,,,,,,,,,,2.626,,
2014-07-21,,,,2.6948898988166916,,,,,2.0533357761810804,,,,,,,,,,,,,,,,,,2.618,,
2014-07-22,,,,2.749736973078323,,,,,2.050539585836758,,,,,,,,,,,,,,,,,,2.62,,
2014-07-23,,,,2.7202039330912906,,,,,2.077569425831878,,,,,,,,,,,,,,,,,,2.604,,
2014-07-24,,,,2.664302107401551,,,,,2.08502593341674,,,,,,,,,,,,,,,,,,2.603,,
2014-07-25,,,,2.678013875966959,,,,,2.1297649789259054,,,,,,,,,,,,,,,,,,2.58,,
2014-07-28,,,,2.7086016673820996,,,,,2.153066565128596,,,,,,,,,,,,,,,,,,2.59,,
2014-07-29,,,,2.728641944516157,,,,,2.208058308566945,,,,,,,,,,,,,,,,,,2.595,,
2014-07-30,,,,2.7054374130977745,,,,,2.203397991326407,,,,,,,,,,,,,,,,,,2.58,,
2014-07-31,,,,2.696999401672908,,,,,2.205262118222622,,,,,,,,,,,,,,,,,,2.58,,
2014-08-01,,,,2.6875066388199333,,,,,2.2294957678734204,,,,,,,,,,,,,,,,,,2.575,,
2014-08-04,,,,2.693835147388583,,,,,2.218311006496129,,,,,,,,,,,,,,,,,,2.584,,
2014-08-05,,,,2.700163655957233,,,,,2.256525607868541,,,,,,,,,,,,,,,,,,2.57,,
2014-08-06,,,,2.7265324416599404,,,,,2.2332240216658508,,,,,,,,,,,,,,,,,,2.59,,
2014-08-07,,,,2.73918945879724,,,,,2.2416125926988193,,,,,,,,,,,,,,,,,,2.589,,
2014-08-08,,,,2.719149181663182,,,,,2.211786562359376,,,,,,,,,,,,,,,,,,2.598,,
2014-08-11,,,,2.7571202330750806,,,,,2.2220392602885592,,,,,,,,,,,,,,,,,,2.616,,
2014-08-12,,,,2.719149181663182,,,,,2.236952275458281,,,,,,,,,,,,,,,,,,2.598,,
2014-08-13,,,,2.717039678806966,,,,,2.2388164023544967,,,,,,,,,,,,,,,,,,2.595,,
2014-08-14,,,,2.721258684519399,,,,,2.237884338906389,,,,,,,,,,,,,,,,,,2.605,,
2014-08-15,,,,2.722313435947507,,,,,2.2164468795999137,,,,,,,,,,,,,,,,,,2.599,,
2014-08-18,,,,2.6368785702707354,,,,,2.242544656146927,,,,,,,,,,,,,,,,,,2.58,,
2014-08-19,,,,2.7043826616696665,,,,,2.251865290628003,,,,,,,,,,,,,,,,,,2.57,,
2014-08-20,,,,2.703327910241558,,,,,2.24906910028368,,,,,,,,,,,,,,,,,,2.572,,
2014-08-21,,,,2.6832876331075,,,,,2.2416125926988193,,,,,,,,,,,,,,,,,,2.568,,
2014-08-22,,,,2.6801233788231755,,,,,2.2322919582177434,,,,,,,,,,,,,,,,,,2.543,,
2014-08-25,,,,2.6695758645420926,,,,,2.2472049733874653,,,,,,,,,,,,,,,,,,2.545,,
2014-08-26,,,,2.671685367398309,,,,,2.218311006496129,,,,,,,,,,,,,,,,,,2.547,,
2014-08-27,,,,2.6664116102577675,,,,,2.208990372015053,,,,,,,,,,,,,,,,,,2.553,,
2014-08-28,,,,2.678013875966959,,,,,2.2108544989112677,,,,,,,,,,,,,,,,,,2.545,,
2014-08-29,,,,2.6769591245388504,,,,,2.1996697375339767,,,,,,,,,,,,,,,,,,2.559,,
2014-09-01,,,,2.682232881679392,,,,,2.221107196840452,,,,,,,,,,,,,,,,,,2.551,,
2014-09-02,,,,2.6769591245388504,,,,,2.2332240216658508,,,,,,,,,,,,,,,,,,2.553,,
2014-09-03,,,,2.6474260845518183,,,,,2.271438623038263,,,,,,,,,,,,,,,,,,2.528,,
2014-09-04,,,,2.6695758645420926,,,,,2.289147828552308,,,,,,,,,,,,,,,,,,2.524,,
2014-09-05,,,,2.668521113113984,,,,,2.3152456050993213,,,,,,,,,,,,,,,,,,2.515,,
2014-09-09,,,,2.6590283502610093,,,,,2.3310906837171506,,,,,,,,,,,,,,,,,,2.512,,
2014-09-10,,,,2.6368785702707354,,,,,2.3087211609625675,,,,,,,,,,,,,,,,,,2.493,,
2014-09-11,,,,2.6421523274112766,,,,,2.309653224410676,,,,,,,,,,,,,,,,,,2.486,,
2014-09-12,,,,2.6263310559896524,,,,,2.2966043361371686,,,,,,,,,,,,,,,,,,2.468,,
2014-09-15,,,,2.6052360274274866,,,,,2.3021967168258146,,,,,,,,,,,,,,,,,,2.455,,
2014-09-16,,,,2.6157835417085695,,,,,2.3171097319955365,,,,,,,,,,,,,,,,,,2.465,,
2014-09-17,,,,2.6115645359961364,,,,,2.278895130623124,,,,,,,,,,,,,,,,,,2.46,,
2014-09-18,,,,2.563045970303155,,,,,2.274234813382586,,,,,,,,,,,,,,,,,,2.439,,
2014-09-19,,,,2.568319727443696,,,,,2.2854195747598776,,,,,,,,,,,,,,,,,,2.431,,
2014-09-22,,,,2.568319727443696,,,,,2.2966043361371686,,,,,,,,,,,,,,,,,,2.422,,
2014-09-23,,,,2.5271844217474726,,,,,2.2583897347647564,,,,,,,,,,,,,,,,,,2.41,,
2014-09-24,,,,2.538786687456664,,,,,2.269574496142048,,,,,,,,,,,,,,,,,,2.416,,
2014-09-25,,,,2.5472246988815304,,,,,2.330158620269043,,,,,,,,,,,,,,,,,,2.409,,
2014-09-26,,,,2.54089619031288,,,,,2.310585287858783,,,,,,,,,,,,,,,,,,2.418,,
2014-09-29,,,,2.5482794503096384,,,,,2.310585287858783,,,,,,,,,,,,,,,,,,2.425,,
2014-09-30,,,,2.567264976015588,,,,,2.320837985787967,,,,,,,,,,,,,,,,,,2.424,,
2014-10-08,,,,2.5503889531658555,,,,,2.328294493372828,,,,,,,,,,,,,,,,,,2.418,,
2014-10-09,,,,2.5556627103063967,,,,,2.3506640161274106,,,,,,,,,,,,,,,,,,2.429,,
2014-10-10,,,,2.564100721731263,,,,,2.3357510009576887,,,,,,,,,,,,,,,,,,2.433,,
2014-10-13,,,,2.5546079588782886,,,,,2.3264303664766124,,,,,,,,,,,,,,,,,,2.436,,
2014-10-14,,,,2.5662102245874796,,,,,2.3217700492360747,,,,,,,,,,,,,,,,,,2.443,,
2014-10-15,,,,2.565155473159371,,,,,2.3143135416512135,,,,,,,,,,,,,,,,,,2.44,,
2014-10-16,,,,2.573593484584238,,,,,2.319905922339859,,,,,,,,,,,,,,,,,,2.442,,
2014-10-17,,,,2.5662102245874796,,,,,2.3217700492360747,,,,,,,,,,,,,,,,,,2.449,,
2014-10-20,,,,2.5567174617345048,,,,,2.3161776685474287,,,,,,,,,,,,,,,,,,2.449,,
2014-10-21,,,,2.563045970303155,,,,,2.3217700492360747,,,,,,,,,,,,,,,,,,2.453,,
2014-10-22,,,,2.558826964590722,,,,,2.306857034066353,,,,,,,,,,,,,,,,,,2.461,,
2014-10-23,,,,2.5546079588782886,,,,,2.2928760823447383,,,,,,,,,,,,,,,,,,2.454,,
2014-10-24,,,,2.3215078932663555,,,,,2.2705065595901557,,,,,,,,,,,,,,,,,,2.435,,
2014-10-27,,,,2.536677184600447,,,,,2.2583897347647564,,,,,,,,,,,,,,,,,,2.435,,
2014-10-28,,,,2.5314034274599058,,,,,2.2509332271798956,,,,,,,,,,,,,,,,,,2.425,,
2014-10-29,,,,2.541950941740989,,,,,2.2956722726890613,,,,,,,,,,,,,,,,,,2.423,,
2014-10-30,,,,2.5282391731755807,,,,,2.319905922339859,,,,,,,,,,,,,,,,,,2.417,,
2014-10-31,,,,2.51030839889774,,,,,2.340411318198227,,,,,,,,,,,,,,,,,,2.388,,
2014-11-03,,,,2.471282596057733,,,,,2.381422109914962,,,,,,,,,,,,,,,,,,2.315,,
2014-11-04,,,,2.4364757989301595,,,,,2.3702373485376707,,,,,,,,,,,,,,,,,,2.316,,
2014-11-05,,,,2.4312020417896183,,,,,2.3804900464668544,,,,,,,,,,,,,,,,,,2.312,,
2014-11-06,,,,2.3869024818090696,,,,,2.373965602330101,,,,,,,,,,,,,,,,,,2.265,,
2014-11-07,,,,2.356314690393929,,,,,2.373033538881993,,,,,,,,,,,,,,,,,,2.251,,
2014-11-10,,,,2.4048332560869103,,,,,2.377693856122532,,,,,,,,,,,,,,,,,,2.309,,
2014-11-11,,,,2.396395244662044,,,,,2.4373459168014193,,,,,,,,,,,,,,,,,,2.289,,
2014-11-12,,,,2.3911214875215028,,,,,2.4149763940468363,,,,,,,,,,,,,,,,,,2.285,,
2014-11-13,,,,2.4122165160836686,,,,,2.4522589319711408,,,,,,,,,,,,,,,,,,2.294,,
2014-11-14,,,,2.4153807703679937,,,,,2.4326855995608807,,,,,,,,,,,,,,,,,,2.292,,
2014-11-17,,,,2.4428043074988093,,,,,2.4699681374851856,,,,,,,,,,,,,,,,,,2.325,,
2014-11-18,,,,2.4512423189236756,,,,,2.430821472664666,,,,,,,,,,,,,,,,,,2.331,,
2014-11-19,,,,2.4565160760642173,,,,,2.404723696117653,,,,,,,,,,,,,,,,,,2.35,,
2014-11-20,,,,2.4649540874890836,,,,,2.3916748078441454,,,,,,,,,,,,,,,,,,2.32,,
2014-11-21,,,,2.459680330348542,,,,,2.4019275057733296,,,,,,,,,,,,,,,,,,2.341,,
2014-11-24,,,,2.4628445846328666,,,,,2.4699681374851856,,,,,,,,,,,,,,,,,,2.352,,
2014-11-25,,,,2.459680330348542,,,,,2.513775119546244,,,,,,,,,,,,,,,,,,2.359,,
2014-11-26,,,,2.471282596057733,,,,,2.547329403678118,,,,,,,,,,,,,,,,,,2.365,,
2014-11-27,,,,2.478665856054491,,,,,2.579019560913777,,,,,,,,,,,,,,,,,,2.365,,
2014-11-28,,,,2.469173093201517,,,,,2.5864760684986376,,,,,,,,,,,,,,,,,,2.358,,
2014-12-01,,,,2.457570827492326,,,,,2.6647693981396774,,,,,,,,,,,,,,,,,,2.305,,
2014-12-02,,,,2.457570827492326,,,,,2.6563808271067093,,,,,,,,,,,,,,,,,,2.36,,
2014-12-03,,,,2.5261296703193645,,,,,2.771956694672054,,,,,,,,,,,,,,,,,,2.384,,
2014-12-04,,,,2.577812490296671,,,,,2.8232201843179725,,,,,,,,,,,,,,,,,,2.392,,
2014-12-05,,,,2.533512930316123,,,,,2.973282399463298,,,,,,,,,,,,,,,,,,2.392,,
2014-12-08,,,,2.51030839889774,,,,,2.9220189098173797,,,,,,,,,,,,,,,,,,2.386,,
2014-12-09,,,,2.4797206074825997,,,,,3.03945890427894,,,,,,,,,,,,,,,,,,2.381,,
2014-12-10,,,,2.598907518858837,,,,,2.9788747801519446,,,,,,,,,,,,,,,,,,2.445,,
2014-12-11,,,,2.564100721731263,,,,,2.982603033944375,,,,,,,,,,,,,,,,,,2.462,,
2014-12-12,,,,2.5577722131626133,,,,,3.0059046201470654,,,,,,,,,,,,,,,,,,2.439,,
2014-12-15,,,,2.5619912188750464,,,,,2.999380176010312,,,,,,,,,,,,,,,,,,2.43,,
2014-12-16,,,,2.541950941740989,,,,,3.032002396694079,,,,,,,,,,,,,,,,,,2.408,,
2014-12-17,,,,2.514527404610173,,,,,3.116820170471872,,,,,,,,,,,,,,,,,,2.393,,
2014-12-18,,,,2.5303486760317977,,,,,3.1596950890848223,,,,,,,,,,,,,,,,,,2.401,,
2014-12-19,,,,2.534567681744231,,,,,3.1568988987404993,,,,,,,,,,,,,,,,,,2.407,,
2014-12-22,,,,2.515582156038281,,,,,3.2007058808015576,,,,,,,,,,,,,,,,,,2.413,,
2014-12-23,,,,2.5219106646069314,,,,,3.155034771844284,,,,,,,,,,,,,,,,,,2.394,,
2014-12-24,,,,2.483939613195033,,,,,3.1140239801275493,,,,,,,,,,,,,,,,,,2.381,,
2014-12-25,,,,2.47339209891395,,,,,3.045983348415693,,,,,,,,,,,,,,,,,,2.374,,
2014-12-26,,,,2.4871038674793575,,,,,3.1391896932264545,,,,,,,,,,,,,,,,,,2.37,,
2014-12-29,,,,2.5198011617507143,,,,,3.3274665097441933,,,,,,,,,,,,,,,,,,2.4,,
2014-12-30,,,,2.509253647469632,,,,,3.246376989758831,,,,,,,,,,,,,,,,,,2.391,,
2014-12-31,,,,2.5303486760317977,,,,,3.2510373069993688,,,,,,,,,,,,,,,,,,2.411,,
2015-01-05,,,,2.51030839889774,,,,,3.3591566669798527,,,,,,,,,,,,,,,,,,2.413,,
2015-01-06,,,,2.539841438884772,,,,,3.4160125373144172,,,,,,,,,,,,,,,,,,2.416,,
2015-01-07,,,,2.558826964590722,,,,,3.397371268352265,,,,,,,,,,,,,,,,,,2.442,,
2015-01-08,,,,2.5757029874404545,2.412,,,,3.4225369814511706,,,,,,,,,,,,,,,,,,2.445,,
2015-01-09,,,,2.5546079588782886,2.417,,,,3.3293306366404085,,,,,,,,,,,,,,,,,,2.431,,
2015-01-12,,,,2.5503889531658555,2.45,,,,3.3153496849187944,,,,,,,,,,,,,,,,,,2.456,,
2015-01-13,,,,2.592579010290187,2.437,,,,3.30136873319718,,,,,,,,,,,,,,,,,,2.472,,
2015-01-14,,,,2.593633761718295,2.439,,,,3.304164923541503,,,,,,,,,,,,,,,,,,2.472,,
2015-01-15,,,,2.6115645359961364,2.431,,,,3.2901839718198884,,,,,,,,,,,,,,,,,,2.46,,
2015-01-16,,,,2.6157835417085695,2.529,,,,3.39550714145605,,,,,,,,,,,,,,,,,,2.506,,
2015-01-19,,,,2.6843423845356087,2.492,,,,3.233328101485324,,,,,,,,,,,,,,,,,,2.549,,
2015-01-20,,,,2.7202039330912906,2.57,,,,3.085130013236213,,,,,,,,,,,,,,,,,,2.6,,
2015-01-21,,,,2.7370799559410237,2.59,,,,3.163423342877253,,,,,,,,,,,,,,,,,,2.598,,
2015-01-22,,,,2.7592297359312976,2.58,,,,3.302300796645288,,,,,,,,,,,,,,,,,,2.599,,
2015-01-23,,,,2.7634487416437308,2.562,,,,3.325602382847978,,,,,,,,,,,,,,,,,,2.597,,
2015-01-26,,,,2.7275871930880484,2.555,,,,3.3367871442252697,,,,,,,,,,,,,,,,,,2.609,,
2015-01-27,,,,2.710711170238316,2.553,,,,3.357292540083637,,,,,,,,,,,,,,,,,,2.59,,
2015-01-28,,,,2.707546915953991,2.522,,,,3.2911160352679967,,,,,,,,,,,,,,,,,,2.605,,
2015-01-29,,,,2.710711170238316,2.55,,,,3.2202792132118176,,,,,,,,,,,,,,,,,,2.59,,
2015-01-30,,,,2.6875066388199333,2.513,,,,3.2473090532069384,,,,,,,,,,,,,,,,,,2.563,,
2015-02-02,,,,2.6843423845356087,2.529,,,,3.1317331856415938,,,,,,,,,,,,,,,,,,2.58,,
2015-02-03,,,,2.6959446502447997,2.52,,,,3.153170644948069,,,,,,,,,,,,,,,,,,2.575,,
2015-02-04,,,,2.668521113113984,2.502,,,,3.205366198042096,,,,,,,,,,,,,,,,,,2.559,,
2015-02-05,,,,2.6759043731107424,2.541,,,,3.23892048217397,,,,,,,,,,,,,,,,,,2.563,,
2015-02-06,,,,2.722313435947507,2.502,,,,3.116820170471872,,,,,,,,,,,,,,,,,,2.56,,
2015-02-09,,,,2.6157835417085695,2.47,,,,3.070216998066491,,,,,,,,,,,,,,,,,,2.539,,
2015-02-10,,,,2.6368785702707354,2.463,,,,3.1093636628870107,,,,,,,,,,,,,,,,,,2.504,,
2015-02-11,,,,2.6421523274112766,2.44,,,,3.171811913910221,,,,,,,,,,,,,,,,,,2.506,,
2015-02-12,,,,2.6157835417085695,2.425,,,,3.1885890559761583,,,,,,,,,,,,,,,,,,2.493,,
2015-02-13,,,,2.595743264574512,2.439,,,,3.209094451834526,,,,,,,,,,,,,,,,,,2.479,,
2015-02-16,,,,2.613674038852353,2.425,,,,3.221211276659925,,,,,,,,,,,,,,,,,,2.499,,
2015-02-17,,,,2.6421523274112766,2.488,,,,3.2631541318247677,,,,,,,,,,,,,,,,,,2.498,,
2015-02-25,,,,2.6126192874242444,2.488,,,,3.2752709566501665,,,,,,,,,,,,,,,,,,2.48,,
2015-02-26,,,,2.588360004577754,2.415,,,,3.2249395304523554,,,,,,,,,,,,,,,,,,2.462,,
2015-02-27,,,,2.584140998865321,2.417,,,,3.321874129055548,,,,,,,,,,,,,,,,,,2.467,,
2015-03-02,,,,2.595743264574512,2.479,,,,3.3395833345695927,,,,,,,,,,,,,,,,,,2.472,,
2015-03-03,,,,2.604181275999378,2.49,,,,3.3209420656074404,,,,,,,,,,,,,,,,,,2.474,,
2015-03-04,,,,2.5757029874404545,2.436,,,,3.2631541318247677,,,,,,,,,,,,,,,,,,2.468,,
2015-03-05,,,,2.5757029874404545,2.452,,,,3.2594258780323373,,,,,,,,,,,,,,,,,,2.457,,
2015-03-06,,,,2.563045970303155,2.404,,,,3.248241116655046,,,,,,,,,,,,,,,,,,2.445,,
2015-03-09,,,,2.509253647469632,2.342,,,,3.1988417539053424,,,,,,,,,,,,,,,,,,2.384,,
2015-03-10,,,,2.5060893931853068,2.44,,,,3.28179540078692,,,,,,,,,,,,,,,,,,2.382,,
2015-03-11,,,,2.4765563531982746,2.477,,,,3.271542702857736,,,,,,,,,,,,,,,,,,2.368,,
2015-03-12,,,,2.474446850342058,2.399,,,,3.2976404794047496,,,,,,,,,,,,,,,,,,2.36,,
2015-03-13,,,,2.478665856054491,2.359,,,,3.342379524913915,,,,,,,,,,,,,,,,,,2.368,,
2015-03-16,,,,2.478665856054491,2.343,,,,3.3740696821495746,,,,,,,,,,,,,,,,,,2.357,,
2015-03-17,,,,2.502925138900982,2.338,,,,3.4626157097197976,,,,,,,,,,,,,,,,,,2.364,,
2015-03-18,,,,2.4860491160512495,2.345,,,,3.4877814228187036,,,,,,,,,,,,,,,,,,2.353,,
2015-03-19,,,,2.498706133188549,2.377,,,,3.556754117978667,,,,,,,,,,,,,,,,,,2.37,,
2015-03-20,,,,2.488158618907466,2.38,,,,3.564210625563528,,,,,,,,,,,,,,,,,,2.365,,
2015-03-23,,,,2.4976513817604404,2.363,,,,3.641571891756461,,,,,,,,,,,,,,,,,,2.369,,
2015-03-24,,,,2.4965966303323324,2.377,,,,3.682582683473196,,,,,,,,,,,,,,,,,,2.38,,
2015-03-25,,,,2.50397989032909,2.382,,,,3.6592810972705054,,,,,,,,,,,,,,,,,,2.383,,
2015-03-26,,,,2.5060893931853068,2.378,,,,3.635047447619707,,,,,,,,,,,,,,,,,,2.389,,
2015-03-27,,,,2.532458178888014,2.399,,,,3.660213160718613,,,,,,,,,,,,,,,,,,2.404,,
2015-03-30,,,,2.532458178888014,2.386,,,,3.71240871381264,,,,,,,,,,,,,,,,,,2.398,,
2015-03-31,,,,2.502925138900982,2.35,,,,3.85315029447689,,,,,,,,,,,,,,,,,,2.369,,
2015-04-01,,,,2.492377624619899,2.348,,,,3.760876013114235,,,,,,,,,,,,,,,,,,2.366,,
2015-04-02,,,,2.512417901753957,2.388,,,,3.846625850340136,,,,,,,,,,,,,,,,,,2.391,,
2015-04-03,,,,2.5250749188912565,2.367,,,,3.805615058623401,,,,,,,,,,,,,,,,,,2.382,,
2015-04-07,,,,2.5292939246036896,2.382,,,,3.898821403434163,,,,,,,,,,,,,,,,,,2.406,,
2015-04-08,,,,2.5461699474534223,2.401,,,,3.951949019976297,,,,,,,,,,,,,,,,,,2.401,,
2015-04-09,,,,2.539841438884772,2.381,,,,3.991095684796817,,,,,,,,,,,,,,,,,,2.396,,
2015-04-10,,,,2.513472653182065,2.381,,,,3.945424575839543,,,,,,,,,,,,,,,,,,2.381,,
2015-04-13,,,,2.522965416035039,2.367,,,,4.061000443404889,,,,,,,,,,,,,,,,,,2.393,,
2015-04-14,,,,2.533512930316123,2.398,,,,4.096418854432978,,,,,,,,,,,,,,,,,,2.39,,
2015-04-15,,,,2.51030839889774,2.341,,,,4.106671552362161,,,,,,,,,,,,,,,,,,2.373,,
2015-04-16,,,,2.51030839889774,2.39,,,,4.072185204782179,,,,,,,,,,,,,,,,,,2.383,,
2015-04-17,,,,2.5208559131788233,2.365,,,,4.222247419927506,,,,,,,,,,,,,,,,,,2.38,,
2015-04-20,,,,2.5198011617507143,2.389,,,,4.278171226813963,,,,,,,,,,,,,,,,,,2.393,,
2015-04-21,,,,2.5208559131788233,2.372,,,,4.1877610723475245,,,,,,,,,,,,,,,,,,2.408,,
2015-04-22,,,,2.5271844217474726,2.386,,,,4.287491861295039,,,,,,,,,,,,,,,,,,2.401,,
2015-04-23,,,,2.5250749188912565,2.384,,,,4.4151845536857826,,,,,,,,,,,,,,,,,,2.392,,
2015-04-24,,,,2.511363150325848,2.388,,,,4.3527363026625725,,,,,,,,,,,,,,,,,,2.393,,
2015-04-27,,,,2.502925138900982,2.371,,,,4.4151845536857826,,,,,,,,,,,,,,,,,,2.369,,
2015-04-28,,,,2.5198011617507143,2.37,,,,4.445010584025226,,,,,,,,,,,,,,,,,,2.396,,
2015-04-29,,,,2.532458178888014,2.399,,,,4.402135665412276,,,,,,,,,,,,,,,,,,2.405,,
2015-04-30,,,,2.54089619031288,2.41,,,,4.436622012992258,,,,,,,,,,,,,,,,,,2.409,,
2015-05-04,,,,2.495541878904224,2.371,,,,4.417048680581998,,,,,,,,,,,,,,,,,,2.381,,
2015-05-05,,,,2.5198011617507143,2.389,,,,4.436622012992258,,,,,,,,,,,,,,,,,,2.389,,
2015-05-06,,,,2.5018703874728736,2.38,,,,4.278171226813963,,,,,,,,,,,,,,,,,,2.387,,
2015-05-07,,,,2.4976513817604404,2.365,,,,4.2045382144134615,,,,,,,,,,,,,,,,,,2.38,,
2015-05-08,,,,2.4871038674793575,2.333,,,,4.184964882003201,,,,,,,,,,,,,,,,,,2.359,,
2015-05-11,,,,2.494487127476116,2.361,,,,4.240888688889658,,,,,,,,,,,,,,,,,,2.37,,
2015-05-12,,,,2.4976513817604404,2.352,,,,4.356464556455003,,,,,,,,,,,,,,,,,,2.374,,
2015-05-13,,,,2.5060893931853068,2.37,,,,4.413320426789568,,,,,,,,,,,,,,,,,,2.383,,
2015-05-14,,,,2.5271844217474726,2.385,,,,4.367649317832294,,,,,,,,,,,,,,,,,,2.41,,
2015-05-15,,,,2.5451151960253138,2.392,,,,4.350872175766357,,,,,,,,,,,,,,,,,,2.422,,
2015-05-18,,,,2.55355320745018,2.397,,,,4.262326148196134,,,,,,,,,,,,,,,,,,2.424,,
2015-05-19,,,,2.578867241724779,2.44,,,,4.2446169426820894,,,,,,,,,,,,,,,,,,2.452,,
2015-05-20,,,,2.5314034274599058,2.426,,,,4.4151845536857826,,,,,,,,,,,,,,,,,,2.4,,
2015-05-21,,,,2.536677184600447,2.38,,,,4.422641061270644,,,,,,,,,,,,,,,,,,2.408,,
2015-05-22,,,,2.5314034274599058,2.397,,,,4.534488675043558,,,,,,,,,,,,,,,,,,2.404,,
2015-05-25,,,,2.5440604445972053,2.387,,,,4.593208672274337,,,,,,,,,,,,,,,,,,2.411,,
2015-05-26,,,,2.539841438884772,2.5,,,,4.753523585348847,,,,,,,,,,,,,,,,,,2.418,,
2015-05-27,,,,2.515582156038281,2.405,,,,4.832748978437995,,,,,,,,,,,,,,,,,,2.401,,
2015-05-28,,,,2.51030839889774,2.376,,,,4.808515328787197,,,,,,,,,,,,,,,,,,2.39,,
2015-05-29,,,,2.51030839889774,2.378,,,,4.501866454359791,,,,,,,,,,,,,,,,,,2.389,,
2015-06-01,,,,2.50397989032909,2.355,,,,4.490681692982499,,,,,,,,,,,,,,,,,,2.383,,
2015-06-02,,,,2.502925138900982,2.352,,,,4.72556168190562,,,,,,,,,,,,,,,,,,2.382,,
2015-06-03,,,,2.495541878904224,2.355,,,,4.805719138442874,,,,,,,,,,,,,,,,,,2.379,,
2015-06-04,,,,2.489213370335574,2.34,,,,4.7675045370704625,,,,,,,,,,,,,,,,,,2.359,,
2015-06-05,,,,2.483939613195033,2.352,,,,4.84672993015961,,,,,,,,,,,,,,,,,,2.363,,
2015-06-08,,,,2.4871038674793575,2.348,,,,4.8420696129190715,,,,,,,,,,,,,,,,,,2.37,,
2015-06-09,,,,2.499760884616657,2.355,,,,4.953917226691986,,,,,,,,,,,,,,,,,,2.367,,
2015-06-10,,,,2.483939613195033,2.359,,,,4.878420087395268,,,,,,,,,,,,,,,,,,2.368,,
2015-06-11,,,,2.495541878904224,2.355,,,,4.900789610149851,,,,,,,,,,,,,,,,,,2.372,,
2015-06-12,,,,2.4913228731917907,2.338,,,,4.922227069456326,,,,,,,,,,,,,,,,,,2.37,,
2015-06-15,,,,2.492377624619899,2.349,,,,4.95205309979577,,,,,,,,,,,,,,,,,,2.377,,
2015-06-16,,,,2.484994364623141,2.359,,,,4.799194694306121,,,,,,,,,,,,,,,,,,2.375,,
2015-06-17,,,,2.4818301103388163,2.37,,,,4.694803588118067,,,,,,,,,,,,,,,,,,2.367,,
2015-06-18,,,,2.4797206074825997,2.352,,,,4.7339502529385875,,,,,,,,,,,,,,,,,,2.365,,
2015-06-19,,,,2.4913228731917907,2.352,,,,4.514915342633298,,,,,,,,,,,,,,,,,,2.373,,
2015-06-23,,,,2.4934323760480073,2.32,,,,4.30240487646476,,,,,,,,,,,,,,,,,,2.359,,
2015-06-24,,,,2.483939613195033,2.34,,,,4.464583916435487,,,,,,,,,,,,,,,,,,2.354,,
2015-06-25,,,,2.484994364623141,2.34,,,,4.559654388142464,,,,,,,,,,,,,,,,,,2.357,,
2015-06-26,,,,2.477611104626383,2.331,,,,4.278171226813963,,,,,,,,,,,,,,,,,,2.358,,
2015-06-29,,,,2.4681183417734083,2.33,,,,4.141157899942143,,,,,,,,,,,,,,,,,,2.354,,
2015-06-30,,,,2.480775358910708,2.322,,,,3.9053458475709166,,,,,,,,,,,,,,,,,,2.353,,
2015-07-01,,,,2.457570827492326,2.31,,,,4.1141280599470225,,,,,,,,,,,,,,,,,,2.343,,
2015-07-02,,,,2.453351821779892,2.305,,,,3.989231557900602,,,,,,,,,,,,,,,,,,2.331,,
2015-07-03,,,,2.445968561783134,2.28,,,,3.828916644826091,,,,,,,,,,,,,,,,,,2.33,,
2015-07-06,,,,2.4628445846328666,2.288,,,,4.015329334447615,,,,,,,,,,,,,,,,,,2.315,,
2015-07-07,,,,2.4512423189236756,2.306,,,,3.653688716581859,,,,,,,,,,,,,,,,,,2.326,,
2015-07-08,,,,2.3415481704004133,2.26,,,,3.308825240782041,,,,,,,,,,,,,,,,,,2.296,,
2015-07-09,,,,2.3415481704004133,2.18,,,,3.187656992528051,,,,,,,,,,,,,,,,,,2.236,,
2015-07-10,,,,2.3837382275247445,2.223,,,,3.663009351062936,,,,,,,,,,,,,,,,,,2.298,,
2015-07-13,,,,2.4343662960739425,2.296,,,,3.868063309646612,,,,,,,,,,,,,,,,,,2.301,,
2015-07-14,,,,2.4333115446458344,2.225,,,,3.882044261368226,,,,,,,,,,,,,,,,,,2.308,,
2015-07-15,,,,2.424873533220968,2.276,,,,3.8140036296563697,,,,,,,,,,,,,,,,,,2.305,,
2015-07-16,,,,2.4132712675117767,2.28,,,,3.663009351062936,,,,,,,,,,,,,,,,,,2.299,,
2015-07-17,,,,2.4111617646555605,2.28,,,,3.7934982337980023,,,,,,,,,,,,,,,,,,2.299,,
2015-07-20,,,,2.3879572332371777,2.26,,,,3.898821403434163,,,,,,,,,,,,,,,,,,2.288,,
2015-07-21,,,,2.354205187537713,2.21,,,,3.85315029447689,,,,,,,,,,,,,,,,,,2.233,,
2015-07-22,,,,2.33732916468798,2.221,,,,3.914666482051993,,,,,,,,,,,,,,,,,,2.221,,
2015-07-23,,,,2.310960378985272,2.218,,,,3.9137344186038847,,,,,,,,,,,,,,,,,,2.203,,
2015-07-24,,,,2.313069881841489,2.217,,,,4.009736953758969,,,,,,,,,,,,,,,,,,2.191,,
2015-07-27,,,,2.3035771189885144,2.21,,,,3.855014421373105,,,,,,,,,,,,,,,,,,2.189,,
2015-07-28,,,,2.302522367560406,2.17,,,,3.4691401538565514,,,,,,,,,,,,,,,,,,2.201,,
2015-07-29,,,,2.3035771189885144,2.173,,,,3.6173382421056623,,,,,,,,,,,,,,,,,,2.192,,
2015-07-30,,,,2.308850876129056,2.176,,,,3.681650620025088,,,,,,,,,,,,,,,,,,2.197,,
2015-07-31,,,,2.290920101851215,2.173,,,,3.580055704181358,,,,,,,,,,,,,,,,,,2.179,,
2015-08-03,,,,2.28142733899824,2.178,,,,3.5362487221202996,,,,,,,,,,,,,,,,,,2.177,,
2015-08-04,,,,2.283536841854457,2.165,,,,3.59869697314351,,,,,,,,,,,,,,,,,,2.168,,
2015-08-05,,,,2.2919748532793234,2.166,,,,3.71613696760507,,,,,,,,,,,,,,,,,,2.178,,
2015-08-06,,,,2.2824820904263485,2.163,,,,3.594036655902972,,,,,,,,,,,,,,,,,,2.177,,
2015-08-07,,,,2.2919748532793234,2.173,,,,3.6359795110678146,,,,,,,,,,,,,,,,,,2.18,,
2015-08-10,,,,2.2983033618479727,2.17,,,,3.7096125234683166,,,,,,,,,,,,,,,,,,2.19,,
2015-08-11,,,,2.3204531418382475,2.18,,,,3.8540823579249968,,,,,,,,,,,,,,,,,,2.207,,
2015-08-12,,,,2.3837382275247445,2.249,,,,3.7823134724207104,,,,,,,,,,,,,,,,,,2.278,,
2015-08-13,,,,2.4681183417734083,2.318,,,,3.7823134724207104,,,,,,,,,,,,,,,,,,2.35,,
2015-08-14,,,,2.4048332560869103,2.295,,,,3.846625850340136,,,,,,,,,,,,,,,,,,2.292,,
2015-08-17,,,,2.4132712675117767,2.277,,,,3.8028188682790782,,,,,,,,,,,,,,,,,,2.295,,
2015-08-18,,,,2.424873533220968,2.296,,,,3.8307807717223072,,,,,,,,,,,,,,,,,,2.305,,
2015-08-19,,,,2.425928284649076,2.274,,,,3.537180785568407,,,,,,,,,,,,,,,,,,2.299,,
2015-08-20,,,,2.4385853017863757,2.306,,,,3.610813797968909,,,,,,,,,,,,,,,,,,2.338,,
2015-08-21,,,,2.51663690746639,2.35,,,,3.541841102808945,,,,,,,,,,,,,,,,,,2.395,,
2015-08-24,,,,2.5198011617507143,2.421,,,,3.271542702857736,,,,,,,,,,,,,,,,,,2.391,,
2015-08-25,,,,2.5187464103226063,2.454,,,,2.8940570063741515,,,,,,,,,,,,,,,,,,2.399,,
2015-08-26,,,,2.4544065732080003,2.315,,,,2.861434785690385,,,,,,,,,,,,,,,,,,2.349,,
2015-08-27,,,,2.426983036077185,2.31,,,,2.9108341484400886,,,,,,,,,,,,,,,,,,2.321,,
2015-08-28,,,,2.4375305503582676,2.281,,,,3.054371919448662,,,,,,,,,,,,,,,,,,2.327,,
2015-08-31,,,,2.452297070351784,2.324,,,,3.094450647717289,,,,,,,,,,,,,,,,,,2.335,,
2015-09-01,,,,2.457570827492326,2.34,,,,3.0767414422032444,,,,,,,,,,,,,,,,,,2.35,,
2015-09-02,,,,2.47339209891395,2.338,,,,3.056236046344877,,,,,,,,,,,,,,,,,,2.354,,
2015-09-07,,,,2.4406948046425927,2.318,,,,3.14105382012267,,,,,,,,,,,,,,,,,,2.328,,
2015-09-08,,,,2.422764030364752,2.288,,,,3.029206206349756,,,,,,,,,,,,,,,,,,2.304,,
2015-09-09,,,,2.420654527508535,2.29,,,,3.1671515966696835,,,,,,,,,,,,,,,,,,2.307,,
2015-09-10,,,,2.394285741805828,2.268,,,,3.1662195332215757,,,,,,,,,,,,,,,,,,2.281,,
2015-09-11,,,,2.4048332560869103,2.282,,,,3.1587630256367145,,,,,,,,,,,,,,,,,,2.294,,
2015-09-14,,,,2.394285741805828,2.265,,,,3.1671515966696835,,,,,,,,,,,,,,,,,,2.287,,
2015-09-15,,,,2.3900667360933947,2.279,,,,3.0180214449724647,,,,,,,,,,,,,,,,,,2.282,,
2015-09-16,,,,2.3879572332371777,2.244,,,,2.9667579553265453,,,,,,,,,,,,,,,,,,2.272,,
2015-09-17,,,,2.421709278936643,2.297,,,,3.0786055690994596,,,,,,,,,,,,,,,,,,2.306,,
2015-09-18,,,,2.4343662960739425,2.332,,,,3.0758093787551366,,,,,,,,,,,,,,,,,,2.328,,
2015-09-21,,,,2.4417495560707008,2.31,,,,3.0301382697978636,,,,,,,,,,,,,,,,,,2.329,,
2015-09-22,,,,2.459680330348542,2.338,,,,3.1112277897832263,,,,,,,,,,,,,,,,,,2.338,,
2015-09-23,,,,2.4312020417896183,2.333,,,,3.0758093787551366,,,,,,,,,,,,,,,,,,2.319,,
2015-09-24,,,,2.453351821779892,2.319,,,,3.094450647717289,,,,,,,,,,,,,,,,,,2.333,,
2015-09-25,,,,2.484994364623141,2.345,,,,3.0786055690994596,,,,,,,,,,,,,,,,,,2.369,,
2015-09-28,,,,2.494487127476116,2.331,,,,3.0282741429016484,,,,,,,,,,,,,,,,,,2.345,,
2015-09-29,,,,2.4607350817766505,2.312,,,,3.004972556698958,,,,,,,,,,,,,,,,,,2.34,,
2015-09-30,,,,2.4122165160836686,2.291,,,,2.9937877953216665,,,,,,,,,,,,,,,,,,2.306,,
2015-10-08,,,,2.4681183417734083,2.302,,,,3.1270728684010556,,,,,,,,,,,,,,,,,,2.335,,
2015-10-09,,,,2.4544065732080003,2.316,,,,3.103771282198365,,,,,,,,,,,,,,,,,,2.34,,
2015-10-12,,,,2.4765563531982746,2.342,,,,3.150374454603746,,,,,,,,,,,,,,,,,,2.37,,
2015-10-13,,,,2.478665856054491,2.341,,,,3.246376989758831,,,,,,,,,,,,,,,,,,2.368,,
2015-10-14,,,,2.50397989032909,2.352,,,,3.241716672518293,,,,,,,,,,,,,,,,,,2.382,,
2015-10-15,,,,2.5472246988815304,2.39,,,,3.2137547690750643,,,,,,,,,,,,,,,,,,2.415,,
2015-10-16,,,,2.5250749188912565,2.385,,,,3.3181458752631174,,,,,,,,,,,,,,,,,,2.403,,
2015-10-19,,,,2.515582156038281,2.37,,,,3.352632222843099,,,,,,,,,,,,,,,,,,2.4,,
2015-10-20,,,,2.513472653182065,2.372,,,,3.343311588362023,,,,,,,,,,,,,,,,,,2.39,,
2015-10-21,,,,2.5208559131788233,2.391,,,,3.392710951111727,,,,,,,,,,,,,,,,,,2.4,,
2015-10-22,,,,2.5050346417571987,2.363,,,,3.2622220683766603,,,,,,,,,,,,,,,,,,2.382,,
2015-10-23,,,,2.4976513817604404,2.366,,,,3.3302627000885163,,,,,,,,,,,,,,,,,,2.389,,
2015-10-26,,,,2.5219106646069314,2.39,,,,3.4169446007625246,,,,,,,,,,,,,,,,,,2.393,,
2015-10-27,,,,2.51663690746639,2.372,,,,3.3861865069749735,,,,,,,,,,,,,,,,,,2.384,,
2015-10-28,,,,2.51030839889774,2.374,,,,3.376865872493897,,,,,,,,,,,,,,,,,,2.39,,
2015-10-29,,,,2.5314034274599058,2.39,,,,3.338651271121485,,,,,,,,,,,,,,,,,,2.389,,
2015-10-30,,,,2.4860491160512495,2.362,,,,3.3339909538809467,,,,,,,,,,,,,,,,,,2.359,,
2015-11-02,,,,2.4565160760642173,2.338,,,,3.3125534945744715,,,,,,,,,,,,,,,,,,2.333,,
2015-11-03,,,,2.4554613246361088,2.327,,,,3.2911160352679967,,,,,,,,,,,,,,,,,,2.335,,
2015-11-04,,,,2.4333115446458344,2.333,,,,3.2687465125134136,,,,,,,,,,,,,,,,,,2.304,,
2015-11-05,,,,2.4016690018025857,2.266,,,,3.444906504205753,,,,,,,,,,,,,,,,,,2.29,,
2015-11-06,,,,2.3932309903777194,2.265,,,,3.510150945573286,,,,,,,,,,,,,,,,,,2.28,,
2015-11-09,,,,2.370026458959337,2.274,,,,3.5884442752143264,,,,,,,,,,,,,,,,,,2.249,,
2015-11-10,,,,2.362643198962579,2.25,,,,3.5977649096954023,,,,,,,,,,,,,,,,,,2.25,,
2015-11-11,,,,2.3647527018187953,2.242,,,,3.6210664958980927,,,,,,,,,,,,,,,,,,2.249,,
2015-11-12,,,,2.363697950390687,2.24,,,,3.6210664958980927,,,,,,,,,,,,,,,,,,2.248,,
2015-11-13,,,,2.3531504361096043,2.228,,,,3.556754117978667,,,,,,,,,,,,,,,,,,2.236,,
2015-11-16,,,,2.3668622046750123,2.24,,,,3.5026944379884255,,,,,,,,,,,,,,,,,,2.25,,
2015-11-17,,,,2.3531504361096043,2.245,,,,3.581919831077573,,,,,,,,,,,,,,,,,,2.24,,
2015-11-18,,,,2.3204531418382475,2.214,,,,3.5548899910824523,,,,,,,,,,,,,,,,,,2.206,,
2015-11-19,,,,2.329945904691222,2.219,,,,3.5241318972949007,,,,,,,,,,,,,,,,,,2.219,,
2015-11-20,,,,2.342602921828522,2.219,,,,3.574463323492712,,,,,,,,,,,,,,,,,,2.231,,
2015-11-23,,,,2.334164910403655,2.223,,,,3.5604823717710974,,,,,,,,,,,,,,,,,,2.22,,
2015-11-24,,,,2.3236173961225717,2.2,,,,3.5362487221202996,,,,,,,,,,,,,,,,,,2.211,,
2015-11-25,,,,2.336274413259871,2.215,,,,3.5437052297051608,,,,,,,,,,,,,,,,,,2.223,,
2015-11-26,,,,2.33100065611933,2.213,,,,3.594036655902972,,,,,,,,,,,,,,,,,,2.213,,
2015-11-27,,,,2.333110158975547,2.203,,,,3.541841102808945,,,,,,,,,,,,,,,,,,2.216,,
2015-11-30,,,,2.28775584756689,2.161,,,,3.3694093649090364,,,,,,,,,,,,,,,,,,2.177,,
2015-12-01,,,,2.312015130413381,2.167,,,,3.3591566669798527,,,,,,,,,,,,,,,,,,2.196,,
2015-12-02,,,,2.3267816504068968,2.198,,,,3.387118570423081,,,,,,,,,,,,,,,,,,2.216,,
2015-12-03,,,,2.2898653504231063,2.16,,,,3.525996024191116,,,,,,,,,,,,,,,,,,2.175,,
2015-12-04,,,,2.305686621844731,2.186,,,,3.525996024191116,,,,,,,,,,,,,,,,,,2.198,,
2015-12-07,,,,2.3531504361096043,2.23,,,,3.4784607883376277,,,,,,,,,,,,,,,,,,2.239,,
2015-12-08,,,,2.3404934189723043,2.208,,,,3.4588874559273672,,,,,,,,,,,,,,,,,,2.225,,
2015-12-09,,,,2.344712424684738,2.213,,,,3.4290614255879235,,,,,,,,,,,,,,,,,,2.23,,
2015-12-10,,,,2.3468219275409545,2.206,,,,3.444906504205753,,,,,,,,,,,,,,,,,,2.231,,
2015-12-11,,,,2.33100065611933,2.202,,,,3.411352220073879,,,,,,,,,,,,,,,,,,2.221,,
2015-12-14,,,,2.3457671761128465,2.23,,,,3.391778887663619,,,,,,,,,,,,,,,,,,2.236,,
2015-12-15,,,,2.342602921828522,2.205,,,,3.513879199365717,,,,,,,,,,,,,,,,,,2.226,,
2015-12-16,,,,2.33100065611933,2.23,,,,3.496169993851672,,,,,,,,,,,,,,,,,,2.222,,
2015-12-17,,,,2.3415481704004133,2.229,,,,3.503626501436533,,,,,,,,,,,,,,,,,,2.24,,
2015-12-18,,,,2.302522367560406,2.211,,,,3.5492976103938063,,,,,,,,,,,,,,,,,,2.206,,
2015-12-21,,,,2.3415481704004133,2.202,,,,3.5511617372900215,,,,,,,,,,,,,,,,,,2.232,,
2015-12-22,,,,2.3647527018187953,2.235,,,,3.66114522416672,,,,,,,,,,,,,,,,,,2.25,,
2015-12-23,,,,2.3615884475344706,2.235,,,,3.66114522416672,,,,,,,,,,,,,,,,,,2.242,,
2015-12-24,,,,2.359478944678254,2.23,,,,3.649960462789429,,,,,,,,,,,,,,,,,,2.242,,
2015-12-25,,,,2.362643198962579,2.321,,,,3.6210664958980927,,,,,,,,,,,,,,,,,,2.247,,
2015-12-28,,,,2.362643198962579,2.245,,,,3.620134432449986,,,,,,,,,,,,,,,,,,2.248,,
2015-12-29,,,,2.356314690393929,2.238,,,,3.5148112628138244,,,,,,,,,,,,,,,,,,2.24,,
2015-12-30,,,,2.3615884475344706,2.227,,,,3.5539579276343445,,,,,,,,,,,,,,,,,,2.245,,
2015-12-31,,,,2.352095684681496,2.22,,,,3.542773166257053,,,,,,,,,,,,,,,,,,2.236,,
2016-01-04,,,,2.344712424684738,2.218,,,,3.5194715800543626,,,,,,,,,,,,,,,,,,2.235,,
2016-01-05,,,,2.3647527018187953,2.25,,,,3.2314639745891087,,,,,,,,,,,,,,,,,,2.257,,
2016-01-06,,,,2.3837382275247445,2.261,,,,3.2855236545793507,,,,,,,,,,,,,,,,,,2.262,,
2016-01-07,,,,2.4312020417896183,2.303,,,,3.2985725428528574,,,,,,,,,,,,,,,,,,2.308,,
2016-01-08,,,,2.457570827492326,2.32,,,,3.248241116655046,,,,,,,,,,,,,,,,,,2.343,,
2016-01-11,,,,2.4628445846328666,2.333,,,,3.1177522339199797,,,,,,,,,,,,,,,,,,2.345,,
2016-01-12,,,,2.4354210475020515,2.34,,,,3.0385268408308317,,,,,,,,,,,,,,,,,,2.319,,
2016-01-13,,,,2.424873533220968,2.265,,,,3.0599643001373074,,,,,,,,,,,,,,,,,,2.299,,
2016-01-14,,,,2.4428043074988093,2.29,,,,2.9220189098173797,,,,,,,,,,,,,,,,,,2.308,,
2016-01-15,,,,2.419599776080427,2.281,,,,3.024545889109218,,,,,,,,,,,,,,,,,,2.294,,
2016-01-18,,,,2.4417495560707008,2.306,,,,2.916426529128734,,,,,,,,,,,,,,,,,,2.316,,
2016-01-19,,,,2.420654527508535,2.281,,,,2.9546411305011464,,,,,,,,,,,,,,,,,,2.303,,
2016-01-20,,,,2.4322567932177264,2.305,,,,2.982603033944375,,,,,,,,,,,,,,,,,,2.313,,
2016-01-21,,,,2.4617898332047585,2.355,,,,2.9248151001617027,,,,,,,,,,,,,,,,,,2.334,,
2016-01-22,,,,2.4470233132112424,2.34,,,,2.900581450510905,,,,,,,,,,,,,,,,,,2.331,,
2016-01-25,,,,2.449132816067459,2.316,,,,2.9229509732654875,,,,,,,,,,,,,,,,,,2.332,,
2016-01-26,,,,2.469173093201517,2.345,,,,2.866095102930923,,,,,,,,,,,,,,,,,,2.35,,
2016-01-27,,,,2.51030839889774,2.4,,,,2.749587171917471,,,,,,,,,,,,,,,,,,2.38,,
2016-01-28,,,,2.494487127476116,2.351,,,,2.7020519360639823,,,,,,,,,,,,,,,,,,2.375,,
2016-01-29,,,,2.474446850342058,2.347,,,,2.6563808271067093,,,,,,,,,,,,,,,,,,2.357,,
2016-02-01,,,,2.4828848617669244,2.346,,,,2.729081776059103,,,,,,,,,,,,,,,,,,2.367,,
2016-02-02,,,,2.515582156038281,2.378,,,,2.695527491927229,,,,,,,,,,,,,,,,,,2.398,,
2016-02-03,,,,2.5060893931853068,2.386,,,,2.7309459029553187,,,,,,,,,,,,,,,,,,2.388,,
2016-02-04,,,,2.5524984560220716,2.395,,,,2.754247489158009,,,,,,,,,,,,,,,,,,2.415,,
2016-02-05,,,,2.567264976015588,2.44,,,,2.780345265705022,,,,,,,,,,,,,,,,,,2.449,,
2016-02-15,,,,2.792981781630763,2.59,,,,2.7020519360639823,,,,,,,,,,,,,,,,,,2.598,,
2016-02-16,,,,2.6368785702707354,2.55,,,,2.7505192353655783,,,,,,,,,,,,,,,,,,2.517,,
2016-02-17,,,,2.6337143159864103,2.493,,,,2.817627803629327,,,,,,,,,,,,,,,,,,2.512,,
2016-02-18,,,,2.6611378531172263,2.532,,,,2.866095102930923,,,,,,,,,,,,,,,,,,2.528,,
2016-02-19,,,,2.6875066388199333,2.557,,,,2.8399973263839096,,,,,,,,,,,,,,,,,,2.561,,
2016-02-22,,,,2.701218407385342,2.553,,,,2.878211927756322,,,,,,,,,,,,,,,,,,2.574,,
2016-02-23,,,,2.6801233788231755,2.526,,,,2.8912608160298285,,,,,,,,,,,,,,,,,,2.549,,
2016-02-24,,,,2.696999401672908,2.575,,,,2.8632989125866,,,,,,,,,,,,,,,,,,2.572,,
2016-02-25,,,,2.7233681873756153,2.581,,,,2.887532562237398,,,,,,,,,,,,,,,,,,2.595,,
2016-02-26,,,,2.743408464509673,2.594,,,,2.727217649162888,,,,,,,,,,,,,,,,,,2.608,,
2016-02-29,,,,2.7275871930880484,2.589,,,,2.7225573319223497,,,,,,,,,,,,,,,,,,2.591,,
2016-03-01,,,,2.747627470222106,2.659,,,,2.675954159516969,,,,,,,,,,,,,,,,,,2.62,,
2016-03-02,,,,2.7265324416599404,2.587,,,,2.7225573319223497,,,,,,,,,,,,,,,,,,2.593,,
2016-03-03,,,,2.7339157016566986,2.591,,,,2.840929389832018,,,,,,,,,,,,,,,,,,2.601,,
2016-03-04,,,,2.7739962559248137,2.635,,,,2.833472882247156,,,,,,,,,,,,,,,,,,2.645,,
2016-03-07,,,,2.786653273062113,2.647,,,,2.8819401815487526,,,,,,,,,,,,,,,,,,2.66,,
2016-03-08,,,,2.789817527346438,2.646,,,,2.8763478008601067,,,,,,,,,,,,,,,,,,2.655,,
2016-03-09,,,,2.771886753068597,2.638,,,,2.836269072591479,,,,,,,,,,,,,,,,,,2.633,,
2016-03-10,,,,2.7571202330750806,2.615,,,,2.8353370091433714,,,,,,,,,,,,,,,,,,2.621,,
2016-03-11,,,,2.8098578044804956,2.669,,,,2.777549075360699,,,,,,,,,,,,,,,,,,2.673,,
2016-03-14,,,,2.7539559787907564,2.626,,,,2.8213560574217573,,,,,,,,,,,,,,,,,,2.622,,
2016-03-15,,,,2.7202039330912906,2.57,,,,2.8502500243130933,,,,,,,,,,,,,,,,,,2.584,,
2016-03-16,,,,2.7022731588134494,2.569,,,,2.834404945695264,,,,,,,,,,,,,,,,,,2.575,,
2016-03-17,,,,2.7634487416437308,2.628,,,,2.8688912932752455,,,,,,,,,,,,,,,,,,2.625,,
2016-03-18,,,,2.766612995928056,2.65,,,,2.912698275336304,,,,,,,,,,,,,,,,,,2.625,,
2016-03-21,,,,2.74551796736589,2.6,,,,2.9742144629114065,,,,,,,,,,,,,,,,,,2.599,,
2016-03-22,,,,2.722313435947507,2.58,,,,2.999380176010312,,,,,,,,,,,,,,,,,,2.578,,
2016-03-23,,,,2.741298961653457,2.6,,,,2.9947198587697743,,,,,,,,,,,,,,,,,,2.592,,
2016-03-24,,,,2.668521113113984,2.553,,,,2.983535097392483,,,,,,,,,,,,,,,,,,2.533,,
2016-03-25,,,,2.6801233788231755,2.544,,,,2.9583693842935768,,,,,,,,,,,,,,,,,,2.538,,
2016-03-28,,,,2.679068627395067,2.532,,,,2.9798068436000524,,,,,,,,,,,,,,,,,,2.539,,
2016-03-29,,,,2.6801233788231755,2.54,,,,2.943456369123855,,,,,,,,,,,,,,,,,,2.544,,
2016-03-30,,,,2.710711170238316,2.573,,,,2.935067798090887,,,,,,,,,,,,,,,,,,2.58,,
2016-03-31,,,,2.6801233788231755,2.555,,,,3.0059046201470654,,,,,,,,,,,,,,,,,,2.548,,
2016-04-01,,,,2.6959446502447997,2.55,,,,2.982603033944375,,,,,,,,,,,,,,,,,,2.553,,
2016-04-05,,,,2.6980541531010163,2.569,,,,2.986331287736806,,,,,,,,,,,,,,,,,,2.548,,
2016-04-06,,,,2.6948898988166916,2.558,,,,3.017089381524357,,,,,,,,,,,,,,,,,,2.558,,
2016-04-07,,,,2.6875066388199333,2.548,,,,3.032002396694079,,,,,,,,,,,,,,,,,,2.548,,
2016-04-08,,,,2.7022731588134494,2.566,,,,2.9639617649822227,,,,,,,,,,,,,,,,,,2.566,,
2016-04-11,,,,2.7275871930880484,2.583,,,,2.985399224288698,,,,,,,,,,,,,,,,,,2.592,,
2016-04-12,,,,2.743408464509673,2.608,,,,2.9947198587697743,,,,,,,,,,,,,,,,,,2.6,,
2016-04-13,,,,2.74551796736589,2.601,,,,3.006836683595173,,,,,,,,,,,,,,,,,,2.601,,
2016-04-14,,,,2.719149181663182,2.572,,,,3.0403909677270473,,,,,,,,,,,,,,,,,,2.564,,
2016-04-15,,,,2.696999401672908,2.561,,,,3.045983348415693,,,,,,,,,,,,,,,,,,2.553,,
2016-04-18,,,,2.7096564188102077,2.6,,,,3.021749698764895,,,,,,,,,,,,,,,,,,2.57,,
2016-04-19,,,,2.700163655957233,2.56,,,,3.009632873939496,,,,,,,,,,,,,,,,,,2.559,,
2016-04-20,,,,2.742353713081565,2.602,,,,3.0152252546281417,,,,,,,,,,,,,,,,,,2.602,,
2016-04-21,,,,2.7318061988004816,2.597,,,,2.933203671194671,,,,,,,,,,,,,,,,,,2.595,,
2016-04-22,,,,2.746572718793998,2.602,,,,2.9276112905060256,,,,,,,,,,,,,,,,,,2.599,,
2016-04-25,,,,2.710711170238316,2.578,,,,2.948116686364393,,,,,,,,,,,,,,,,,,2.571,,
2016-04-26,,,,2.721258684519399,2.587,,,,2.938796051883317,,,,,,,,,,,,,,,,,,2.59,,
2016-04-27,,,,2.7296966959442654,2.598,,,,2.9574373208454694,,,,,,,,,,,,,,,,,,2.595,,
2016-04-28,,,,2.722313435947507,2.593,,,,2.9443884325719627,,,,,,,,,,,,,,,,,,2.588,,
2016-04-29,,,,2.7739962559248137,2.639,,,,2.934135734642779,,,,,,,,,,,,,,,,,,2.634,,
2016-05-03,,,,2.836226590183203,2.692,,,,2.9425243056757475,,,,,,,,,,,,,,,,,,2.7,,
2016-05-04,,,,2.8235695730459036,2.685,,,,2.98073890704816,,,,,,,,,,,,,,,,,,2.68,,
2016-05-05,,,,2.8151315616210373,2.674,,,,2.9798068436000524,,,,,,,,,,,,,,,,,,2.676,,
2016-05-06,,,,2.816186313049146,2.671,,,,2.985399224288698,,,,,,,,,,,,,,,,,,2.674,,
2016-05-09,,,,2.82567907590212,2.682,,,,2.9080379580957656,,,,,,,,,,,,,,,,,,2.686,,
2016-05-10,,,,2.794036533058871,2.651,,,,2.852114151209309,,,,,,,,,,,,,,,,,,2.647,,
2016-05-11,,,,2.7993102901994127,2.659,,,,2.861434785690385,,,,,,,,,,,,,,,,,,2.664,,
2016-05-12,,,,2.810912555908604,2.67,,,,2.852114151209309,,,,,,,,,,,,,,,,,,2.674,,
2016-05-13,,,,2.7950912844869795,2.658,,,,2.864230976034708,,,,,,,,,,,,,,,,,,2.659,,
2016-05-16,,,,2.8130220587648203,2.675,,,,2.8586385953460622,,,,,,,,,,,,,,,,,,2.682,,
2016-05-17,,,,2.8214600701896866,2.681,,,,2.878211927756322,,,,,,,,,,,,,,,,,,2.69,,
2016-05-18,,,,2.8235695730459036,2.684,,,,2.8632989125866,,,,,,,,,,,,,,,,,,2.688,,
2016-05-19,,,,2.7950912844869795,2.656,,,,2.8502500243130933,,,,,,,,,,,,,,,,,,2.659,,
2016-05-20,,,,2.778215261637247,2.64,,,,2.840929389832018,,,,,,,,,,,,,,,,,,2.641,,
2016-05-23,,,,2.778215261637247,2.639,,,,2.8688912932752455,,,,,,,,,,,,,,,,,,2.644,,
2016-05-24,,,,2.768722498784272,2.629,,,,2.8698233567233538,,,,,,,,,,,,,,,,,,2.631,,
2016-05-25,,,,2.7265324416599404,2.592,,,,2.8577065318979544,,,,,,,,,,,,,,,,,,2.595,,
2016-05-26,,,,2.7307514473723735,2.593,,,,2.8502500243130933,,,,,,,,,,,,,,,,,,2.593,,
2016-05-27,,,,2.712820673094533,2.575,,,,2.848385897416878,,,,,,,,,,,,,,,,,,2.577,,
2016-05-30,,,,2.682232881679392,2.55,,,,2.848385897416878,,,,,,,,,,,,,,,,,,2.55,,
2016-05-31,,,,2.6959446502447997,2.562,,,,2.854910341553632,,,,,,,,,,,,,,,,,,2.569,,
2016-06-01,,,,2.713875424522641,2.573,,,,2.9546411305011464,,,,,,,,,,,,,,,,,,2.583,,
2016-06-02,,,,2.701218407385342,2.567,,,,2.943456369123855,,,,,,,,,,,,,,,,,,2.572,,
2016-06-03,,,,2.701218407385342,2.567,,,,2.9471846229162857,,,,,,,,,,,,,,,,,,2.572,,
2016-06-06,,,,2.7560654816469725,2.618,,,,2.9742144629114065,,,,,,,,,,,,,,,,,,2.625,,
2016-06-07,,,,2.7602844873594057,2.625,,,,2.9648938284303306,,,,,,,,,,,,,,,,,,2.626,,
2016-06-08,,,,2.7623939902156227,2.625,,,,2.9583693842935768,,,,,,,,,,,,,,,,,,2.629,,
2016-06-13,,,,2.8309528330426614,2.691,,,,2.935999861538994,,,,,,,,,,,,,,,,,,2.693,,
2016-06-14,,,,2.858376370173477,2.723,,,,2.8567744684498466,,,,,,,,,,,,,,,,,,2.722,,
2016-06-15,,,,2.859431121601585,2.719,,,,2.851182087761201,,,,,,,,,,,,,,,,,,2.727,,
2016-06-16,,,,2.895292670157267,2.748,,,,2.9099020849919808,,,,,,,,,,,,,,,,,,2.75,,
2016-06-17,,,,2.8488836073205026,2.716,,,,2.894989069822259,,,,,,,,,,,,,,,,,,2.718,,
2016-06-20,,,,2.856266867317261,2.718,,,,2.9080379580957656,,,,,,,,,,,,,,,,,,2.72,,
2016-06-21,,,,2.857321618745369,2.72,,,,2.917358592576842,,,,,,,,,,,,,,,,,,2.721,,
2016-06-22,,,,2.8267338273302283,2.691,,,,2.897785260166582,,,,,,,,,,,,,,,,,,2.693,,
2016-06-23,,,,2.8130220587648203,2.677,,,,2.917358592576842,,,,,,,,,,,,,,,,,,2.675,,
2016-06-24,,,,2.839390844467528,2.692,,,,2.9080379580957656,,,,,,,,,,,,,,,,,,2.703,,
2016-06-27,,,,2.9638515129843066,2.826,,,,2.870755420171461,,,,,,,,,,,,,,,,,,2.827,,
2016-06-28,,,,2.9701800215529564,2.85,,,,2.9043097043033352,,,,,,,,,,,,,,,,,,2.828,,
2016-06-29,,,,2.9617420101280896,2.818,,,,2.931339544298456,,,,,,,,,,,,,,,,,,2.82,,
2016-06-30,,,,2.9606872586999815,2.828,,,,2.9425243056757475,,,,,,,,,,,,,,,,,,2.822,,
2016-07-01,,,,2.973344275837281,2.832,,,,2.946252559468178,,,,,,,,,,,,,,,,,,2.839,,
2016-07-04,,,,3.04190311866432,2.895,,,,2.938796051883317,,,,,,,,,,,,,,,,,,2.904,,
2016-07-05,,,,3.042957870092428,2.9,,,,2.9928557318735587,,,,,,,,,,,,,,,,,,2.9,,
2016-07-06,,,,3.0893669329291935,2.942,,,,2.9975160491140973,,,,,,,,,,,,,,,,,,2.946,,
2016-07-07,,,,3.0988596957821684,2.948,,,,3.011497000835711,,,,,,,,,,,,,,,,,,2.946,,
2016-07-08,,,,3.058779141514053,2.915,,,,3.014293191180034,,,,,,,,,,,,,,,,,,2.911,,
2016-07-11,,,,3.0935859386416267,2.946,,,,3.012429064283819,,,,,,,,,,,,,,,,,,2.945,,
2016-07-12,,,,3.069326655795136,2.927,,,,3.0133611277319265,,,,,,,,,,,,,,,,,,2.928,,
2016-07-13,,,,3.0028773158243136,2.868,,,,3.094450647717289,,,,,,,,,,,,,,,,,,2.863,,
2016-07-14,,,,3.044012621520537,2.899,,,,3.0981789015097196,,,,,,,,,,,,,,,,,,2.9,,
2016-07-15,,,,3.008151072964855,2.865,,,,3.100043028405935,,,,,,,,,,,,,,,,,,2.866,,
2016-07-18,,,,3.000767812968097,2.859,,,,3.092586520821074,,,,,,,,,,,,,,,,,,2.864,,
2016-07-19,,,,3.0060415701086383,2.862,,,,3.0841979497881056,,,,,,,,,,,,,,,,,,2.867,,
2016-07-20,,,,3.0197533386740463,2.87,,,,3.0664887442740607,,,,,,,,,,,,,,,,,,2.87,,
2016-07-21,,,,2.9638515129843066,2.826,,,,3.0636925539297377,,,,,,,,,,,,,,,,,,2.826,,
2016-07-22,,,,2.996548807255664,2.852,,,,3.0739452518589214,,,,,,,,,,,,,,,,,,2.857,,
2016-07-25,,,,2.979672784405931,2.825,,,,3.0506436656562315,,,,,,,,,,,,,,,,,,2.826,,
2016-07-26,,,,2.9786180329778227,2.835,,,,3.052507792552446,,,,,,,,,,,,,,,,,,2.838,,
2016-07-27,,,,2.973344275837281,2.833,,,,3.092586520821074,,,,,,,,,,,,,,,,,,2.832,,
2016-07-28,,,,3.01131532724918,2.87,,,,3.024545889109218,,,,,,,,,,,,,,,,,,2.873,,
2016-07-29,,,,3.012370078677288,2.87,,,,3.0431871580713703,,,,,,,,,,,,,,,,,,2.871,,
2016-08-01,,,,3.0250270958145875,2.878,,,,3.024545889109218,,,,,,,,,,,,,,,,,,2.881,,
2016-08-02,,,,3.026081847242696,2.883,,,,3.006836683595173,,,,,,,,,,,,,,,,,,2.884,,
2016-08-03,,,,3.0524506329454035,2.909,,,,3.0105649373876036,,,,,,,,,,,,,,,,,,2.907,,
2016-08-04,,,,3.039793615808104,2.897,,,,3.0180214449724647,,,,,,,,,,,,,,,,,,2.896,,
2016-08-05,,,,3.0482316272329704,2.902,,,,3.029206206349756,,,,,,,,,,,,,,,,,,2.902,,
2016-08-08,,,,3.0060415701086383,2.866,,,,3.0403909677270473,,,,,,,,,,,,,,,,,,2.869,,
2016-08-09,,,,3.0028773158243136,2.855,,,,3.0599643001373074,,,,,,,,,,,,,,,,,,2.859,,
2016-08-10,,,,3.0197533386740463,2.875,,,,3.079537632547567,,,,,,,,,,,,,,,,,,2.876,,
2016-08-11,,,,3.0134248301053965,2.869,,,,3.068352871170276,,,,,,,,,,,,,,,,,,2.872,,
2016-08-12,,,,3.0070963215367468,2.865,,,,3.0590322366891995,,,,,,,,,,,,,,,,,,2.866,,
2016-08-15,,,,3.0028773158243136,2.857,,,,3.1270728684010556,,,,,,,,,,,,,,,,,,2.864,,
2016-08-16,,,,3.01131532724918,2.867,,,,3.2221433401080324,,,,,,,,,,,,,,,,,,2.868,,
2016-08-17,,,,3.0144795815335046,2.865,,,,3.1979096904572346,,,,,,,,,,,,,,,,,,2.87,,
2016-08-18,,,,3.026081847242696,2.882,,,,3.201637944249665,,,,,,,,,,,,,,,,,,2.881,,
2016-08-19,,,,3.0197533386740463,2.866,,,,3.189521119424266,,,,,,,,,,,,,,,,,,2.872,,
2016-08-22,,,,3.00498681868053,2.854,,,,3.187656992528051,,,,,,,,,,,,,,,,,,2.859,,
2016-08-23,,,,3.0070963215367468,2.855,,,,3.165287469773468,,,,,,,,,,,,,,,,,,2.861,,
2016-08-24,,,,3.0060415701086383,2.856,,,,3.1671515966696835,,,,,,,,,,,,,,,,,,2.86,,
2016-08-25,,,,2.979672784405931,2.829,,,,3.138257629778347,,,,,,,,,,,,,,,,,,2.835,,
2016-08-26,,,,2.976508530121606,2.825,,,,3.1391896932264545,,,,,,,,,,,,,,,,,,2.831,,
2016-08-29,,,,2.975453778693498,2.823,,,,3.128936995297271,,,,,,,,,,,,,,,,,,2.83,,
2016-08-30,,,,2.9849465415464724,2.832,,,,3.1345293759859167,,,,,,,,,,,,,,,,,,2.841,,
2016-08-31,,,,2.971234772981065,2.825,,,,3.1429179470188853,,,,,,,,,,,,,,,,,,2.829,,
2016-09-01,,,,2.9617420101280896,2.812,,,,3.157830962188607,,,,,,,,,,,,,,,,,,2.819,,
2016-09-02,,,,2.9638515129843066,2.816,,,,3.122412551160518,,,,,,,,,,,,,,,,,,2.822,,
2016-09-05,,,,2.979672784405931,2.838,,,,3.1457141373632083,,,,,,,,,,,,,,,,,,2.843,,
2016-09-06,,,,2.994439304399447,2.849,,,,3.147578264259423,,,,,,,,,,,,,,,,,,2.85,,
2016-09-07,,,,3.033465107239454,2.886,,,,3.175540167702652,,,,,,,,,,,,,,,,,,2.889,,
2016-09-08,,,,3.0281913500989126,2.882,,,,3.171811913910221,,,,,,,,,,,,,,,,,,2.884,,
2016-09-09,,,,3.0176438358178297,2.875,,,,3.169947787014006,,,,,,,,,,,,,,,,,,2.874,,
2016-09-12,,,,3.000767812968097,2.855,,,,3.1130919166794415,,,,,,,,,,,,,,,,,,2.855,,
2016-09-13,,,,3.0039320672524217,2.858,,,,3.0935185842691815,,,,,,,,,,,,,,,,,,2.855,,
2016-09-14,,,,2.982837038690256,2.84,,,,3.0832658863399978,,,,,,,,,,,,,,,,,,2.835,,
2016-09-19,,,,2.96807051869674,2.828,,,,3.0739452518589214,,,,,,,,,,,,,,,,,,2.826,,
2016-09-20,,,,2.9743990272653895,2.827,,,,3.094450647717289,,,,,,,,,,,,,,,,,,2.828,,
2016-09-21,,,,2.976508530121606,2.832,,,,3.0888582670286433,,,,,,,,,,,,,,,,,,2.831,,
2016-09-22,,,,3.0092058243929634,2.862,,,,3.1140239801275493,,,,,,,,,,,,,,,,,,2.86,,
2016-09-23,,,,3.012370078677288,2.868,,,,3.122412551160518,,,,,,,,,,,,,,,,,,2.866,,
2016-09-26,,,,3.015534332961613,2.871,,,,3.110295726335119,,,,,,,,,,,,,,,,,,2.869,,
2016-09-27,,,,3.015534332961613,2.875,,,,3.0618284270335225,,,,,,,,,,,,,,,,,,2.87,,
2016-09-28,,,,2.9881107958307975,2.845,,,,3.077673505651352,,,,,,,,,,,,,,,,,,2.841,,
2016-09-29,,,,2.9902202986870137,2.844,,,,3.0767414422032444,,,,,,,,,,,,,,,,,,2.84,,
2016-09-30,,,,2.9849465415464724,2.841,,,,3.080469695995675,,,,,,,,,,,,,,,,,,2.838,,
2016-10-10,,,,2.879471398735643,2.723,,,,3.103771282198365,,,,,,,,,,,,,,,,,,2.729,,
2016-10-11,,,,2.8699786358826684,2.726,,,,3.133597312537809,,,,,,,,,,,,,,,,,,2.729,,
2016-10-12,,,,2.86259537588591,2.727,,,,3.1308011221934864,,,,,,,,,,,,,,,,,,2.727,,
2016-10-13,,,,2.860485873029694,2.725,,,,3.136393502882132,,,,,,,,,,,,,,,,,,2.726,,
2016-10-14,,,,2.8689238844545604,2.733,,,,3.1308011221934864,,,,,,,,,,,,,,,,,,2.731,,
2016-10-17,,,,2.861540624457802,2.723,,,,3.14105382012267,,,,,,,,,,,,,,,,,,2.722,,
2016-10-18,,,,2.872088138738885,2.736,,,,3.1121598532313337,,,,,,,,,,,,,,,,,,2.737,,
2016-10-19,,,,2.883690404448076,2.747,,,,3.1522385814999616,,,,,,,,,,,,,,,,,,2.744,,
2016-10-20,,,,2.8984569244415925,2.758,,,,3.147578264259423,,,,,,,,,,,,,,,,,,2.757,,
2016-10-21,,,,2.893183167301051,2.755,,,,3.1466462008113156,,,,,,,,,,,,,,,,,,2.754,,
2016-10-24,,,,2.893183167301051,2.757,,,,3.16062715253293,,,,,,,,,,,,,,,,,,2.756,,
2016-10-25,,,,2.901621178725917,2.764,,,,3.1988417539053424,,,,,,,,,,,,,,,,,,2.762,,
2016-10-26,,,,2.923770958716191,2.786,,,,3.189521119424266,,,,,,,,,,,,,,,,,,2.784,,
2016-10-27,,,,2.9111139415788916,2.775,,,,3.178336358046975,,,,,,,,,,,,,,,,,,2.77,,
2016-10-28,,,,2.9153329472913247,2.778,,,,3.174608104254544,,,,,,,,,,,,,,,,,,2.778,,
2016-10-31,,,,2.9322089701410574,2.786,,,,3.170879850462114,,,,,,,,,,,,,,,,,,2.787,,
2016-11-01,,,,2.9332637215691664,2.793,,,,3.163423342877253,,,,,,,,,,,,,,,,,,2.793,,
2016-11-02,,,,2.9564682529875483,2.816,,,,3.1802004849431897,,,,,,,,,,,,,,,,,,2.818,,
2016-11-03,,,,2.972289524409173,2.833,,,,3.1522385814999616,,,,,,,,,,,,,,,,,,2.833,,
2016-11-04,,,,2.9743990272653895,2.828,,,,3.1857928656318357,,,,,,,,,,,,,,,,,,2.829,,
2016-11-07,,,,2.944865987278357,2.805,,,,3.1774042945988668,,,,,,,,,,,,,,,,,,2.806,,
2016-11-08,,,,2.9206067044318664,2.777,,,,3.186724929079943,,,,,,,,,,,,,,,,,,2.778,,
2016-11-09,,,,2.927989964428624,2.785,,,,3.1969776270091272,,,,,,,,,,,,,,,,,,2.786,,
2016-11-10,,,,2.952249247275115,2.803,,,,3.1941814366648043,,,,,,,,,,,,,,,,,,2.799,,
2016-11-11,,,,2.9427564844221408,2.777,,,,3.2146868325231717,,,,,,,,,,,,,,,,,,2.779,,
2016-11-14,,,,2.811967307336712,2.671,,,,3.2398525456220773,,,,,,,,,,,,,,,,,,2.675,,
2016-11-15,,,,2.8689238844545604,2.712,,,,3.2491731801031536,,,,,,,,,,,,,,,,,,2.712,,
2016-11-16,,,,2.8710333873107765,2.717,,,,3.248241116655046,,,,,,,,,,,,,,,,,,2.715,,
2016-11-17,,,,2.882635653019968,2.724,,,,3.2426487359664,,,,,,,,,,,,,,,,,,2.722,,
2016-11-18,,,,2.8467741044642856,2.7,,,,3.255697624239907,,,,,,,,,,,,,,,,,,2.7,,
2016-11-21,,,,2.843609850179962,2.703,,,,3.23892048217397,,,,,,,,,,,,,,,,,,2.696,,
2016-11-22,,,,2.8689238844545604,2.721,,,,3.261290004928553,,,,,,,,,,,,,,,,,,2.72,,
2016-11-23,,,,2.86259537588591,2.715,,,,3.2957763525085344,,,,,,,,,,,,,,,,,,2.715,,
2016-11-24,,,,2.83200758447077,2.69,,,,3.294844289060427,,,,,,,,,,,,,,,,,,2.686,,
2016-11-25,,,,2.818295815905362,2.688,,,,3.3060290504377186,,,,,,,,,,,,,,,,,,2.671,,
2016-11-28,,,,2.8383360930394193,2.695,,,,3.349836032498776,,,,,,,,,,,,,,,,,,2.687,,
2016-11-29,,,,2.835171838755095,2.695,,,,3.347971905602561,,,,,,,,,,,,,,,,,,2.68,,
2016-11-30,,,,2.8172410644772534,2.675,,,,3.375001745597682,,,,,,,,,,,,,,,,,,2.664,,
2016-12-01,,,,2.779270013065355,2.635,,,,3.3544963497393145,,,,,,,,,,,,,,,,,,2.625,,
2016-12-02,,,,2.789817527346438,2.646,,,,3.3815261897344353,,,,,,,,,,,,,,,,,,2.643,,
2016-12-05,,,,2.7887627759183298,2.644,,,,3.3032328600933956,,,,,,,,,,,,,,,,,,2.64,,
2016-12-06,,,,2.786653273062113,2.642,,,,3.2827274642350277,,,,,,,,,,,,,,,,,,2.632,,
2016-12-07,,,,2.771886753068597,2.637,,,,3.276203020098275,,,,,,,,,,,,,,,,,,2.623,,
2016-12-08,,,,2.7908722787745464,2.642,,,,3.2985725428528574,,,,,,,,,,,,,,,,,,2.638,,
2016-12-09,,,,2.7887627759183298,2.65,,,,3.289251908371781,,,,,,,,,,,,,,,,,,2.642,,
2016-12-12,,,,2.76977725021238,2.63,,,,3.3134855580225793,,,,,,,,,,,,,,,,,,2.64,,
2016-12-13,,,,2.779270013065355,2.64,,,,3.2174830228674947,,,,,,,,,,,,,,,,,,2.634,,
2016-12-14,,,,2.780324764493463,2.642,,,,3.2156188959712795,,,,,,,,,,,,,,,,,,2.636,,
2016-12-15,,,,2.764503493071839,2.62,,,,3.18392873873562,,,,,,,,,,,,,,,,,,2.622,,
2016-12-16,,,,2.7486822216502143,2.617,,,,3.16062715253293,,,,,,,,,,,,,,,,,,2.603,,
2016-12-19,,,,2.7581749845031895,2.618,,,,3.1643554063253605,,,,,,,,,,,,,,,,,,2.614,,
2016-12-20,,,,2.7529012273626474,2.625,,,,3.150374454603746,,,,,,,,,,,,,,,,,,2.612,,
2016-12-21,,,,2.722313435947507,2.6,,,,3.136393502882132,,,,,,,,,,,,,,,,,,2.581,,
2016-12-22,,,,2.728641944516157,2.602,,,,3.162491279429145,,,,,,,,,,,,,,,,,,2.589,,
2016-12-23,,,,2.7233681873756153,2.592,,,,3.153170644948069,,,,,,,,,,,,,,,,,,2.584,,
2016-12-26,,,,2.7265324416599404,2.596,,,,3.126140804952948,,,,,,,,,,,,,,,,,,2.586,,
2016-12-27,,,,2.7349704530848067,2.606,,,,3.14105382012267,,,,,,,,,,,,,,,,,,2.592,,
2016-12-28,,,,2.743408464509673,2.613,,,,3.1391896932264545,,,,,,,,,,,,,,,,,,2.598,,
2016-12-29,,,,2.7529012273626474,2.625,,,,3.12148048771241,,,,,,,,,,,,,,,,,,2.612,,
2016-12-30,,,,2.779270013065355,2.64,,,,3.126140804952948,,,,,,,,,,,,,,,,,,2.64,,
2017-01-03,,,,2.7761057587810303,2.642,,,,3.133597312537809,,,,,,,,,,,,,,,,,,2.635,,
2017-01-04,,,,2.771886753068597,2.638,,,,3.163423342877253,,,,,,,,,,,,,,,,,,2.632,,
2017-01-05,,,,2.778215261637247,2.649,,,,3.1923173097685886,,,,,,,,,,,,,,,,,,2.64,,
2017-01-06,,,,2.780324764493463,2.642,,,,3.18392873873562,,,,,,,,,,,,,,,,,,2.637,,
2017-01-09,,,,2.778215261637247,2.646,,,,3.171811913910221,,,,,,,,,,,,,,,,,,2.638,,
2017-01-10,,,,2.797200787343196,2.66,,,,3.186724929079943,,,,,,,,,,,,,,,,,,2.656,,
2017-01-11,,,,2.8140768101929288,2.688,,,,3.1736760408064364,,,,,,,,,,,,,,,,,,2.665,,
2017-01-12,,,,2.8172410644772534,2.689,,,,3.155966835292392,,,,,,,,,,,,,,,,,,2.665,,
2017-01-13,,,,2.8098578044804956,2.689,,,,3.1391896932264545,,,,,,,,,,,,,,,,,,2.658,,
2017-01-16,,,,2.8214600701896866,2.686,,,,3.1391896932264545,,,,,,,,,,,,,,,,,,2.667,,
2017-01-17,,,,2.837281341611311,2.703,,,,3.1317331856415938,,,,,,,,,,,,,,,,,,2.685,,
2017-01-18,,,,2.856266867317261,2.721,,,,3.1419858835707775,,,,,,,,,,,,,,,,,,2.697,,
2017-01-19,,,,2.8267338273302283,2.685,,,,3.1587630256367145,,,,,,,,,,,,,,,,,,2.669,,
2017-01-20,,,,2.818295815905362,2.682,,,,3.150374454603746,,,,,,,,,,,,,,,,,,2.667,,
2017-01-23,,,,2.839390844467528,2.703,,,,3.1317331856415938,,,,,,,,,,,,,,,,,,2.686,,
2017-01-24,,,,2.835171838755095,2.712,,,,3.1326652490897016,,,,,,,,,,,,,,,,,,2.684,,
2017-01-25,,,,2.8140768101929288,2.695,,,,3.1326652490897016,,,,,,,,,,,,,,,,,,2.663,,
2017-01-26,,,,2.789817527346438,2.655,,,,3.143850010466993,,,,,,,,,,,,,,,,,,2.645,,
2017-02-03,,,,2.82567907590212,2.696,,,,3.1568988987404993,,,,,,,,,,,,,,,,,,2.678,,
2017-02-06,,,,2.8499383587486107,2.708,,,,3.1391896932264545,,,,,,,,,,,,,,,,,,2.696,,
2017-02-07,,,,2.864704878742127,2.727,,,,3.1345293759859167,,,,,,,,,,,,,,,,,,2.712,,
2017-02-08,,,,2.8784166473075348,2.741,,,,3.1308011221934864,,,,,,,,,,,,,,,,,,2.726,,
2017-02-09,,,,2.8942379187291594,2.755,,,,3.1494423911556386,,,,,,,,,,,,,,,,,,2.738,,
2017-02-10,,,,2.864704878742127,2.737,,,,3.1671515966696835,,,,,,,,,,,,,,,,,,2.709,,
2017-02-13,,,,2.8784166473075348,2.744,,,,3.1802004849431897,,,,,,,,,,,,,,,,,,2.725,,
2017-02-14,,,,2.8710333873107765,2.735,,,,3.1979096904572346,,,,,,,,,,,,,,,,,,2.713,,
2017-02-15,,,,2.8668143815983433,2.732,,,,3.2007058808015576,,,,,,,,,,,,,,,,,,2.712,,
2017-02-16,,,,2.885799907304293,2.744,,,,3.190453182872374,,,,,,,,,,,,,,,,,,2.727,,
2017-02-17,,,,2.886854658732401,2.746,,,,3.204434134593988,,,,,,,,,,,,,,,,,,2.734,,
2017-02-20,,,,2.8847451558761845,2.753,,,,3.1857928656318357,,,,,,,,,,,,,,,,,,2.73,,
2017-02-21,,,,2.883690404448076,2.748,,,,3.2379884187258625,,,,,,,,,,,,,,,,,,2.73,,
2017-02-22,,,,2.8921284158729423,2.751,,,,3.240784609070185,,,,,,,,,,,,,,,,,,2.739,,
2017-02-23,,,,2.8921284158729423,2.751,,,,3.2454449263107232,,,,,,,,,,,,,,,,,,2.739,,
2017-02-24,,,,2.9174424501475418,2.777,,,,3.2351922283815395,,,,,,,,,,,,,,,,,,2.763,,
2017-02-27,,,,2.9374827272815995,2.796,,,,3.2323960380372165,,,,,,,,,,,,,,,,,,2.781,,
2017-02-28,,,,2.9290447158567328,2.791,,,,3.202570007697773,,,,,,,,,,,,,,,,,,2.774,,
2017-03-01,,,,2.9058401844383503,2.77,,,,3.2128227056269565,,,,,,,,,,,,,,,,,,2.752,,
2017-03-02,,,,2.9174424501475418,2.776,,,,3.2202792132118176,,,,,,,,,,,,,,,,,,2.763,,
2017-03-03,,,,2.890018913016726,2.759,,,,3.1941814366648043,,,,,,,,,,,,,,,,,,2.736,,
2017-03-06,,,,2.8984569244415925,2.758,,,,3.1913852463204813,,,,,,,,,,,,,,,,,,2.743,,
2017-03-07,,,,2.8984569244415925,2.758,,,,3.205366198042096,,,,,,,,,,,,,,,,,,2.733,,
2017-03-08,,,,2.8847451558761845,2.746,,,,3.2100265152826335,,,,,,,,,,,,,,,,,,2.718,,
2017-03-09,,,,2.8678691330264514,2.727,,,,3.2100265152826335,,,,,,,,,,,,,,,,,,2.71,,
2017-03-10,,,,2.8478288558923945,2.714,,,,3.18392873873562,,,,,,,,,,,,,,,,,,2.695,,
2017-03-13,,,,2.8467741044642856,2.712,,,,3.18392873873562,,,,,,,,,,,,,,,,,,2.702,,
2017-03-14,,,,2.8499383587486107,2.719,,,,3.221211276659925,,,,,,,,,,,,,,,,,,2.706,,
2017-03-15,,,,2.8467741044642856,2.711,,,,3.2109585787307413,,,,,,,,,,,,,,,,,,2.708,,
2017-03-16,,,,2.8889641615886177,2.758,,,,3.2295998476928935,,,,,,,,,,,,,,,,,,2.748,,
2017-03-17,,,,2.887909410160509,2.756,,,,3.241716672518293,,,,,,,,,,,,,,,,,,2.748,,
2017-03-20,,,,2.8984569244415925,2.762,,,,3.206298261490203,,,,,,,,,,,,,,,,,,2.759,,
2017-03-21,,,,2.9047854330102423,2.768,,,,3.2072303249383105,,,,,,,,,,,,,,,,,,2.764,,
2017-03-22,,,,2.9153329472913247,2.775,,,,3.216550959419387,,,,,,,,,,,,,,,,,,2.768,,
2017-03-23,,,,2.9142781958632167,2.776,,,,3.2156188959712795,,,,,,,,,,,,,,,,,,2.774,,
2017-03-24,,,,2.9111139415788916,2.782,,,,3.2230754035561406,,,,,,,,,,,,,,,,,,2.771,,
2017-03-27,,,,2.9353732244253825,2.804,,,,3.251969370447476,,,,,,,,,,,,,,,,,,2.796,,
2017-03-28,,,,2.9395922301378157,2.804,,,,3.2379884187258625,,,,,,,,,,,,,,,,,,2.797,,
2017-03-29,,,,2.926935213000516,2.796,,,,3.233328101485324,,,,,,,,,,,,,,,,,,2.783,,
2017-03-30,,,,2.9300994672848413,2.794,,,,3.2202792132118176,,,,,,,,,,,,,,,,,,2.785,,
2017-03-31,,,,2.9111139415788916,2.79,,,,3.196045563561019,,,,,,,,,,,,,,,,,,2.767,,
2017-04-05,,,,2.9322089701410574,2.791,,,,3.2379884187258625,,,,,,,,,,,,,,,,,,2.784,,
2017-04-06,,,,2.9374827272815995,2.801,,,,3.270610639409629,,,,,,,,,,,,,,,,,,2.791,,
2017-04-07,,,,2.943811235850249,2.8,,,,3.270610639409629,,,,,,,,,,,,,,,,,,2.809,,
2017-04-10,,,,2.9417017329940327,2.829,,,,3.2780671469944895,,,,,,,,,,,,,,,,,,2.799,,
2017-04-11,,,,2.950139744418899,2.819,,,,3.26595032216909,,,,,,,,,,,,,,,,,,2.809,,
2017-04-12,,,,2.991275050115122,2.847,,,,3.273406829753952,,,,,,,,,,,,,,,,,,2.853,,
2017-04-13,,,,3.001822564396205,2.86,,,,3.2594258780323373,,,,,,,,,,,,,,,,,,2.86,,
2017-04-14,,,,3.00498681868053,2.861,,,,3.2752709566501665,,,,,,,,,,,,,,,,,,2.86,,
2017-04-17,,,,3.008151072964855,2.87,,,,3.241716672518293,,,,,,,,,,,,,,,,,,2.861,,
2017-04-18,,,,2.9923298015432307,2.85,,,,3.2323960380372165,,,,,,,,,,,,,,,,,,2.845,,
2017-04-19,,,,2.9954940558275553,2.86,,,,3.2230754035561406,,,,,,,,,,,,,,,,,,2.846,,
2017-04-20,,,,2.9891655472589056,2.851,,,,3.202570007697773,,,,,,,,,,,,,,,,,,2.839,,
2017-04-21,,,,2.9881107958307975,2.85,,,,3.2249395304523554,,,,,,,,,,,,,,,,,,2.836,,
2017-04-24,,,,2.9838917901183644,2.846,,,,3.216550959419387,,,,,,,,,,,,,,,,,,2.825,,
2017-04-25,,,,2.9701800215529564,2.831,,,,3.1969776270091272,,,,,,,,,,,,,,,,,,2.806,,
2017-04-26,,,,2.958577755843766,2.831,,,,3.2007058808015576,,,,,,,,,,,,,,,,,,2.797,,
2017-04-27,,,,2.9606872586999815,2.82,,,,3.204434134593988,,,,,,,,,,,,,,,,,,2.801,,
2017-04-28,,,,2.9606872586999815,2.824,,,,3.2072303249383105,,,,,,,,,,,,,,,,,,2.803,,
2017-05-02,,,,2.946975490134574,2.8,,,,3.193249373216697,,,,,,,,,,,,,,,,,,2.792,,
2017-05-03,,,,2.9427564844221408,2.805,,,,3.189521119424266,,,,,,,,,,,,,,,,,,2.79,,
2017-05-04,,,,2.9206067044318664,2.789,,,,3.174608104254544,,,,,,,,,,,,,,,,,,2.765,,
2017-05-05,,,,2.8773618958794267,2.759,,,,3.16062715253293,,,,,,,,,,,,,,,,,,2.732,,
2017-05-08,,,,2.893183167301051,2.75,,,,3.14105382012267,,,,,,,,,,,,,,,,,,2.745,,
2017-05-09,,,,2.8847451558761845,2.753,,,,3.1130919166794415,,,,,,,,,,,,,,,,,,2.741,,
2017-05-10,,,,2.8752523930232097,2.748,,,,3.12148048771241,,,,,,,,,,,,,,,,,,2.731,,
2017-05-11,,,,2.8699786358826684,2.739,,,,3.10190715530215,,,,,,,,,,,,,,,,,,2.726,,
2017-05-12,,,,2.879471398735643,2.742,,,,3.1233446146086252,,,,,,,,,,,,,,,,,,2.737,,
2017-05-15,,,,2.883690404448076,2.752,,,,3.1587630256367145,,,,,,,,,,,,,,,,,,2.74,,
2017-05-16,,,,2.8984569244415925,2.765,,,,3.16062715253293,,,,,,,,,,,,,,,,,,2.753,,
2017-05-17,,,,2.909004438722675,2.77,,,,3.1969776270091272,,,,,,,,,,,,,,,,,,2.766,,
2017-05-18,,,,2.943811235850249,2.81,,,,3.168083660117791,,,,,,,,,,,,,,,,,,2.803,,
2017-05-19,,,,2.925880461572408,2.792,,,,3.1643554063253605,,,,,,,,,,,,,,,,,,2.782,,
2017-05-22,,,,2.9290447158567328,2.8,,,,3.171811913910221,,,,,,,,,,,,,,,,,,2.785,,
2017-05-23,,,,2.946975490134574,2.814,,,,3.172743977358329,,,,,,,,,,,,,,,,,,2.802,,
2017-05-24,,,,2.9311542187129493,2.803,,,,3.1829966752875127,,,,,,,,,,,,,,,,,,2.784,,
2017-05-25,,,,2.9395922301378157,2.797,,,,3.184860802183728,,,,,,,,,,,,,,,,,,2.79,,
2017-05-26,,,,2.923770958716191,2.792,,,,3.2501052435512614,,,,,,,,,,,,,,,,,,2.776,,
2017-05-31,,,,2.9332637215691664,2.801,,,,3.260357941480445,,,,,,,,,,,,,,,,,,2.786,,
2017-06-01,,,,2.923770958716191,2.799,,,,3.246376989758831,,,,,,,,,,,,,,,,,,2.779,,
2017-06-02,,,,2.9132234444351086,2.782,,,,3.257561751136122,,,,,,,,,,,,,,,,,,2.767,,
2017-06-05,,,,2.954358750131332,2.82,,,,3.241716672518293,,,,,,,,,,,,,,,,,,2.81,,
2017-06-06,,,,2.954358750131332,2.823,,,,3.2295998476928935,,,,,,,,,,,,,,,,,,2.809,,
2017-06-07,,,,2.9701800215529564,2.836,,,,3.25849381458423,,,,,,,,,,,,,,,,,,2.823,,
2017-06-08,,,,2.9627967615561985,2.829,,,,3.2976404794047496,,,,,,,,,,,,,,,,,,2.815,,
2017-06-09,,,,2.9406469815659237,2.81,,,,3.321874129055548,,,,,,,,,,,,,,,,,,2.785,,
2017-06-12,,,,2.921661455859975,2.795,,,,3.3367871442252697,,,,,,,,,,,,,,,,,,2.77,,
2017-06-13,,,,2.9206067044318664,2.789,,,,3.328398573192301,,,,,,,,,,,,,,,,,,2.767,,
2017-06-14,,,,2.9248257101442996,2.786,,,,3.341447461465808,,,,,,,,,,,,,,,,,,2.78,,
2017-06-15,,,,2.923770958716191,2.789,,,,3.308825240782041,,,,,,,,,,,,,,,,,,2.781,,
2017-06-16,,,,2.8995116758697006,2.765,,,,3.2985725428528574,,,,,,,,,,,,,,,,,,2.752,,
2017-06-19,,,,2.900566427297809,2.765,,,,3.294844289060427,,,,,,,,,,,,,,,,,,2.754,,
2017-06-20,,,,2.890018913016726,2.756,,,,3.3330588904328393,,,,,,,,,,,,,,,,,,2.744,,
2017-06-21,,,,2.890018913016726,2.757,,,,3.341447461465808,,,,,,,,,,,,,,,,,,2.742,,
2017-06-22,,,,2.909004438722675,2.774,,,,3.355428413187422,,,,,,,,,,,,,,,,,,2.76,,
2017-06-23,,,,2.9068949358664584,2.774,,,,3.362884920772283,,,,,,,,,,,,,,,,,,2.758,,
2017-06-26,,,,2.9142781958632167,2.784,,,,3.3983033318003724,,,,,,,,,,,,,,,,,,2.766,,
2017-06-27,,,,2.8889641615886177,2.745,,,,3.438382060069,,,,,,,,,,,,,,,,,,2.742,,
2017-06-28,,,,2.8921284158729423,2.766,,,,3.4393141235171076,,,,,,,,,,,,,,,,,,2.745,,
2017-06-29,,,,2.893183167301051,2.765,,,,3.4197407911068476,,,,,,,,,,,,,,,,,,2.744,,
2017-06-30,,,,2.8741976415951016,2.745,,,,3.428129362139816,,,,,,,,,,,,,,,,,,2.731,,
2017-07-03,,,,2.855212115889152,2.73,,,,3.4346538062765695,,,,,,,,,,,,,,,,,,2.709,,
2017-07-04,,,,2.8309528330426614,2.697,,,,3.417876664210632,,,,,,,,,,,,,,,,,,2.687,,
2017-07-05,,,,2.837281341611311,2.703,,,,3.3889826973192965,,,,,,,,,,,,,,,,,,2.695,,
2017-07-06,,,,2.835171838755095,2.704,,,,3.4346538062765695,,,,,,,,,,,,,,,,,,2.689,,
2017-07-07,,,,2.829898081614553,2.705,,,,3.4271972986917083,,,,,,,,,,,,,,,,,,2.688,,
2017-07-10,,,,2.8056387987680624,2.681,,,,3.4290614255879235,,,,,,,,,,,,,,,,,,2.663,,
2017-07-11,,,,2.806693550196171,2.671,,,,3.4299934890360313,,,,,,,,,,,,,,,,,,2.669,,
2017-07-12,,,,2.8204053187615785,2.685,,,,3.4560912655830447,,,,,,,,,,,,,,,,,,2.682,,
2017-07-13,,,,2.8246243244740117,2.693,,,,3.44211031386143,,,,,,,,,,,,,,,,,,2.682,,
2017-07-14,,,,2.8098578044804956,2.675,,,,3.4775287248895195,,,,,,,,,,,,,,,,,,2.671,,
2017-07-17,,,,2.837281341611311,2.7,,,,3.4971020572997795,,,,,,,,,,,,,,,,,,2.698,,
2017-07-18,,,,2.8467741044642856,2.715,,,,3.4467706311019684,,,,,,,,,,,,,,,,,,2.71,,
2017-07-19,,,,2.8488836073205026,2.717,,,,3.4532950752387217,,,,,,,,,,,,,,,,,,2.711,,
2017-07-20,,,,2.8446646016080694,2.717,,,,3.523199833846793,,,,,,,,,,,,,,,,,,2.709,,
2017-07-21,,,,2.8520478616048277,2.72,,,,3.5334525317759766,,,,,,,,,,,,,,,,,,2.715,,
2017-07-24,,,,2.876307144451318,2.746,,,,3.5213357069505777,,,,,,,,,,,,,,,,,,2.739,,
2017-07-25,,,,2.8689238844545604,2.739,,,,3.541841102808945,,,,,,,,,,,,,,,,,,2.728,,
2017-07-26,,,,2.859431121601585,2.731,,,,3.515743326261932,,,,,,,,,,,,,,,,,,2.718,,
2017-07-27,,,,2.88158090159186,2.746,,,,3.4971020572997795,,,,,,,,,,,,,,,,,,2.742,,
2017-07-28,,,,2.8784166473075348,2.746,,,,3.501762374540318,,,,,,,,,,,,,,,,,,2.738,,
2017-07-31,,,,2.8910736644448343,2.76,,,,3.5194715800543626,,,,,,,,,,,,,,,,,,2.749,,
2017-08-01,,,,2.8847451558761845,2.757,,,,3.5325204683278693,,,,,,,,,,,,,,,,,,2.74,,
2017-08-02,,,,2.8847451558761845,2.752,,,,3.562346498667313,,,,,,,,,,,,,,,,,,2.742,,
2017-08-03,,,,2.879471398735643,2.743,,,,3.5548899910824523,,,,,,,,,,,,,,,,,,2.735,,
2017-08-04,,,,2.88158090159186,2.754,,,,3.525063960743008,,,,,,,,,,,,,,,,,,2.741,,
2017-08-07,,,,2.8668143815983433,2.744,,,,3.4971020572997795,,,,,,,,,,,,,,,,,,2.727,,
2017-08-08,,,,2.8657596301702353,2.732,,,,3.5269280876392233,,,,,,,,,,,,,,,,,,2.726,,
2017-08-09,,,,2.8689238844545604,2.732,,,,3.523199833846793,,,,,,,,,,,,,,,,,,2.727,,
2017-08-10,,,,2.8805261501637514,2.743,,,,3.51667538971004,,,,,,,,,,,,,,,,,,2.74,,
2017-08-11,,,,2.8984569244415925,2.769,,,,3.4933738035073496,,,,,,,,,,,,,,,,,,2.758,,
2017-08-14,,,,2.9037306815821338,2.769,,,,3.4495668214462913,,,,,,,,,,,,,,,,,,2.761,,
2017-08-15,,,,2.8805261501637514,2.75,,,,3.492441740059242,,,,,,,,,,,,,,,,,,2.74,,
2017-08-16,,,,2.8784166473075348,2.745,,,,3.4971020572997795,,,,,,,,,,,,,,,,,,2.735,,
2017-08-17,,,,2.9068949358664584,2.774,,,,3.50083031109221,,,,,,,,,,,,,,,,,,2.764,,
2017-08-18,,,,2.9037306815821338,2.77,,,,3.511083009021394,,,,,,,,,,,,,,,,,,2.76,,
2017-08-21,,,,2.8984569244415925,2.766,,,,3.5334525317759766,,,,,,,,,,,,,,,,,,2.751,,
2017-08-22,,,,2.9047854330102423,2.763,,,,3.538112849016515,,,,,,,,,,,,,,,,,,2.754,,
2017-08-23,,,,2.8995116758697006,2.752,,,,3.544637293153268,,,,,,,,,,,,,,,,,,2.745,,
2017-08-24,,,,2.901621178725917,2.769,,,,3.5539579276343445,,,,,,,,,,,,,,,,,,2.753,,
2017-08-25,,,,2.9026759301540253,2.766,,,,3.5343845952240844,,,,,,,,,,,,,,,,,,2.748,,
2017-08-28,,,,2.907949687294567,2.776,,,,3.599629036591618,,,,,,,,,,,,,,,,,,2.757,,
2017-08-29,,,,2.944865987278357,2.804,,,,3.6387757014121376,,,,,,,,,,,,,,,,,,2.782,,
2017-08-30,,,,2.9374827272815995,2.814,,,,3.6294550669310617,,,,,,,,,,,,,,,,,,2.778,,
2017-08-31,,,,2.912168693007,2.783,,,,3.6266588765867382,,,,,,,,,,,,,,,,,,2.76,,
2017-09-01,,,,2.9311542187129493,2.794,,,,3.620134432449986,,,,,,,,,,,,,,,,,,2.778,,
2017-09-04,,,,2.951194495847007,2.89,,,,3.624794749690523,,,,,,,,,,,,,,,,,,2.794,,
2017-09-05,,,,2.954358750131332,2.822,,,,3.63784363796403,,,,,,,,,,,,,,,,,,2.79,,
2017-09-06,,,,2.952249247275115,2.816,,,,3.642503955204568,,,,,,,,,,,,,,,,,,2.795,,
2017-09-07,,,,2.951194495847007,2.82,,,,3.642503955204568,,,,,,,,,,,,,,,,,,2.782,,
2017-09-08,,,,2.9554135015594403,2.816,,,,3.625726813138631,,,,,,,,,,,,,,,,,,2.794,,
2017-09-11,,,,2.951194495847007,2.806,,,,3.624794749690523,,,,,,,,,,,,,,,,,,2.783,,
2017-09-12,,,,2.9417017329940327,2.809,,,,3.635047447619707,,,,,,,,,,,,,,,,,,2.775,,
2017-09-13,,,,2.9406469815659237,2.818,,,,3.6369115745159224,,,,,,,,,,,,,,,,,,2.774,,
2017-09-14,,,,2.9427564844221408,2.795,,,,3.6359795110678146,,,,,,,,,,,,,,,,,,2.767,,
2017-09-15,,,,2.9406469815659237,2.805,,,,3.623862686242416,,,,,,,,,,,,,,,,,,2.783,,
2017-09-18,,,,2.9322089701410574,2.77,,,,3.6285230034829534,,,,,,,,,,,,,,,,,,2.77,,
2017-09-19,,,,2.919551953003758,2.786,,,,3.6462322089969983,,,,,,,,,,,,,,,,,,2.753,,
2017-09-20,,,,2.9206067044318664,2.785,,,,3.620134432449986,,,,,,,,,,,,,,,,,,2.761,,
2017-09-21,,,,2.9153329472913247,2.772,,,,3.6387757014121376,,,,,,,,,,,,,,,,,,2.749,,
2017-09-22,,,,2.897402173013484,2.762,,,,3.625726813138631,,,,,,,,,,,,,,,,,,2.737,,
2017-09-25,,,,2.8963474215853755,2.763,,,,3.624794749690523,,,,,,,,,,,,,,,,,,2.735,,
2017-09-26,,,,2.9290447158567328,2.786,,,,3.6098817345208016,,,,,,,,,,,,,,,,,,2.772,,
2017-09-27,,,,2.9290447158567328,2.796,,,,3.615474115209447,,,,,,,,,,,,,,,,,,2.753,,
2017-09-28,,,,2.9047854330102423,2.773,,,,3.6192023690018775,,,,,,,,,,,,,,,,,,2.737,,
2017-09-29,,,,2.900566427297809,2.771,,,,3.624794749690523,,,,,,,,,,,,,,,,,,2.741,,
2017-10-09,,,,2.9037306815821338,2.515,,,,3.702156015883455,,,,,,,,,,,,,,,,,,2.732,,
2017-10-10,,,,2.895292670157267,2.76,,,,3.672329985544012,,,,,,,,,,,,,,,,,,2.735,,
2017-10-11,,,,2.8942379187291594,2.761,,,,3.679786493128873,,,,,,,,,,,,,,,,,,2.731,,
2017-10-12,,,,2.890018913016726,2.756,,,,3.692835381402379,,,,,,,,,,,,,,,,,,2.73,,
2017-10-13,,,,2.8963474215853755,2.765,,,,3.701223952435348,,,,,,,,,,,,,,,,,,2.735,,
2017-10-16,,,,2.901621178725917,2.769,,,,3.7170690310531778,,,,,,,,,,,,,,,,,,2.742,,
2017-10-17,,,,2.9058401844383503,2.776,,,,3.704020142779671,,,,,,,,,,,,,,,,,,2.735,,
2017-10-18,,,,2.8889641615886177,2.76,,,,3.701223952435348,,,,,,,,,,,,,,,,,,2.731,,
2017-10-19,,,,2.885799907304293,2.754,,,,3.7263896655342537,,,,,,,,,,,,,,,,,,2.727,,
2017-10-20,,,,2.8847451558761845,2.746,,,,3.711476650364532,,,,,,,,,,,,,,,,,,2.729,,
2017-10-23,,,,2.8752523930232097,2.739,,,,3.71613696760507,,,,,,,,,,,,,,,,,,2.71,,
2017-10-24,,,,2.882635653019968,2.747,,,,3.7152049041569626,,,,,,,,,,,,,,,,,,2.722,,
2017-10-25,,,,2.8784166473075348,2.745,,,,3.742234744152083,,,,,,,,,,,,,,,,,,2.719,,
2017-10-26,,,,2.8741976415951016,2.747,,,,3.760876013114235,,,,,,,,,,,,,,,,,,2.718,,
2017-10-27,,,,2.8678691330264514,2.738,,,,3.7823134724207104,,,,,,,,,,,,,,,,,,2.71,,
2017-10-30,,,,2.864704878742127,2.73,,,,3.808411248967724,,,,,,,,,,,,,,,,,,2.711,,
2017-10-31,,,,2.8657596301702353,2.731,,,,3.776721091732064,,,,,,,,,,,,,,,,,,2.716,,
2017-11-01,,,,2.864704878742127,2.727,,,,3.785109662765034,,,,,,,,,,,,,,,,,,2.714,,
2017-11-02,,,,2.864704878742127,2.73,,,,3.7729928379396345,,,,,,,,,,,,,,,,,,2.713,,
2017-11-03,,,,2.86259537588591,2.732,,,,3.7757890282839575,,,,,,,,,,,,,,,,,,2.712,,
2017-11-06,,,,2.864704878742127,2.73,,,,3.7636722034585586,,,,,,,,,,,,,,,,,,2.709,,
2017-11-07,,,,2.872088138738885,2.735,,,,3.8018868048309704,,,,,,,,,,,,,,,,,,2.716,,
2017-11-08,,,,2.8752523930232097,2.744,,,,3.836373152410952,,,,,,,,,,,,,,,,,,2.72,,
2017-11-09,,,,2.879471398735643,2.744,,,,3.827984581377984,,,,,,,,,,,,,,,,,,2.725,,
2017-11-10,,,,2.8921284158729423,2.76,,,,3.85315029447689,,,,,,,,,,,,,,,,,,2.738,,
2017-11-13,,,,2.8889641615886177,2.747,,,,3.89602521308984,,,,,,,,,,,,,,,,,,2.728,,
2017-11-14,,,,2.879471398735643,2.74,,,,3.9053458475709166,,,,,,,,,,,,,,,,,,2.724,,
2017-11-15,,,,2.8847451558761845,2.748,,,,3.867131246198504,,,,,,,,,,,,,,,,,,2.725,,
2017-11-16,,,,2.879471398735643,2.744,,,,3.844761723443921,,,,,,,,,,,,,,,,,,2.721,,
2017-11-17,,,,2.8805261501637514,2.744,,,,3.875519817231473,,,,,,,,,,,,,,,,,,2.721,,
2017-11-20,,,,2.8963474215853755,2.768,,,,3.875519817231473,,,,,,,,,,,,,,,,,,2.742,,
2017-11-21,,,,2.890018913016726,2.76,,,,3.9118702917076695,,,,,,,,,,,,,,,,,,2.726,,
2017-11-22,,,,2.8805261501637514,2.747,,,,3.995756002037355,,,,,,,,,,,,,,,,,,2.727,,
2017-11-23,,,,2.882635653019968,2.748,,,,3.988299494452494,,,,,,,,,,,,,,,,,,2.732,,
2017-11-24,,,,2.882635653019968,2.746,,,,3.857810611717428,,,,,,,,,,,,,,,,,,2.729,,
2017-11-27,,,,2.8847451558761845,2.749,,,,3.858742675165535,,,,,,,,,,,,,,,,,,2.727,,
2017-11-28,,,,2.8889641615886177,2.76,,,,3.803750931727186,,,,,,,,,,,,,,,,,,2.74,,
2017-11-29,,,,2.8921284158729423,2.757,,,,3.829848708274199,,,,,,,,,,,,,,,,,,2.739,,
2017-11-30,,,,2.8805261501637514,2.749,,,,3.818663946896908,,,,,,,,,,,,,,,,,,2.726,,
2017-12-01,,,,2.860485873029694,2.729,,,,3.7776531551801726,,,,,,,,,,,,,,,,,,2.709,,
2017-12-04,,,,2.855212115889152,2.723,,,,3.7776531551801726,,,,,,,,,,,,,,,,,,2.701,,
2017-12-05,,,,2.854157364461044,2.723,,,,3.787905853109356,,,,,,,,,,,,,,,,,,2.702,,
2017-12-06,,,,2.8478288558923945,2.706,,,,3.812139502760154,,,,,,,,,,,,,,,,,,2.684,,
2017-12-07,,,,2.8383360930394193,2.708,,,,3.786973789661249,,,,,,,,,,,,,,,,,,2.683,,
2017-12-08,,,,2.807748301624279,2.689,,,,3.7487591882888367,,,,,,,,,,,,,,,,,,2.65,,
2017-12-11,,,,2.8056387987680624,2.674,,,,3.7841775993169255,,,,,,,,,,,,,,,,,,2.65,,
2017-12-12,,,,2.806693550196171,2.671,,,,3.843829659995813,,,,,,,,,,,,,,,,,,2.649,,
2017-12-13,,,,2.8003650416275208,2.668,,,,3.786973789661249,,,,,,,,,,,,,,,,,,2.646,,
2017-12-14,,,,2.8193505673334704,2.68,,,,3.814935693104477,,,,,,,,,,,,,,,,,,2.672,,
2017-12-15,,,,2.82567907590212,2.687,,,,3.7916341069017863,,,,,,,,,,,,,,,,,,2.672,,
2017-12-18,,,,2.8204053187615785,2.691,,,,3.754351568977482,,,,,,,,,,,,,,,,,,2.673,,
2017-12-19,,,,2.829898081614553,2.698,,,,3.7562156958736974,,,,,,,,,,,,,,,,,,2.68,,
2017-12-20,,,,2.836226590183203,2.709,,,,3.7990906144866474,,,,,,,,,,,,,,,,,,2.685,,
2017-12-21,,,,2.829898081614553,2.703,,,,3.786041726213141,,,,,,,,,,,,,,,,,,2.679,,
2017-12-22,,,,2.828843330186445,2.697,,,,3.838237279307168,,,,,,,,,,,,,,,,,,2.676,,
2017-12-25,,,,2.8446646016080694,2.706,,,,3.8251883910336617,,,,,,,,,,,,,,,,,,2.691,,
2017-12-26,,,,2.8478288558923945,2.714,,,,3.807479185519616,,,,,,,,,,,,,,,,,,2.692,,
2017-12-27,,,,2.856266867317261,2.717,,,,3.816799820000692,,,,,,,,,,,,,,,,,,2.688,,
2017-12-28,,,,2.859431121601585,2.727,,,,3.757147759321805,,,,,,,,,,,,,,,,,,2.698,,
2017-12-29,,,,2.864704878742127,2.739,,,,3.789769980005571,,,,,,,,,,,,,,,,,,2.703,,
2018-01-02,,,,2.876307144451318,2.744,,,,3.808411248967724,,,,,,,,,,,,,,,,,,2.722,,
2018-01-03,,,,2.8995116758697006,2.763,,,,3.855014421373105,,,,,,,,,,,,,,,,,,2.74,,
2018-01-04,,,,2.8784166473075348,2.756,,,,3.875519817231473,,,,,,,,,,,,,,,,,,2.719,,
2018-01-05,,,,2.895292670157267,2.76,,,,3.895093149641733,,,,,,,,,,,,,,,,,,2.73,,
2018-01-08,,,,2.8963474215853755,2.766,,,,3.9016175937784854,,,,,,,,,,,,,,,,,,2.73,,
2018-01-09,,,,2.897402173013484,2.763,,,,3.9183947358444224,,,,,,,,,,,,,,,,,,2.734,,
2018-01-10,,,,2.900566427297809,2.762,,,,3.946356639287651,,,,,,,,,,,,,,,,,,2.73,,
2018-01-11,,,,2.9047854330102423,2.771,,,,3.960337591009265,,,,,,,,,,,,,,,,,,2.739,,
2018-01-12,,,,2.9100591901507835,2.775,,,,3.961269654457374,,,,,,,,,,,,,,,,,,2.74,,
2018-01-15,,,,2.923770958716191,2.809,,,,3.982707113763848,,,,,,,,,,,,,,,,,,2.783,,
2018-01-16,,,,2.923770958716191,2.783,,,,3.975250606178987,,,,,,,,,,,,,,,,,,2.783,,
2018-01-17,,,,2.9206067044318664,2.783,,,,4.016261397895723,,,,,,,,,,,,,,,,,,2.783,,
2018-01-18,,,,2.8995116758697006,2.77,,,,4.008804890310862,,,,,,,,,,,,,,,,,,2.76,,
2018-01-19,,,,2.897402173013484,2.758,,,,4.031174413065445,,,,,,,,,,,,,,,,,,2.755,,
2018-01-22,,,,2.8921284158729423,2.759,,,,4.028378222721122,,,,,,,,,,,,,,,,,,2.758,,
2018-01-23,,,,2.8910736644448343,2.759,,,,4.0572721896124575,,,,,,,,,,,,,,,,,,2.758,,
2018-01-24,,,,2.9026759301540253,2.774,,,,4.089894410296224,,,,,,,,,,,,,,,,,,2.767,,
2018-01-25,,,,2.9163876987194333,2.78,,,,4.089894410296224,,,,,,,,,,,,,,,,,,2.782,,
2018-01-26,,,,2.9058401844383503,2.775,,,,4.054475999268135,,,,,,,,,,,,,,,,,,2.767,,
2018-01-29,,,,2.8942379187291594,2.76,,,,4.096418854432978,,,,,,,,,,,,,,,,,,2.759,,
2018-01-30,,,,2.8773618958794267,2.745,,,,4.0004163192778925,,,,,,,,,,,,,,,,,,2.743,,
2018-01-31,,,,2.8678691330264514,2.737,,,,3.957541400664943,,,,,,,,,,,,,,,,,,2.734,,
2018-02-01,,,,2.864704878742127,2.735,,,,3.979910923419525,,,,,,,,,,,,,,,,,,2.731,,
2018-02-02,,,,2.8678691330264514,2.731,,,,3.923987116533069,,,,,,,,,,,,,,,,,,2.733,,
2018-02-05,,,,2.8478288558923945,2.721,,,,3.9416963220471137,,,,,,,,,,,,,,,,,,2.712,,
2018-02-06,,,,2.856266867317261,2.721,,,,3.914666482051993,,,,,,,,,,,,,,,,,,2.722,,
2018-02-07,,,,2.8214600701896866,2.708,,,,3.914666482051993,,,,,,,,,,,,,,,,,,2.686,,
2018-02-08,,,,2.808803053052387,2.682,,,,3.7655363303547738,,,,,,,,,,,,,,,,,,2.674,,
2018-02-09,,,,2.827788578758337,2.695,,,,3.639707764860245,,,,,,,,,,,,,,,,,,2.696,,
2018-02-12,,,,2.8140768101929288,2.69,,,,3.5753953869408193,,,,,,,,,,,,,,,,,,2.683,,
2018-02-13,,,,2.8309528330426614,2.7,,,,3.650892526237537,,,,,,,,,,,,,,,,,,2.701,,
2018-02-14,,,,2.8488836073205026,2.713,,,,3.673262048992119,,,,,,,,,,,,,,,,,,2.717,,
2018-02-22,,,,2.836226590183203,2.718,,,,3.7431668076001903,,,,,,,,,,,,,,,,,,2.707,,
2018-02-23,,,,2.843609850179962,2.712,,,,3.778585218628281,,,,,,,,,,,,,,,,,,2.712,,
2018-02-26,,,,2.8467741044642856,2.715,,,,3.8195960103450153,,,,,,,,,,,,,,,,,,2.714,,
2018-02-27,,,,2.8488836073205026,2.725,,,,3.847557913788244,,,,,,,,,,,,,,,,,,2.717,,
2018-02-28,,,,2.827788578758337,2.705,,,,3.754351568977482,,,,,,,,,,,,,,,,,,2.695,,
2018-03-01,,,,2.8235695730459036,2.695,,,,3.728253792430469,,,,,,,,,,,,,,,,,,2.692,,
2018-03-02,,,,2.82567907590212,2.694,,,,3.7468950613926206,,,,,,,,,,,,,,,,,,2.693,,
2018-03-05,,,,2.843609850179962,2.711,,,,3.75155537863316,,,,,,,,,,,,,,,,,,2.71,,
2018-03-06,,,,2.843609850179962,2.707,,,,3.767400457250989,,,,,,,,,,,,,,,,,,2.703,,
2018-03-07,,,,2.857321618745369,2.719,,,,3.7934982337980023,,,,,,,,,,,,,,,,,,2.723,,
2018-03-08,,,,2.843609850179962,2.71,,,,3.767400457250989,,,,,,,,,,,,,,,,,,2.71,,
2018-03-09,,,,2.837281341611311,2.712,,,,3.8102753758639394,,,,,,,,,,,,,,,,,,2.703,,
2018-03-12,,,,2.834117087326986,2.703,,,,3.850354104132567,,,,,,,,,,,,,,,,,,2.701,,
2018-03-13,,,,2.835171838755095,2.702,,,,3.840101406203383,,,,,,,,,,,,,,,,,,2.701,,
2018-03-14,,,,2.834117087326986,2.703,,,,3.7934982337980023,,,,,,,,,,,,,,,,,,2.703,,
2018-03-15,,,,2.835171838755095,2.703,,,,3.7841775993169255,,,,,,,,,,,,,,,,,,2.701,,
2018-03-16,,,,2.8172410644772534,2.697,,,,3.812139502760154,,,,,,,,,,,,,,,,,,2.687,,
2018-03-19,,,,2.816186313049146,2.688,,,,3.7739249013877423,,,,,,,,,,,,,,,,,,2.682,,
2018-03-20,,,,2.8193505673334704,2.684,,,,3.7832455358688186,,,,,,,,,,,,,,,,,,2.687,,
2018-03-21,,,,2.818295815905362,2.685,,,,3.808411248967724,,,,,,,,,,,,,,,,,,2.685,,
2018-03-22,,,,2.8467741044642856,2.717,,,,3.780449345524496,,,,,,,,,,,,,,,,,,2.715,,
2018-03-23,,,,2.8636501273140182,2.73,,,,3.635047447619707,,,,,,,,,,,,,,,,,,2.73,,
2018-03-26,,,,2.8784166473075348,2.744,,,,3.6005611000397253,,,,,,,,,,,,,,,,,,2.743,,
2018-03-27,,,,2.8636501273140182,2.738,,,,3.654620780029967,,,,,,,,,,,,,,,,,,2.732,,
2018-03-28,,,,2.857321618745369,2.731,,,,3.610813797968909,,,,,,,,,,,,,,,,,,2.727,,
2018-03-29,,,,2.8309528330426614,2.709,,,,3.5856480848700034,,,,,,,,,,,,,,,,,,2.701,,
2018-03-30,,,,2.8193505673334704,2.696,,,,3.63784363796403,,,,,,,,,,,,,,,,,,2.69,,
2018-04-02,,,,2.8267338273302283,2.697,,,,3.632251257275384,,,,,,,,,,,,,,,,,,2.698,,
2018-04-03,,,,2.8478288558923945,2.714,,,,3.596832846247295,,,,,,,,,,,,,,,,,,2.717,,
2018-04-04,,,,2.836226590183203,2.705,,,,3.604289353832156,,,,,,,,,,,,,,,,,,2.703,,
2018-04-09,,,,2.836226590183203,2.711,,,,3.5903084021105416,,,,,,,,,,,,,,,,,,2.707,,
2018-04-10,,,,2.8499383587486107,2.711,,,,3.59496871935108,,,,,,,,,,,,,,,,,,2.717,,
2018-04-11,,,,2.8478288558923945,2.71,,,,3.670465858647797,,,,,,,,,,,,,,,,,,2.717,,
2018-04-12,,,,2.864704878742127,2.732,,,,3.664873477959151,,,,,,,,,,,,,,,,,,2.732,,
2018-04-13,,,,2.8478288558923945,2.726,,,,3.6490283993413217,,,,,,,,,,,,,,,,,,2.717,,
2018-04-16,,,,2.859431121601585,2.725,,,,3.595900782799187,,,,,,,,,,,,,,,,,,2.728,,
2018-04-17,,,,2.861540624457802,2.723,,,,3.5558220545305597,,,,,,,,,,,,,,,,,,2.728,,
2018-04-18,,,,2.859431121601585,2.728,,,,3.5241318972949007,,,,,,,,,,,,,,,,,,2.726,,
2018-04-19,,,,2.86259537588591,2.729,,,,3.509218882125179,,,,,,,,,,,,,,,,,,2.729,,
2018-04-20,,,,2.857321618745369,2.733,,,,3.5390449124646226,,,,,,,,,,,,,,,,,,2.726,,
2018-04-23,,,,2.836226590183203,2.709,,,,3.488713486266811,,,,,,,,,,,,,,,,,,2.707,,
2018-04-24,,,,2.829898081614553,2.703,,,,3.5176074531581474,,,,,,,,,,,,,,,,,,2.698,,
2018-04-25,,,,2.837281341611311,2.703,,,,3.5688709428040664,,,,,,,,,,,,,,,,,,2.704,,
2018-04-26,,,,2.829898081614553,2.702,,,,3.567006815907851,,,,,,,,,,,,,,,,,,2.698,,
2018-04-27,,,,2.8214600701896866,2.695,,,,3.510150945573286,,,,,,,,,,,,,,,,,,2.691,,
2018-05-02,,,,2.807748301624279,2.692,,,,3.513879199365717,,,,,,,,,,,,,,,,,,2.681,,
2018-05-03,,,,2.8204053187615785,2.69,,,,3.50083031109221,,,,,,,,,,,,,,,,,,2.69,,
2018-05-04,,,,2.818295815905362,2.689,,,,3.528792214535439,,,,,,,,,,,,,,,,,,2.688,,
2018-05-07,,,,2.83200758447077,2.697,,,,3.5194715800543626,,,,,,,,,,,,,,,,,,2.7,,
2018-05-08,,,,2.8267338273302283,2.695,,,,3.574463323492712,,,,,,,,,,,,,,,,,,2.696,,
2018-05-09,,,,2.822514821617795,2.695,,,,3.6164061786575545,,,,,,,,,,,,,,,,,,2.693,,
2018-05-10,,,,2.8214600701896866,2.692,,,,3.6173382421056623,,,,,,,,,,,,,,,,,,2.693,,
2018-05-11,,,,2.82567907590212,2.7,,,,3.63784363796403,,,,,,,,,,,,,,,,,,2.694,,
2018-05-14,,,,2.82567907590212,2.696,,,,3.6173382421056623,,,,,,,,,,,,,,,,,,2.694,,
2018-05-15,,,,2.8151315616210373,2.694,,,,3.6490283993413217,,,,,,,,,,,,,,,,,,2.685,,
2018-05-16,,,,2.783489018777788,2.662,,,,3.642503955204568,,,,,,,,,,,,,,,,,,2.654,,
2018-05-17,,,,2.7771605102091383,2.656,,,,3.627590940034846,,,,,,,,,,,,,,,,,,2.646,,
2018-05-18,,,,2.7750510073529218,2.648,,,,3.599629036591618,,,,,,,,,,,,,,,,,,2.644,,
2018-05-21,,,,2.778215261637247,2.648,,,,3.658349033822397,,,,,,,,,,,,,,,,,,2.649,,
2018-05-22,,,,2.778215261637247,2.647,,,,3.651824589685644,,,,,,,,,,,,,,,,,,2.648,,
2018-05-23,,,,2.780324764493463,2.652,,,,3.627590940034846,,,,,,,,,,,,,,,,,,2.652,,
2018-05-24,,,,2.7877080244902213,2.658,,,,3.5884442752143264,,,,,,,,,,,,,,,,,,2.659,,
2018-05-25,,,,2.803529295911846,2.676,,,,3.55955030832299,,,,,,,,,,,,,,,,,,2.676,,
2018-05-28,,,,2.8003650416275208,2.679,,,,3.55955030832299,,,,,,,,,,,,,,,,,,2.67,,
2018-05-29,,,,2.806693550196171,2.678,,,,3.569803006252174,,,,,,,,,,,,,,,,,,2.678,,
2018-05-30,,,,2.818295815905362,2.686,,,,3.506422691780856,,,,,,,,,,,,,,,,,,2.688,,
2018-05-31,,,,2.8130220587648203,2.689,,,,3.4933738035073496,,,,,,,,,,,,,,,,,,2.684,,
2018-06-01,,,,2.806693550196171,2.683,,,,3.528792214535439,,,,,,,,,,,,,,,,,,2.677,,
2018-06-04,,,,2.8014197930556293,2.68,,,,3.5390449124646226,,,,,,,,,,,,,,,,,,2.671,,
2018-06-05,,,,2.7919270302026544,2.667,,,,3.5511617372900215,,,,,,,,,,,,,,,,,,2.662,,
2018-06-06,,,,2.798255538771304,2.668,,,,3.580055704181358,,,,,,,,,,,,,,,,,,2.668,,
2018-06-07,,,,2.794036533058871,2.669,,,,3.5912404655586494,,,,,,,,,,,,,,,,,,2.664,,
2018-06-08,,,,2.7950912844869795,2.666,,,,3.569803006252174,,,,,,,,,,,,,,,,,,2.665,,
2018-06-11,,,,2.8003650416275208,2.67,,,,3.5148112628138244,,,,,,,,,,,,,,,,,,2.67,,
2018-06-12,,,,2.804584047339954,2.674,,,,3.5399769759127304,,,,,,,,,,,,,,,,,,2.674,,
2018-06-13,,,,2.798255538771304,2.67,,,,3.562346498667313,,,,,,,,,,,,,,,,,,2.669,,
2018-06-14,,,,2.802474544483738,2.669,,,,3.527860151087331,,,,,,,,,,,,,,,,,,2.669,,
2018-06-15,,,,2.816186313049146,2.685,,,,3.523199833846793,,,,,,,,,,,,,,,,,,2.686,,
2018-06-19,,,,2.7908722787745464,2.675,,,,3.4998982476441025,,,,,,,,,,,,,,,,,,2.678,,
2018-06-20,,,,2.7855985216340047,2.661,,,,3.389914760767404,,,,,,,,,,,,,,,,,,2.656,,
2018-06-21,,,,2.772941504496705,2.65,,,,3.4038957124890183,,,,,,,,,,,,,,,,,,2.643,,
2018-06-22,,,,2.7771605102091383,2.65,,,,3.364749047668498,,,,,,,,,,,,,,,,,,2.649,,
2018-06-25,,,,2.792981781630763,2.66,,,,3.4001674586965875,,,,,,,,,,,,,,,,,,2.663,,
2018-06-26,,,,2.7877080244902213,2.659,,,,3.309757304230149,,,,,,,,,,,,,,,,,,2.659,,
2018-06-27,,,,2.7855985216340047,2.661,,,,3.311621431126364,,,,,,,,,,,,,,,,,,2.658,,
2018-06-28,,,,2.7919270302026544,2.665,,,,3.2156188959712795,,,,,,,,,,,,,,,,,,2.663,,
2018-06-29,,,,2.786653273062113,2.664,,,,3.2146868325231717,,,,,,,,,,,,,,,,,,2.66,,
2018-07-02,,,,2.7950912844869795,2.664,,,,3.2911160352679967,,,,,,,,,,,,,,,,,,2.665,,
2018-07-03,,,,2.794036533058871,2.668,,,,3.2081623883864188,,,,,,,,,,,,,,,,,,2.665,,
2018-07-04,,,,2.8098578044804956,2.68,,,,3.190453182872374,,,,,,,,,,,,,,,,,,2.679,,
2018-07-05,,,,2.806693550196171,2.679,,,,3.1643554063253605,,,,,,,,,,,,,,,,,,2.676,,
2018-07-06,,,,2.807748301624279,2.676,,,,3.1429179470188853,,,,,,,,,,,,,,,,,,2.678,,
2018-07-09,,,,2.808803053052387,2.666,,,,3.178336358046975,,,,,,,,,,,,,,,,,,2.678,,
2018-07-10,,,,2.798255538771304,2.668,,,,3.2622220683766603,,,,,,,,,,,,,,,,,,2.668,,
2018-07-11,,,,2.804584047339954,2.673,,,,3.206298261490203,,,,,,,,,,,,,,,,,,2.674,,
2018-07-12,,,,2.804584047339954,2.679,,,,3.209094451834526,,,,,,,,,,,,,,,,,,2.674,,
2018-07-13,,,,2.798255538771304,2.668,,,,3.289251908371781,,,,,,,,,,,,,,,,,,2.668,,
2018-07-16,,,,2.7961460359150876,2.667,,,,3.2911160352679967,,,,,,,,,,,,,,,,,,2.668,,
2018-07-17,,,,2.7887627759183298,2.66,,,,3.276203020098275,,,,,,,,,,,,,,,,,,2.658,,
2018-07-18,,,,2.7761057587810303,2.65,,,,3.2640861952728755,,,,,,,,,,,,,,,,,,2.647,,
2018-07-19,,,,2.7739962559248137,2.643,,,,3.261290004928553,,,,,,,,,,,,,,,,,,2.644,,
2018-07-20,,,,2.7813795159215715,2.652,,,,3.2445128628626154,,,,,,,,,,,,,,,,,,2.653,,
2018-07-23,,,,2.7961460359150876,2.668,,,,3.2901839718198884,,,,,,,,,,,,,,,,,,2.667,,
2018-07-24,,,,2.798255538771304,2.67,,,,3.337719207673377,,,,,,,,,,,,,,,,,,2.668,,
2018-07-25,,,,2.798255538771304,2.669,,,,3.392710951111727,,,,,,,,,,,,,,,,,,2.669,,
2018-07-26,,,,2.797200787343196,2.683,,,,3.388050633871188,,,,,,,,,,,,,,,,,,2.667,,
2018-07-27,,,,2.8014197930556293,2.673,,,,3.342379524913915,,,,,,,,,,,,,,,,,,2.67,,
2018-07-30,,,,2.8003650416275208,2.674,,,,3.337719207673377,,,,,,,,,,,,,,,,,,2.67,,
2018-07-31,,,,2.8014197930556293,2.675,,,,3.3153496849187944,,,,,,,,,,,,,,,,,,2.671,,
2018-08-01,,,,2.8014197930556293,2.674,,,,3.350768095946884,,,,,,,,,,,,,,,,,,2.672,,
2018-08-02,,,,2.7961460359150876,2.67,,,,3.2473090532069384,,,,,,,,,,,,,,,,,,2.665,,
2018-08-03,,,,2.7919270302026544,2.66,,,,3.18392873873562,,,,,,,,,,,,,,,,,,2.661,,
2018-08-06,,,,2.797200787343196,2.665,,,,3.1401217566745627,,,,,,,,,,,,,,,,,,2.665,,
2018-08-07,,,,2.786653273062113,2.661,,,,3.1130919166794415,,,,,,,,,,,,,,,,,,2.661,,
2018-08-08,,,,2.78243426734968,2.653,,,,3.1885890559761583,,,,,,,,,,,,,,,,,,2.653,,
2018-08-09,,,,2.786653273062113,2.659,,,,3.1457141373632083,,,,,,,,,,,,,,,,,,2.659,,
2018-08-10,,,,2.7877080244902213,2.658,,,,3.218415086315602,,,,,,,,,,,,,,,,,,2.658,,
2018-08-13,,,,2.792981781630763,2.659,,,,3.1969776270091272,,,,,,,,,,,,,,,,,,2.664,,
2018-08-14,,,,2.771886753068597,2.649,,,,3.211890642178849,,,,,,,,,,,,,,,,,,2.641,,
2018-08-15,,,,2.7708320016404886,2.645,,,,3.1988417539053424,,,,,,,,,,,,,,,,,,2.64,,
2018-08-16,,,,2.7275871930880484,2.634,,,,3.103771282198365,,,,,,,,,,,,,,,,,,2.61,,
2018-08-17,,,,2.741298961653457,2.606,,,,3.133597312537809,,,,,,,,,,,,,,,,,,2.602,,
2018-08-20,,,,2.7370799559410237,2.607,,,,3.0711490615145984,,,,,,,,,,,,,,,,,,2.608,,
2018-08-21,,,,2.749736973078323,2.625,,,,3.095382711165397,,,,,,,,,,,,,,,,,,2.62,,
2018-08-22,,,,2.7571202330750806,2.632,,,,3.155034771844284,,,,,,,,,,,,,,,,,,2.627,,
2018-08-23,,,,2.7560654816469725,2.632,,,,3.1457141373632083,,,,,,,,,,,,,,,,,,2.628,,
2018-08-24,,,,2.7507917245064313,2.628,,,,3.147578264259423,,,,,,,,,,,,,,,,,,2.623,,
2018-08-27,,,,2.764503493071839,2.636,,,,3.1643554063253605,,,,,,,,,,,,,,,,,,2.638,,
2018-08-28,,,,2.771886753068597,2.643,,,,3.2379884187258625,,,,,,,,,,,,,,,,,,2.644,,
2018-08-29,,,,2.7634487416437308,2.64,,,,3.224007467004248,,,,,,,,,,,,,,,,,,2.636,,
2018-08-30,,,,2.768722498784272,2.642,,,,3.2156188959712795,,,,,,,,,,,,,,,,,,2.643,,
2018-08-31,,,,2.7708320016404886,2.642,,,,3.170879850462114,,,,,,,,,,,,,,,,,,2.642,,
2018-09-03,,,,2.767667747356164,2.64,,,,3.155966835292392,,,,,,,,,,,,,,,,,,2.64,,
2018-09-04,,,,2.7634487416437308,2.637,,,,3.1522385814999616,,,,,,,,,,,,,,,,,,2.637,,
2018-09-05,,,,2.7539559787907564,2.631,,,,3.178336358046975,,,,,,,,,,,,,,,,,,2.625,,
2018-09-06,,,,2.7602844873594057,2.646,,,,3.1233446146086252,,,,,,,,,,,,,,,,,,2.632,,
2018-09-07,,,,2.7634487416437308,2.642,,,,3.107499535990796,,,,,,,,,,,,,,,,,,2.638,,
2018-09-10,,,,2.766612995928056,2.639,,,,3.106567472542688,,,,,,,,,,,,,,,,,,2.637,,
2018-09-11,,,,2.7623939902156227,2.635,,,,3.0748773153070292,,,,,,,,,,,,,,,,,,2.637,,
2018-09-12,,,,2.767667747356164,2.642,,,,3.0618284270335225,,,,,,,,,,,,,,,,,,2.641,,
2018-09-13,,,,2.7739962559248137,2.645,,,,3.0720811249627062,,,,,,,,,,,,,,,,,,2.646,,
2018-09-14,,,,2.778215261637247,2.65,,,,3.077673505651352,,,,,,,,,,,,,,,,,,2.649,,
2018-09-17,,,,2.78243426734968,2.652,,,,3.0618284270335225,,,,,,,,,,,,,,,,,,2.645,,
2018-09-18,,,,2.7750510073529218,2.647,,,,3.03945890427894,,,,,,,,,,,,,,,,,,2.648,,
2018-09-19,,,,2.7739962559248137,2.648,,,,3.103771282198365,,,,,,,,,,,,,,,,,,2.646,,
2018-09-20,,,,2.779270013065355,2.653,,,,3.150374454603746,,,,,,,,,,,,,,,,,,2.651,,
2018-09-21,,,,2.779270013065355,2.652,,,,3.157830962188607,,,,,,,,,,,,,,,,,,2.654,,
2018-09-25,,,,2.78243426734968,2.657,,,,3.2128227056269565,,,,,,,,,,,,,,,,,,2.648,,
2018-09-26,,,,2.778215261637247,2.653,,,,3.2156188959712795,,,,,,,,,,,,,,,,,,2.652,,
2018-09-27,,,,2.778215261637247,2.654,,,,3.23892048217397,,,,,,,,,,,,,,,,,,2.648,,
2018-09-28,,,,2.7571202330750806,2.645,,,,3.240784609070185,,,,,,,,,,,,,,,,,,2.635,,
2018-10-08,,,,2.7634487416437308,2.641,,,,3.1979096904572346,,,,,,,,,,,,,,,,,,2.65,,
2018-10-09,,,,2.780324764493463,2.657,,,,3.1205484242643022,,,,,,,,,,,,,,,,,,2.651,,
2018-10-10,,,,2.779270013065355,2.653,,,,3.1233446146086252,,,,,,,,,,,,,,,,,,2.651,,
2018-10-11,,,,2.8003650416275208,2.66,,,,3.029206206349756,,,,,,,,,,,,,,,,,,2.663,,
2018-10-12,,,,2.8235695730459036,2.696,,,,2.9620976380860076,,,,,,,,,,,,,,,,,,2.7,,
2018-10-15,,,,2.8446646016080694,2.713,,,,3.018953508420572,,,,,,,,,,,,,,,,,,2.715,,
2018-10-16,,,,2.858376370173477,2.728,,,,2.973282399463298,,,,,,,,,,,,,,,,,,2.728,,
2018-10-17,,,,2.8488836073205026,2.722,,,,2.987263351184913,,,,,,,,,,,,,,,,,,2.715,,
2018-10-18,,,,2.853102613032936,2.724,,,,2.940660178779532,,,,,,,,,,,,,,,,,,2.724,,
2018-10-19,,,,2.864704878742127,2.733,,,,2.880076054652537,,,,,,,,,,,,,,,,,,2.738,,
2018-10-22,,,,2.864704878742127,2.734,,,,3.029206206349756,,,,,,,,,,,,,,,,,,2.732,,
2018-10-23,,,,2.858376370173477,2.727,,,,3.122412551160518,,,,,,,,,,,,,,,,,,2.729,,
2018-10-24,,,,2.882635653019968,2.75,,,,3.0161573180762495,,,,,,,,,,,,,,,,,,2.754,,
2018-10-25,,,,2.8910736644448343,2.761,,,,2.9546411305011464,,,,,,,,,,,,,,,,,,2.763,,
2018-10-26,,,,2.8847451558761845,2.751,,,,3.045983348415693,,,,,,,,,,,,,,,,,,2.751,,
2018-10-29,,,,2.890018913016726,2.758,,,,3.00031223945842,,,,,,,,,,,,,,,,,,2.758,,
2018-10-30,,,,2.883690404448076,2.75,,,,2.9089700215438734,,,,,,,,,,,,,,,,,,2.749,,
2018-10-31,,,,2.8741976415951016,2.743,,,,2.959301447741685,,,,,,,,,,,,,,,,,,2.735,,
2018-11-01,,,,2.8488836073205026,2.722,,,,3.0208176353167873,,,,,,,,,,,,,,,,,,2.722,,
2018-11-02,,,,2.8668143815983433,2.745,,,,3.122412551160518,,,,,,,,,,,,,,,,,,2.733,,
2018-11-05,,,,2.86259537588591,2.731,,,,3.1130919166794415,,,,,,,,,,,,,,,,,,2.731,,
2018-11-06,,,,2.864704878742127,2.735,,,,3.0832658863399978,,,,,,,,,,,,,,,,,,2.735,,
2018-11-07,,,,2.8668143815983433,2.732,,,,3.077673505651352,,,,,,,,,,,,,,,,,,2.73,,
2018-11-08,,,,2.8668143815983433,2.735,,,,3.079537632547567,,,,,,,,,,,,,,,,,,2.729,,
2018-11-09,,,,2.8520478616048277,2.724,,,,3.0301382697978636,,,,,,,,,,,,,,,,,,2.722,,
2018-11-12,,,,2.83200758447077,2.719,,,,3.0012443029065277,,,,,,,,,,,,,,,,,,2.702,,
2018-11-13,,,,2.827788578758337,2.699,,,,3.0087008104913884,,,,,,,,,,,,,,,,,,2.696,,
2018-11-14,,,,2.818295815905362,2.689,,,,3.064624617377845,,,,,,,,,,,,,,,,,,2.687,,
2018-11-15,,,,2.8267338273302283,2.702,,,,3.036662713934617,,,,,,,,,,,,,,,,,,2.696,,
2018-11-16,,,,2.833062335898878,2.705,,,,3.0814017594437826,,,,,,,,,,,,,,,,,,2.705,,
2018-11-19,,,,2.8457193530361775,2.714,,,,3.085130013236213,,,,,,,,,,,,,,,,,,2.718,,
2018-11-20,,,,2.8467741044642856,2.721,,,,3.100043028405935,,,,,,,,,,,,,,,,,,2.72,,
2018-11-21,,,,2.853102613032936,2.725,,,,3.024545889109218,,,,,,,,,,,,,,,,,,2.723,,
2018-11-22,,,,2.856266867317261,2.725,,,,3.0618284270335225,,,,,,,,,,,,,,,,,,2.727,,
2018-11-23,,,,2.859431121601585,2.73,,,,3.0413230311751547,,,,,,,,,,,,,,,,,,2.729,,
2018-11-26,,,,2.857321618745369,2.731,,,,2.9760785898076216,,,,,,,,,,,,,,,,,,2.727,,
2018-11-27,,,,2.857321618745369,2.726,,,,2.983535097392483,,,,,,,,,,,,,,,,,,2.726,,
2018-11-28,,,,2.8520478616048277,2.722,,,,2.970486209118976,,,,,,,,,,,,,,,,,,2.715,,
2018-11-29,,,,2.8520478616048277,2.723,,,,3.0301382697978636,,,,,,,,,,,,,,,,,,2.724,,
2018-11-30,,,,2.859431121601585,2.731,,,,2.982603033944375,,,,,,,,,,,,,,,,,,2.732,,
2018-12-03,,,,2.8488836073205026,2.734,,,,3.100975091854042,,,,,,,,,,,,,,,,,,2.721,,
2018-12-04,,,,2.858376370173477,2.725,,,,3.0888582670286433,,,,,,,,,,,,,,,,,,2.727,,
2018-12-05,,,,2.8520478616048277,2.723,,,,3.064624617377845,,,,,,,,,,,,,,,,,,2.722,,
2018-12-06,,,,2.8668143815983433,2.728,,,,3.058100173241092,,,,,,,,,,,,,,,,,,2.735,,
2018-12-07,,,,2.8710333873107765,2.741,,,,3.0236138256611103,,,,,,,,,,,,,,,,,,2.739,,
2018-12-10,,,,2.8847451558761845,2.756,,,,2.9947198587697743,,,,,,,,,,,,,,,,,,2.758,,
2018-12-11,,,,2.900566427297809,2.766,,,,2.9947198587697743,,,,,,,,,,,,,,,,,,2.765,,
2018-12-12,,,,2.8942379187291594,2.764,,,,3.0152252546281417,,,,,,,,,,,,,,,,,,2.756,,
2018-12-13,,,,2.88158090159186,2.749,,,,3.0152252546281417,,,,,,,,,,,,,,,,,,2.749,,
2018-12-14,,,,2.8773618958794267,2.75,,,,3.0506436656562315,,,,,,,,,,,,,,,,,,2.747,,
2018-12-17,,,,2.879471398735643,2.742,,,,3.002176366354635,,,,,,,,,,,,,,,,,,2.744,,
2018-12-18,,,,2.8910736644448343,2.763,,,,2.9891274780811283,,,,,,,,,,,,,,,,,,2.761,,
2018-12-19,,,,2.8984569244415925,2.766,,,,2.9695541456708683,,,,,,,,,,,,,,,,,,2.765,,
2018-12-20,,,,2.8963474215853755,2.766,,,,2.929475417402241,,,,,,,,,,,,,,,,,,2.761,,
2018-12-21,,,,2.926935213000516,2.784,,,,2.9071058946476582,,,,,,,,,,,,,,,,,,2.791,,
2018-12-24,,,,2.9290447158567328,2.794,,,,2.867959229827138,,,,,,,,,,,,,,,,,,2.798,,
2018-12-25,,,,2.944865987278357,2.808,,,,2.8586385953460622,,,,,,,,,,,,,,,,,,2.809,,
2018-12-26,,,,2.9533039987032232,2.815,,,,2.8586385953460622,,,,,,,,,,,,,,,,,,2.817,,
2018-12-27,,,,2.9533039987032232,2.821,,,,2.8866004987892904,,,,,,,,,,,,,,,,,,2.815,,
2018-12-28,,,,2.952249247275115,2.815,,,,2.8502500243130933,,,,,,,,,,,,,,,,,,2.818,,
2019-01-02,,,,2.9606872586999815,2.818,,,,2.861434785690385,,,,,,,,,,,,,,,,,,2.821,,
2019-01-03,,,,2.975453778693498,2.842,,,,2.8111033594925736,,,,,,,,,,,,,,,,,,2.84,,
2019-01-04,,,,3.015534332961613,2.87,,,,2.797122407770959,,,,,,,,,,,,,,,,,,2.881,,
2019-01-07,,,,2.9817822872621473,2.843,,,,2.897785260166582,,,,,,,,,,,,,,,,,,2.84,,
2019-01-08,,,,2.972289524409173,2.838,,,,2.8959211332703667,,,,,,,,,,,,,,,,,,2.837,,
2019-01-09,,,,2.9606872586999815,2.826,,,,2.9071058946476582,,,,,,,,,,,,,,,,,,2.827,,
2019-01-10,,,,2.958577755843766,2.826,,,,2.916426529128734,,,,,,,,,,,,,,,,,,2.828,,
2019-01-11,,,,2.945920738706466,2.818,,,,2.9182906560249493,,,,,,,,,,,,,,,,,,2.811,,
2019-01-14,,,,2.9353732244253825,2.793,,,,2.940660178779532,,,,,,,,,,,,,,,,,,2.8,,
2019-01-15,,,,2.9406469815659237,2.802,,,,2.920154782921165,,,,,,,,,,,,,,,,,,2.805,,
2019-01-16,,,,2.9374827272815995,2.804,,,,2.9182906560249493,,,,,,,,,,,,,,,,,,2.805,,
2019-01-17,,,,2.9406469815659237,2.806,,,,2.916426529128734,,,,,,,,,,,,,,,,,,2.806,,
2019-01-18,,,,2.945920738706466,2.809,0.3752197986577181,0.723,,2.9089700215438734,4.441026471969272,,0.4263324724357505,0.5335712077566858,,,,,0.4877352043929225,,0.463318567026194,,,,,2.9597121015114687,,2.809,,
2019-01-21,,,,2.9427564844221408,2.803,0.3787667785234899,0.733,,2.950912876708716,4.4901039042705575,,0.4294250395933155,0.5403744836297218,,,,,0.4901787675411836,,0.4660554699537749,,,,,2.952283638008213,,2.799,,
2019-01-22,,,,2.9322089701410574,2.799,0.3792734899328859,0.734,,2.9611655746379,4.492990812052985,,0.432075811442657,0.5403744836297218,,,,,0.4906674801708359,,0.4676194144838211,,,,,2.940610338217382,,2.797,,
2019-01-23,,,,2.9406469815659237,2.806,0.3678724832214765,0.723,,2.9220189098173797,4.421780420086414,,0.4272160630521977,0.5345431043099766,,,,,0.4892013422818791,,0.4621456086286594,,,,,2.9533448470801065,,2.808,,
2019-01-24,,,,2.9406469815659237,2.795,0.3724328859060402,0.722,,2.92574716360981,4.440064169375129,,0.428983244285092,0.5355150008632675,,,,,0.4906674801708359,,0.460777157164869,,,,,2.9533448470801065,,2.8,,
2019-01-25,,,,2.9332637215691664,2.797,0.3734463087248322,0.731,,2.9471846229162857,4.467008642011129,,0.4298668349015391,0.5403744836297218,,,,,0.4916449054301404,,0.4615591294298921,,,,,2.950161219864426,,2.8,,
2019-01-28,,,,2.954358750131332,2.819,0.3775,0.734,,2.9798068436000524,4.4747070627642715,,0.432075811442657,0.5374587939698493,,,,,0.4955546064673581,,0.4680104006163327,,,,,2.968201774086618,,2.819,,
2019-01-29,,,,2.9638515129843066,2.835,0.3704060402684563,0.726,,2.956505257397362,4.425629630462986,,0.4307504255179863,0.5277398284369406,,,,,0.493111043319097,,0.4592132126348228,,,,,2.9788138648055544,,2.828,,
2019-01-30,,,,2.973344275837281,2.84,0.3698993288590604,0.716,,2.9620976380860076,4.351532330713986,,0.4316340161344335,0.5209365525639045,,,,,0.4950658938377059,,0.4572582819722649,,,,,2.987303537380704,,2.839,,
2019-01-31,,,,2.9807275358340393,2.852,0.3927013422818792,0.71,,2.9676900187746535,4.3428716073667,,0.4280996536686448,0.5131613801375776,,,,,0.4960433190970104,,0.4666419491525423,,,,,2.99473200088396,,2.842,,
2019-02-01,,,,2.976508530121606,2.84,0.3820604026845637,0.71,,3.00031223945842,4.326512463266272,,0.4272160630521977,0.5092737939244141,,,,,0.4979981696156192,,0.4703563174114021,,,,,2.989425955524492,,2.839,,
2019-02-11,,,,2.9838917901183644,2.851,0.3848473154362415,0.738,,3.024545889109218,4.445837984939986,,0.4356101739084456,0.5228803456704862,,,,,0.5014191580231849,,0.4734842064714945,,,,,3.0064053006747904,,2.847,,
2019-02-12,,,,2.9807275358340393,2.845,0.3863674496644295,0.759,,3.0748773153070292,4.539181336571842,,0.4426788988400228,0.5374587939698493,,,,,0.5072837095790117,,0.4781760400616332,,,,,2.997915628099641,,2.844,,
2019-02-13,,,,2.9860012929745805,2.85,0.3904211409395973,0.768,,3.102839218750258,4.5661258092078425,,0.4475386472304821,0.5471777595027578,,,,,0.5092385600976205,,0.4844318181818181,,,,,3.0032216734591093,,2.845,,
2019-02-14,,,,2.9786180329778227,2.847,0.3901677852348993,0.782,,3.1587630256367145,4.6469592271158415,,0.452840190929165,0.5549529319290848,,,,,0.514614399023795,,0.4850182973805854,,,,,2.998976837171534,,2.844,,
2019-02-15,,,,2.982837038690256,2.854,0.3886476510067114,0.782,,3.151306518051854,4.6517707400865556,,0.4554909627785065,0.5539810353757939,,,,,0.5136369737644906,,0.4828678736517719,,,,,2.996854419027747,,2.848,,
2019-02-18,,,,3.008151072964855,2.871,0.3886476510067114,0.788,,3.1345293759859167,4.6575445556514135,,0.4501894190798236,0.5578686215889573,,,,,0.5053288590604027,,0.4848228043143296,,,,,3.0286906911845577,,2.872,,
2019-02-19,,,,3.0144795815335046,2.874,0.3919412751677852,0.82,,3.2109585787307413,4.821135996655698,,0.4621178924018602,0.5734189664416113,,,,,0.5136369737644906,,0.487168721109399,,,,,3.0329355274721324,,2.88,,
2019-02-20,,,,3.039793615808104,2.904,0.3927013422818792,0.813,,3.20350207114588,4.801889944772841,,0.4607925064771894,0.5773065526547747,,,,,0.5146143990237949,,0.4863867488443759,,,,,3.0573433361256868,,2.906,,
2019-02-21,,,,3.034519858667562,2.894,0.3911812080536913,0.811,,3.205366198042096,4.79130461623727,,0.4630014830183073,0.5753627595481929,,,,,0.5151031116534472,,0.4818904083204929,,,,,3.054159708910006,,2.889,,
2019-02-22,,,,3.00498681868053,2.875,0.3894077181208053,0.812,,3.196045563561019,4.793229221425555,,0.4603507111689659,0.574390862994902,,,,,0.5107046979865771,,0.458040254237288,,,,,3.018078600465621,,2.865,,
2019-02-25,,,,2.9902202986870137,2.862,0.3924479865771811,0.869,,3.3367871442252697,5.021294936237412,,0.4687448220252138,0.6016039664870464,,,,,0.5155918242830994,,0.4838453389830507,,,,,3.012772555106152,,2.853,,
2019-02-26,,,,2.991275050115122,2.858,0.3934614093959731,0.901,,3.4896455497149192,5.263795189961411,,0.4895092015117219,0.626873276872609,,,,,0.5366064673581453,,0.4828678736517719,,,,,3.0064053006747904,,2.854,,
2019-02-27,,,,2.9933845529713388,2.86,0.3881409395973154,0.887,,3.438382060069,5.195471705777269,,0.4881838155870511,0.6171543113397002,,,,,0.531719341061623,,0.4824768875192603,,,,,3.0064053006747904,,2.856,,
2019-02-28,,,,2.972289524409173,2.841,0.3901677852348993,0.876,,3.4197407911068476,5.159866509793983,,0.4859748390459333,0.6171543113397002,,,,,0.5317193410616231,,0.4818904083204929,,,,,2.997915628099641,,2.843,,
2019-03-01,,,,2.9659610158405227,2.832,0.3896610738255033,0.894,,3.4393141235171076,5.187773285024126,,0.4890674062034983,0.6200700009995729,,,,,0.5307419158023186,,0.4824768875192603,,,,,2.9830587010931295,,2.827,,
2019-03-04,,,,2.9332637215691664,2.815,0.3944748322147651,0.916,,3.513879199365717,5.244549138078555,,0.4943689499021812,0.6278451734258998,,,,,0.5375838926174498,,0.4895146379044683,,,,,2.949100010792532,,2.798,,
2019-03-05,,,,2.912168693007,2.785,0.3929546979865772,0.936,,3.5176074531581474,5.288815057409126,,0.5014376748337585,0.6365922424055176,,,,,0.544425869432581,,0.4863867488443759,,,,,2.9236309930670834,,2.784,,
2019-03-06,,,,2.907949687294567,2.774,0.3911812080536913,0.98,,3.550229673841914,5.472614852890411,,0.51027358099823,0.662833449344371,,,,,0.548824283099451,,0.4858002696456085,,,,,2.9215085749232963,,2.773,,
2019-03-07,,,,2.9163876987194333,2.79,0.3904211409395973,0.985,,3.569803006252174,5.561146691551554,,0.5146915340804658,0.6735243114305705,,,,,0.5546888346552776,,0.4842363251155623,,,,,2.9363655019298074,,2.782,,
2019-03-08,,,,2.91849720157565,2.781,0.3858607382550335,0.95,,3.4616836462716902,5.437971959501268,,0.5001122889090877,0.6793556907503157,,,,,0.5507791336180599,,0.480130970724191,,,,,2.9236309930670834,,2.783,,
2019-03-11,,,,2.9395922301378157,2.811,0.3830738255033557,0.964,,3.4122842835219864,5.429311236153983,,0.4908345874363926,0.6550582769180441,,,,,0.531719341061623,,0.478371533127889,,,,,2.9533448470801065,,2.809,,
2019-03-12,,,,2.9353732244253825,2.805,0.3901677852348993,1.01,,3.4840531690262733,5.651603135400982,,0.51027358099823,0.691018449389806,,,,,0.536117754728493,,0.4893191448382126,,,,,2.957589683367681,,2.798,,
2019-03-13,,,,2.94908499299079,2.837,0.4003020134228188,1.025,,3.4840531690262733,5.70164287029641,,0.5129243528475714,0.698793621816133,,,,,0.5439371568029285,,0.490687596302003,,,,,2.9607733105833622,,2.818,,
2019-03-14,,,,2.954358750131332,2.821,0.3972617449664429,0.965,,3.4532950752387217,5.523616890379982,,0.5071810138406648,0.6735243114305705,,,,,0.5419823062843198,,0.4934244992295838,,,,,2.9724466103741927,,2.822,,
2019-03-15,,,,2.9385374787097076,2.82,0.3972617449664429,0.962,,3.444906504205753,5.471652550296268,,0.4992286982926405,0.6647772424509528,,,,,0.536117754728493,,0.4955749229583975,,,,,2.9586508924395747,,2.801,,
2019-03-18,,,,2.9417017329940327,2.814,0.4005553691275167,0.963,,3.482189042130058,5.525541495568268,,0.5085063997653356,0.6725524148772796,,,,,0.5449145820622332,,0.4979208397534667,,,,,2.9565284742957876,,2.807,,
2019-03-19,,,,2.951194495847007,2.813,0.4041023489932885,0.985,,3.5903084021105416,5.684321423601839,,0.5217602590120429,0.6919903459430969,,,,,0.5629969493593655,,0.5014397149460708,,,,,2.9628957287271493,,2.815,,
2019-03-20,,,,2.954358750131332,2.823,0.4046090604026846,0.983,,3.5586182448748827,5.661226161342411,,0.5186676918544778,0.6890746562832244,,,,,0.5605533862111044,,0.5016352080123264,,,,,2.967140565014724,,2.82,,
2019-03-21,,,,2.96807051869674,2.85,0.4043557046979866,0.972,,3.5660747524597434,5.672773792472124,,0.5177841012380308,0.6871308631766426,,,,,0.5527339841366687,,0.5028081664098611,,,,,2.979875073877448,,2.833,,
2019-03-22,,,,2.9638515129843066,2.836,0.4104362416107383,0.981,,3.5632785621154204,5.740134974062124,,0.5151333293886893,0.6978217252628421,,,,,0.5634856619890177,,0.5098459167950692,,,,,2.984119910165023,,2.826,,
2019-03-25,,,,2.9817822872621473,2.85,0.4053691275167785,0.961,,3.5120150724695014,5.686246028790125,,0.508064604457112,0.6900465528365152,,,,,0.56397437461867,,0.4973343605546995,,,,,2.998976837171534,,2.849,,
2019-03-26,,,,2.991275050115122,2.855,0.4028355704697987,0.97,,3.4933738035073496,5.736285763685553,,0.5142497387722421,0.6958779321562604,,,,,0.5615308114704088,,0.5000712634822803,,,,,3.0064053006747904,,2.855,,
2019-03-27,,,,2.9860012929745805,2.851,0.4048624161073825,0.944,,3.4570233290311525,5.575581230463696,,0.5032048560666528,0.6764400010904431,,,,,0.5546888346552776,,0.5018307010785824,,,,,3.004282882531003,,2.85,,
2019-03-28,,,,2.976508530121606,2.847,0.4033422818791946,0.94,,3.4616836462716902,5.585204256405125,,0.5058556279159941,0.6783837941970248,,,,,0.5595759609518,,0.4981163328197225,,,,,3.0010992553153217,,2.841,,
2019-03-29,,,,2.9343184729972744,2.828,0.4079026845637584,0.943,,3.4719363442008744,5.531315311133125,,0.508064604457112,0.669636725217407,,,,,0.5556662599145822,,0.5000712634822804,,,,,2.9692629831585116,,2.809,,
2019-04-01,,,,2.922716207288083,2.79,0.4066359060402684,0.985,,3.6294550669310617,5.758418723350839,,0.5217602590120429,0.6939341390496787,,,,,0.5864551555826724,,0.5057405624036979,,,,,2.935304292857914,,2.789,,
2019-04-02,,,,2.922716207288083,2.79,0.414236577181208,1.02,,3.701223952435348,6.014391213392837,,0.5376648901080917,0.7182315528819504,,,,,0.5825454545454546,,0.5147332434514637,,,,,2.938487920073595,,2.79,,
2019-04-03,,,,2.9300994672848413,2.798,0.4160100671140939,1.009,,3.672329985544012,5.9085379280371235,,0.5372230947998681,0.7211472425418229,,,,,0.5805906040268457,,0.5121918335901385,,,,,2.9427327563611696,,2.797,,
2019-04-04,,,,2.927989964428624,2.797,0.414743288590604,1.024,,3.7534195055293744,6.04229798862298,,0.5451754103478924,0.7289224149681499,,,,,0.5893874313605858,,0.5161016949152541,,,,,2.9427327563611696,,2.794,,
2019-04-08,,,,2.9332637215691664,2.8,0.4162634228187919,1.031,,3.8195960103450153,6.105809959836408,,0.5513605446630225,0.7337818977346042,,,,,0.5976955460646737,,0.5176656394453003,,,,,2.9469775926487443,,2.8,,
2019-04-09,,,,2.94908499299079,2.816,0.4172768456375839,1.001,,3.767400457250989,5.9864844381626945,,0.550918749354799,0.7201753459885321,,,,,0.5947632702867603,,0.5192295839753466,,,,,2.965018146870937,,2.816,,
2019-04-10,,,,2.951194495847007,2.816,0.414996644295302,0.998,,3.767400457250989,5.995145161509981,,0.5518023399712461,0.7269786218615681,,,,,0.5952519829164125,,0.5157107087827425,,,,,2.965018146870937,,2.819,,
2019-04-11,,,,2.9627967615561985,2.827,0.4167701342281879,0.998,,3.789769980005571,6.0057304900455515,,0.5518023399712461,0.7260067253082773,,,,,0.6020939597315436,,0.5198160631741139,,,,,2.979875073877448,,2.828,,
2019-04-12,,,,2.9417017329940327,2.812,0.4187969798657718,0.977,,3.71240871381264,5.8989149020956955,,0.5398738666492096,0.7114282770089143,,,,,0.5947632702867603,,0.5196205701078581,,,,,2.9586508924395747,,2.804,,
2019-04-15,,,,2.921661455859975,2.789,0.4187969798657718,0.993,,3.769264584147204,5.964351478497409,,0.545617205656116,0.7192034494352413,,,,,0.5972068334350213,,0.5200115562403698,,,,,2.940610338217382,,2.789,,
2019-04-16,,,,2.9174424501475418,2.79,0.4205704697986577,0.96,,3.670465858647797,5.7824762882044105,,0.5314797557929616,0.7026812080292965,,,,,0.5908535692495425,,0.5213800077041602,,,,,2.9342430837860203,,2.784,,
2019-04-17,,,,2.900566427297809,2.774,0.4195570469798657,0.98,,3.7990906144866474,5.9499169395852665,,0.5473843868890104,0.7192034494352413,,,,,0.6011165344722392,,0.5235304314329737,,,,,2.918324947707615,,2.772,,
2019-04-18,,,,2.890018913016726,2.76,0.4177835570469798,0.991,,3.7907020434536793,5.958577662932552,,0.5473843868890104,0.7221191390951138,,,,,0.5942745576571079,,0.5239214175654853,,,,,2.9098352751324654,,2.759,,
2019-04-19,,,,2.8921284158729423,2.761,0.4198104026845637,0.987,,3.786973789661249,5.9306708877024095,,0.5438500244232217,0.7192034494352413,,,,,0.5937858450274558,,0.5231394453004622,,,,,2.9055904388448908,,2.763,,
2019-04-22,,,,2.8963474215853755,2.765,0.4215838926174496,0.995,,3.840101406203383,5.9903336485392655,,0.5478261821972339,0.7269786218615681,,,,,0.5962294081757169,,0.5241169106317412,,,,,2.9098352751324654,,2.765,,
2019-04-23,,,,2.900566427297809,2.773,0.4215838926174496,0.978,,3.732914109671007,5.877744245024552,,0.5389902760327624,0.7211472425418229,,,,,0.5845003050640635,,0.5258763482280431,,,,,2.9172637386357216,,2.771,,
2019-04-24,,,,2.886854658732401,2.756,0.4269043624161074,0.977,,3.7459629979445137,5.7872878011751245,,0.5341305276423031,0.7124001735622052,,,,,0.5766809029896278,,0.5348690292758089,,,,,2.901345602557316,,2.756,,
2019-04-25,,,,2.8984569244415925,2.765,0.4296912751677852,0.994,,3.728253792430469,5.80942076084041,,0.5336887323340794,0.7143439666687869,,,,,0.5796131787675411,,0.5366284668721109,,,,,2.9002843934854226,,2.765,,
2019-04-26,,,,2.9068949358664584,2.772,0.4301979865771811,0.969,,3.652756653133752,5.62754557054741,,0.5191094871627014,0.6881027597299335,,,,,0.5634856619890177,,0.539951848998459,,,,,2.9204473658514023,,2.774,,
2019-04-29,,,,2.909004438722675,2.777,0.4372919463087248,0.96,,3.623862686242416,5.581355046028553,,0.5124825575393478,0.6861589666233517,,,,,0.5571323978035387,,0.5450346687211093,,,,,2.9236309930670834,,2.778,,
2019-04-30,,,,2.895292670157267,2.77,0.4408389261744966,0.934,,3.623862686242416,5.424499723183268,,0.5098317856900063,0.656030173471335,,,,,0.5585985356924955,,0.5501174884437596,,,,,2.918324947707615,,2.77,,
2019-05-06,,,,2.9364279758534906,2.795,0.4380520134228188,0.903,,3.5213357069505777,5.245511440672697,,0.5098317856900063,0.626873276872609,,,,,0.5375838926174497,,0.5436662172573189,,,,,2.9448551745049567,,2.798,,
2019-05-07,,,,2.925880461572408,2.791,0.4281711409395973,0.87,,3.4374499966208925,5.107902169710269,,0.4881838155870511,0.6122948285732459,,,,,0.542471018913972,,0.5381924114021571,,,,,2.9395491291454885,,2.791,,
2019-05-08,,,,2.9206067044318664,2.793,0.4248775167785235,0.856,,3.408556029729556,5.013596515484269,,0.4859748390459333,0.6074353458067916,,,,,0.5370951799877974,,0.5284177580893681,,,,,2.9416715472892756,,2.798,,
2019-05-09,,,,2.9322089701410574,2.8,0.4236107382550335,0.855,,3.388050633871188,5.052088619249983,,0.4793479094225796,0.6181262078929911,,,,,0.5375838926174497,,0.5280267719568565,,,,,2.9459163835768503,,2.8,,
2019-05-10,,,,2.9417017329940327,2.807,0.4225973154362415,0.86,,3.388050633871188,5.097316841174697,,0.4780225234979089,0.6220137941061546,,,,,0.5346516168395364,,0.5254853620955315,,,,,2.9533448470801065,,2.806,,
2019-05-13,,,,2.954358750131332,2.819,0.4231040268456376,0.873,,3.4346538062765695,5.130035129375555,,0.4886256108952748,0.626873276872609,,,,,0.5375838926174498,,0.5233349383667181,,,,,2.9660793559428305,,2.821,,
2019-05-14,,,,2.99865831011188,2.86,0.413476510067114,0.861,,3.3833903166306505,5.10501526192784,,0.4766971375732381,0.6229856906594454,,,,,0.5385613178767541,,0.5102369029275807,,,,,3.019139809537515,,2.863,,
2019-05-15,,,,2.994439304399447,2.86,0.413476510067114,0.87,,3.4132163469700942,5.146394273475983,,0.4850912484294861,0.6307608630857724,,,,,0.5331854789505797,,0.5174701463790445,,,,,3.010650136962365,,2.858,,
2019-05-16,,,,2.9849465415464724,2.848,0.4193036912751678,0.88,,3.455159202134937,5.214717757660125,,0.4908345874363926,0.6414517251719719,,,,,0.5400274557657108,,0.5254853620955315,,,,,2.996854419027747,,2.852,,
2019-05-17,,,,2.9743990272653895,2.844,0.4238640939597315,0.888,,3.476596661441412,5.267644400337983,,0.4948107452104048,0.6463112079384263,,,,,0.5473581452104943,,0.5291997303543913,,,,,2.99473200088396,,2.841,,
2019-05-20,,,,2.969125270124848,2.84,0.4225973154362415,0.853,,3.387118570423081,5.077108486697697,,0.4819986812719211,0.619098104446282,,,,,0.5351403294691885,,0.5270493066255778,,,,,2.987303537380704,,2.839,,
2019-05-21,,,,2.96807051869674,2.835,0.4165167785234899,0.853,,3.36008873042796,5.063636250379697,,0.4775807281896853,0.6220137941061546,,,,,0.5307419158023186,,0.5219664869029275,,,,,2.985181119236917,,2.835,,
2019-05-22,,,,2.9638515129843066,2.83,0.4172768456375839,0.862,,3.405759839385233,5.143507365693554,,0.4824404765801447,0.633676552745645,,,,,0.5370951799877974,,0.5245078967642526,,,,,2.981997492021236,,2.828,,
2019-05-23,,,,2.972289524409173,2.835,0.4182902684563758,0.858,,3.3787299993901123,5.109826774898554,,0.4797897047308032,0.626873276872609,,,,,0.5307419158023186,,0.5186431047765794,,,,,2.987303537380704,,2.836,,
2019-05-24,,,,2.9923298015432307,2.872,0.4106895973154362,0.84,,3.342379524913915,5.027068751802269,,0.4709537985663317,0.6122948285732459,,,,,0.5243886516168396,,0.5129738058551618,,,,,3.004282882531003,,2.855,,
2019-05-27,,,,2.9923298015432307,2.858,0.4086627516778523,0.838,,3.3470398421544534,5.007822699919412,,0.472720979799226,0.6103510354666642,,,,,0.5312306284319708,,0.5112143682588597,,,,,3.0170173913937273,,2.858,,
2019-05-28,,,,2.991275050115122,2.854,0.4104362416107383,0.865,,3.3815261897344353,5.115600590463412,,0.4780225234979089,0.626873276872609,,,,,0.5385613178767542,,0.511800847457627,,,,,3.007466509746684,,2.853,,
2019-05-29,,,,2.9838917901183644,2.85,0.4056224832214765,0.862,,3.392710951111727,5.090580723015698,,0.4793479094225796,0.626873276872609,,,,,0.5375838926174498,,0.5088684514637904,,,,,2.997915628099641,,2.85,,
2019-05-30,,,,2.9860012929745805,2.86,0.4035956375838926,0.863,,3.3983033318003724,5.080957697074269,,0.4793479094225796,0.6249294837660272,,,,,0.5366064673581453,,0.5061315485362095,,,,,3.0010992553153217,,2.85,,
2019-05-31,,,,3.008151072964855,2.869,0.4035956375838926,0.861,,3.394575078007942,5.072296973726983,,0.4784643188061325,0.6259013803193181,,,,,0.5375838926174498,,0.5043721109399075,,,,,3.0255070639688766,,2.876,,
2019-06-03,,,,3.038738864379995,2.905,0.4000486577181208,0.862,,3.397371268352265,5.083844604856698,,0.4775807281896853,0.6278451734258998,,,,,0.5395387431360587,,0.4973343605546995,,,,,3.0647717996289425,,2.906,,
2019-06-04,,,,3.080928921504327,2.942,0.3927013422818792,0.852,,3.389914760767404,5.013596515484269,,0.4753717516485675,0.6171543113397002,,,,,0.5395387431360588,,0.4901011171032357,,,,,3.096608071785753,,2.945,,
2019-06-05,,,,3.0819836729324357,2.943,0.3977684563758389,0.853,,3.3852544435268657,4.995312766195555,,0.4736045704156731,0.6093791389133734,,,,,0.5390500305064063,,0.5010487288135592,,,,,3.102975326217115,,2.943,,
2019-06-06,,,,3.090421684357302,2.955,0.4013154362416107,0.84,,3.3544963497393145,4.939499215735269,,0.4718373891827789,0.6093791389133734,,,,,0.5370951799877974,,0.5053495762711864,,,,,3.112526207864158,,2.955,,
2019-06-10,,,,3.0988596957821684,2.96,0.4094228187919463,0.826,,3.3367871442252697,4.842306653726841,,0.4638850736347545,0.5918850009541378,,,,,0.5385613178767541,,0.520598035439137,,,,,3.117832253223627,,2.96,,
2019-06-11,,,,3.09147643578541,2.954,0.4165167785234899,0.831,,3.3740696821495746,4.879836454898412,,0.4722791844910024,0.5986882768271737,,,,,0.5410048810250153,,0.5254853620955315,,,,,3.106158953432796,,2.954,,
2019-06-12,,,,3.080928921504327,2.943,0.4182902684563758,0.859,,3.4691401538565514,5.066523158162126,,0.484207657813039,0.6239575872127363,,,,,0.546869432580842,,0.5254853620955314,,,,,3.0944856536419656,,2.944,,
2019-06-13,,,,3.1083524586351428,2.972,0.414489932885906,0.853,,3.443974440757646,5.014558818078412,,0.4811150906554739,0.6142386216798277,,,,,0.5434484441732764,,0.523334938366718,,,,,3.126321925798776,,2.966,,
2019-06-14,,,,3.1283927357692005,2.986,0.4180369127516778,0.857,,3.443042377309538,5.043427895902697,,0.4806732953472504,0.6210418975528638,,,,,0.5434484441732765,,0.5243124036979969,,,,,3.142240061877181,,2.986,,
2019-06-17,,,,3.133666492909742,3.0,0.4185436241610737,0.841,,3.4150804738663094,4.964519083182983,,0.4744881610321203,0.6093791389133734,,,,,0.538072605247102,,0.5241169106317412,,,,,3.255789432569805,,3.0,,
2019-06-18,,,,3.130502238625417,2.991,0.4218372483221476,0.838,,3.428129362139816,4.967405990965412,,0.4784643188061325,0.6054915527002098,,,,,0.5395387431360588,,0.5274402927580892,,,,,3.1464848981647555,,2.991,,
2019-06-19,,,,3.119954724344334,2.99,0.4322248322147651,0.867,,3.515743326261932,5.085769210044984,,0.4811150906554739,0.6220137941061546,,,,,0.5454032946918854,,0.535651001540832,,,,,3.142240061877181,,2.98,,
2019-06-20,,,,3.195896827168131,3.14,0.4289312080536913,0.853,,3.4803249152338425,5.013596515484269,,0.4793479094225796,0.6142386216798277,,,,,0.5449145820622331,,0.5366284668721109,,,,,3.2133410696940574,,3.05,,
2019-06-21,,,,3.2180466071584055,3.074,0.4312114093959731,0.91,,3.593104592454864,5.216642362848412,,0.4908345874363926,0.6492268975982989,,,,,0.5566436851738865,,0.5393653697996919,,,,,3.2515445962822302,,3.075,,
2019-06-24,,,,3.2581271614265206,3.107,0.4307046979865772,0.889,,3.593104592454864,5.193547100588983,,0.4948107452104048,0.6375641389588085,,,,,0.5551775472849299,,0.5360419876733435,,,,,3.273829986791997,,3.109,,
2019-06-25,,1.531,,3.295043461410311,3.14,0.4294379194630872,0.878,,3.593104592454864,5.182961772053412,,0.4939271545939577,0.6356203458522267,,,,,0.553222696766321,1.043,0.5378014252696455,1.883,0.99,,,3.3056662589488077,,3.148,,
2019-06-26,,1.515,,3.281331692844903,3.138,0.4210771812080536,0.865,,3.537180785568407,5.100203748957126,,0.4908345874363926,0.6259013803193181,,,,,0.5498017083587554,1.031,0.526853813559322,1.854,0.992,,,3.3046050498769137,,3.132,,
2019-06-27,,1.53,,3.2570724099984125,3.109,0.4251308724832214,0.876,,3.5604823717710974,5.140620457911126,,0.4926017686692869,0.6297889665324815,,,,,0.548824283099451,1.038,0.530372688751926,1.864,0.996,,,3.2759524049357847,,3.113,,
2019-06-28,,1.544,,3.27078417856382,3.124,0.4261442953020134,0.885,,3.5977649096954023,5.168527233141269,,0.493485359285734,0.6365922424055176,,,,,0.5517565588773643,1.04,0.5327186055469953,1.871,0.998,,,3.288686913798509,,3.124,,
2019-07-01,,1.551,,3.195896827168131,3.07,0.4299446308724832,0.899,,3.655552843478074,5.23300150694884,,0.5005540842173113,0.6375641389588085,,,,,0.5498017083587554,1.051,0.5381924114021571,1.891,1.001,,,3.2101574424783763,,3.05,,
2019-07-02,,1.559,,3.195896827168131,3.051,0.4380520134228188,0.912,,3.685378873817519,5.260908282178983,,0.5036466513748763,0.6463112079384263,,,,,0.5605533862111043,1.056,0.5413203004622495,1.904,1.005,,,3.208035024334589,,3.052,,
2019-07-03,,1.565,,3.317193241400585,3.169,0.433998322147651,0.908,,3.682582683473196,5.242624532890269,,0.5045302419913235,0.6424236217252628,,,,,0.5585985356924955,1.056,0.5434707241910631,1.917,1.004,,,3.330074067602362,,3.172,,
2019-07-04,,1.568,,3.293988709982203,3.148,0.4362785234899328,0.896,,3.653688716581859,5.227227691383983,,0.5036466513748763,0.6404798286186811,,,,,0.565929225137279,1.056,0.5469895993836671,1.936,1.008,,,3.3067274680207013,,3.142,,
2019-07-05,,1.563,,3.273948432848145,3.131,0.4365318791946309,0.89,,3.635047447619707,5.196434008371412,,0.5032048560666528,0.6375641389588085,,,,,0.5629969493593654,1.062,0.5465986132511554,1.924,1.013,,,3.285503286582828,,3.13,,
2019-07-08,,1.558,,3.234922630008138,3.106,0.4380520134228188,0.897,,3.63784363796403,5.201245521342126,,0.5045302419913235,0.6297889665324815,,,,,0.5649517998779744,1.06,0.5456211479198767,1.92,1.011,,,3.2664015232887413,,3.091,,
2019-07-09,,1.536,,3.22753937001138,3.085,0.433998322147651,0.876,,3.5753953869408193,5.042465593308555,,0.4948107452104048,0.6171543113397002,,,,,0.5542001220256254,1.051,0.5428842449922957,1.909,1.005,,,3.2430549237070805,,3.083,,
2019-07-10,,1.533,,3.2328131271519216,3.085,0.433238255033557,0.885,,3.574463323492712,5.057862434814841,,0.4917181780528397,0.6171543113397002,,,,,0.553222696766321,1.042,0.5442526964560862,1.911,1.001,,,3.244116132778974,,3.084,,
2019-07-11,,1.535,,3.28976970426977,3.15,0.4370385906040268,0.883,,3.577259513837035,5.035729475149555,,0.4903927921281691,0.6171543113397002,,,,,0.5542001220256254,1.045,0.5507039676425269,1.919,1.001,,,3.3024826317331266,,3.139,,
2019-07-12,,1.537,,3.2591819128546287,3.116,0.4395721476510067,0.88,,3.5614144352192056,5.012634212890126,,0.4921599733610634,0.6142386216798277,,,,,0.5507791336180599,1.048,0.5510949537750384,1.93,1.006,,,3.288686913798509,,3.113,,
2019-07-15,,1.535,,3.2612914157108457,3.117,0.4385587248322148,0.879,,3.580055704181358,5.039578685526126,,0.4903927921281691,0.6142386216798277,,,,,0.551267846247712,1.049,0.5534408705701077,1.938,1.007,,,3.277013614007678,,3.118,,
2019-07-16,,1.546,,3.269729427135712,3.123,0.4446392617449664,0.897,,3.6005611000397253,5.088656117827412,,0.4943689499021812,0.6210418975528638,,,,,0.5551775472849299,1.049,0.5557867873651771,1.942,1.006,,,3.2844420775109344,,3.121,,
2019-07-17,,1.543,,3.253908155714087,3.11,0.4418523489932885,0.898,,3.5809877676294652,5.107902169710269,,0.4948107452104048,0.6229856906594454,,,,,0.5542001220256253,1.042,0.5536363636363635,1.93,1.004,,,3.2748911958638907,,3.109,,
2019-07-18,,1.539,,3.290824455697878,3.139,0.4385587248322148,0.897,,3.5735312600446045,5.086731512639126,,0.4930435639775105,0.6259013803193181,,,,,0.5542001220256253,1.036,0.5503129815100153,1.909,0.995,,,3.307788677092595,,3.147,,
2019-07-19,,1.548,,3.3330145128222095,3.18,0.4423590604026846,0.891,,3.571667133148389,5.044390198496841,,0.4886256108952748,0.6161824147864094,,,,,0.5576211104331911,1.04,0.5520724191063173,1.92,0.995,,,3.345992203680767,,3.185,,
2019-07-22,,1.555,,3.2982077156946357,3.16,0.4393187919463087,0.899,,3.599629036591618,5.060749342597269,,0.4895092015117219,0.6220137941061546,,,,,0.5571323978035387,1.037,0.5477715716486902,1.913,1.002,,,3.321584395027213,,3.145,,
2019-07-23,,1.541,,3.2760579357043613,3.131,0.4400788590604027,0.883,,3.5753953869408193,4.966443688371269,,0.4877420202788276,0.6084072423600825,,,,,0.5556662599145821,1.034,0.5526588983050846,1.92,1.005,,,3.300360213589339,,3.13,,
2019-07-24,,1.55,,3.2855506985573366,3.14,0.4441325503355704,0.891,,3.5921725290067568,5.019370331049127,,0.4877420202788276,0.6220137941061546,,,,,0.5581098230628433,1.047,0.5565687596302002,1.936,1.011,,,3.301421422661233,,3.14,,
2019-07-25,,1.554,,3.28976970426977,3.143,0.4514798657718121,0.9,,3.608017607624586,5.045352501090984,,0.4917181780528397,0.626873276872609,,,,,0.5581098230628432,1.047,0.5610651001540832,1.945,1.011,,,3.307788677092595,,3.141,,
2019-07-26,,1.54,,3.2866054499854447,3.138,0.4438791946308725,0.907,,3.625726813138631,5.061711645191412,,0.4930435639775105,0.6317327596390633,,,,,0.5600646735814521,1.037,0.5557867873651771,1.933,1.009,,,3.3056662589488077,,3.13,,
2019-07-29,,1.539,,3.290824455697878,3.146,0.4514798657718121,0.905,,3.644368082100784,5.083844604856698,,0.4961361311350755,0.6297889665324815,,,,,0.5610420988407565,1.037,0.562042565485362,1.949,1.001,,,3.3067274680207013,,3.147,,
2019-07-30,,1.525,,3.291879207125986,3.147,0.4456526845637583,0.909,,3.644368082100784,5.081919999668412,,0.4961361311350755,0.6288170699791906,,,,,0.5629969493593654,1.043,0.5589146764252696,1.949,1.008,,,3.3099110952363824,,3.143,,
2019-07-31,,1.516,,3.3045362242632854,3.16,0.4443859060402684,0.914,,3.645300145548891,5.100203748957126,,0.4992286982926405,0.6327046561923542,,,,,0.5625082367297133,1.028,0.5583281972265022,1.95,1.0,,,3.3184007678115313,,3.158,,
2019-08-01,,1.501,,3.271838929991928,3.139,0.4408389261744966,0.907,,3.615474115209447,5.078070789291841,,0.4961361311350755,0.6278451734258998,,,,,0.5610420988407565,1.021,0.5503129815100152,1.921,0.997,,,3.298237795445552,,3.125,,
2019-08-02,,1.476,,3.334069264250318,3.18,0.4400788590604027,0.897,,3.5325204683278693,4.958745267618126,,0.4881838155870511,0.6171543113397002,,,,,0.5537114093959732,1.026,0.5467941063174114,1.91,0.991,,,3.345992203680767,,3.187,,
2019-08-05,,1.462,,3.385752084227624,3.242,0.4342516778523489,0.9,,3.527860151087331,4.971255201341984,,0.4855330437377097,0.6142386216798277,,,,,0.5478468578401464,1.003,0.5467941063174114,1.919,0.995,,,3.412848375210069,,3.239,,
2019-08-06,,1.424,,3.4806797127573703,3.341,0.4233573825503355,0.877,,3.426265235243601,4.860590403015556,,0.472720979799226,0.6054915527002098,,,,,0.5390500305064063,0.994,0.5282222650231124,1.878,1.004,,,3.66117129803319,,3.332,,
2019-08-07,,1.436,,3.5017747413195366,3.341,0.4294379194630872,0.881,,3.4532950752387217,4.847118166697555,,0.4744881610321203,0.5967444837205921,,,,,0.5380726052471019,0.999,0.5358464946070878,1.888,0.995,,,3.5136632370399683,,3.346,,
2019-08-08,,1.445,,3.5471290527281933,3.388,0.4301979865771811,0.875,,3.444906504205753,4.821135996655698,,0.4696284126416609,0.5957725871673012,,,,,0.5346516168395364,1.001,0.5421022727272727,1.895,0.996,,,3.5762745722816955,,3.383,,
2019-08-09,,1.454,,3.564005075577926,3.402,0.4421057046979866,0.888,,3.4849852324743806,4.846155864103412,,0.4753717516485675,0.6054915527002098,,,,,0.5385613178767541,1.017,0.5505084745762711,1.925,1.006,,,3.575213363209802,,3.404,,
2019-08-12,,1.445,,3.560840821293601,3.402,0.4403322147651006,0.877,,3.4560912655830447,4.792266918831413,,0.4700702079498846,0.5996601733804646,,,,,0.5326967663209274,1.001,0.5505084745762711,1.933,1.009,,,3.583703035784951,,3.402,,
2019-08-13,,1.423,,3.6051403812741496,3.443,0.4438791946308725,0.886,,3.473800471097089,4.826909812220555,,0.4753717516485675,0.6045196561469189,,,,,0.536117754728493,1.003,0.5454256548536208,1.906,1.005,,,3.6229677714450177,,3.444,,
2019-08-14,,1.42,,3.5471290527281933,3.373,0.4385587248322148,0.896,,3.512947135917609,4.887534875651555,,0.4811150906554739,0.6103510354666642,,,,,0.5390500305064063,1.007,0.5526588983050846,1.933,1.003,,,3.547621927340566,,3.369,,
2019-08-15,,1.376,,3.5967023698492833,3.425,0.4352651006711409,0.874,,3.4299934890360313,4.770133959166127,,0.4722791844910024,0.6016039664870464,,,,,0.534162904209884,0.986,0.5387788906009243,1.877,0.99,,,3.613416889797974,,3.435,,
2019-08-16,,1.404,,3.5956476184211743,3.436,0.4370385906040268,0.904,,3.496169993851672,4.87887415230427,,0.4784643188061325,0.611322932019955,,,,,0.5366064673581453,0.988,0.5387788906009243,1.881,0.993,,,3.614478098869868,,3.436,,
2019-08-19,,1.432,,3.5524028098687346,3.404,0.4385587248322148,0.92,,3.5399769759127304,4.939499215735269,,0.4837658625048154,0.6220137941061546,,,,,0.5380726052471019,0.99,0.5454256548536208,1.901,0.999,,,3.577335781353589,,3.394,,
2019-08-20,,1.452,,3.5471290527281933,3.391,0.4418523489932885,0.942,,3.5893763386624338,5.079995394480126,,0.4921599733610634,0.6385360355120994,,,,,0.5458920073215375,1.0,0.5512904468412941,1.92,0.995,,,3.56884610877844,,3.394,,
2019-08-21,,1.45,,3.5555670641530597,3.4,0.4410922818791946,0.933,,3.580055704181358,5.057862434814841,,0.4908345874363926,0.6375641389588085,,,,,0.5463807199511899,0.996,0.5503129815100153,1.921,0.998,,,3.577335781353589,,3.399,,
2019-08-22,,1.455,,3.5524028098687346,3.393,0.4446392617449664,0.935,,3.5903084021105416,5.074221578915269,,0.4943689499021812,0.6385360355120994,,,,,0.5449145820622331,1.007,0.5542228428351309,1.928,0.998,,,3.56884610877844,,3.395,,
2019-08-23,,1.446,,3.5587313184373848,3.402,0.4448926174496644,0.936,,3.5912404655586494,5.072296973726983,,0.4926017686692869,0.6414517251719719,,,,,0.5458920073215375,1.001,0.5526588983050846,1.929,0.999,,,3.578396990425482,,3.399,,
2019-08-26,,1.42,,3.687410992666596,3.52,0.4307046979865772,0.918,,3.5632785621154204,5.012634212890126,,0.4908345874363926,0.6278451734258998,,,,,0.5449145820622331,0.99,0.5405383281972265,1.898,0.993,,,3.7142317516278736,,3.521,,
2019-08-27,,1.439,,3.6768634783855134,3.519,0.4370385906040268,0.932,,3.587512211766219,5.060749342597269,,0.4943689499021812,0.6453393113851355,,,,,0.5458920073215375,1.001,0.5464031201848998,1.91,1.003,,,3.687701524830531,,3.511,,
2019-08-28,,1.446,,3.707451269800654,3.547,0.4365318791946309,0.944,,3.6098817345208016,5.114638287869269,,0.4992286982926405,0.648255001045008,,,,,0.5507791336180599,1.005,0.5475760785824344,1.922,1.003,,,3.726966260490598,,3.543,,
2019-08-29,,1.435,,3.6926847498071376,3.53,0.4426124161073825,0.944,,3.604289353832156,5.120412103434126,,0.4948107452104048,0.6492268975982989,,,,,0.5546888346552777,1.002,0.5483580508474576,1.924,1.005,,,3.715292960699767,,3.53,,
2019-08-30,,1.448,,3.670534969816864,3.499,0.4426124161073825,0.944,,3.612677924865124,5.156017299417411,,0.4930435639775105,0.648255001045008,,,,,0.5473581452104943,1.011,0.5544183359013867,1.947,1.004,,,3.7142317516278736,,3.503,,
2019-09-02,,1.43,,3.671589721244972,3.505,0.4456526845637583,0.934,,3.596832846247295,5.08480690745084,,0.4877420202788276,0.6395079320653902,,,,,0.544425869432581,1.013,0.5544183359013867,1.945,1.003,,,3.6919463611181063,,3.502,,
2019-09-03,,1.429,,3.671589721244972,3.503,0.4415989932885906,0.959,,3.644368082100784,5.20605703431284,,0.4948107452104048,0.6540863803647532,,,,,0.5478468578401464,1.016,0.5546138289676426,1.945,1.007,,,3.690885152046213,,3.51,,
2019-09-04,,1.437,,3.7232725412222782,3.561,0.4388120805369127,0.96,,3.6434360186526753,5.229152296572269,,0.495694335826852,0.6570020700246259,,,,,0.546869432580842,1.013,0.5512904468412942,1.938,1.008,,,3.7439456056408966,,3.557,,
2019-09-05,,1.48,,3.707451269800654,3.545,0.4504664429530201,0.976,,3.701223952435348,5.331156371551411,,0.4992286982926405,0.6706086217706979,,,,,0.5522452715070164,1.02,0.5577417180277349,1.952,1.017,,,3.729088678634385,,3.542,,
2019-09-06,,1.486,,3.6304544155487486,3.47,0.4560402684563758,0.986,,3.7347782365672217,5.352327028622554,,0.5040884466830999,0.6725524148772796,,,,,0.5566436851738866,1.028,0.5675163713405237,1.979,1.023,,,3.6516204163861463,,3.464,,
2019-09-09,,1.491,,3.59248336413685,3.437,0.4603473154362416,0.987,,3.7729928379396345,5.395630645358983,,0.5058556279159941,0.6822713804101883,,,,,0.5629969493593655,1.032,0.5657569337442218,1.973,1.023,,,3.6102332625822937,,3.436,,
2019-09-10,,1.493,,3.543964798443868,3.399,0.453,1.004,,3.759943949666128,5.459142616572411,,0.5098317856900063,0.6949060356029696,,,,,0.5605533862111044,1.035,0.5651704545454544,1.976,1.03,,,3.5964375446476753,,3.382,,
2019-09-11,,1.492,,3.554512312724951,3.397,0.4494530201342281,1.005,,3.7636722034585586,5.46202952435484,,0.5098317856900063,0.698793621816133,,,,,0.5581098230628432,1.037,0.5622380585516178,1.966,1.03,,,3.574152154137908,,3.397,,
2019-09-12,,1.527,,3.561895572721709,3.399,0.4555335570469798,0.992,,3.7375744269115447,5.437009656907126,,0.5076228091488885,0.6871308631766426,,,,,0.5595759609518,1.049,0.5679073574730353,1.982,1.038,,,3.575213363209802,,3.395,,
2019-09-16,,1.512,,3.5756073412871174,3.412,0.4504664429530201,0.992,,3.7711287110434193,5.47550176067284,,0.5093899903817828,0.6949060356029696,,,,,0.5625082367297133,1.05,0.5618470724191061,1.973,1.045,,,3.5953763355757817,,3.414,,
2019-09-17,,1.501,,3.554512312724951,3.405,0.4491996644295302,0.992,,3.745030934496406,5.437009656907126,,0.5071810138406648,0.6919903459430969,,,,,0.5615308114704087,1.042,0.562042565485362,1.974,1.05,,,3.583703035784951,,3.405,,
2019-09-18,,1.496,,3.562950324149818,3.402,0.4489463087248322,0.974,,3.69656363519481,5.338854792304554,,0.5014376748337585,0.6774118976437339,,,,,0.5566436851738865,1.044,0.5653659476117102,1.979,1.041,,,3.5762745722816955,,3.407,,
2019-09-19,,1.497,,3.5471290527281933,3.39,0.4514798657718121,0.976,,3.713340777260747,5.342704002681125,,0.5049720372995471,0.6764400010904431,,,,,0.5576211104331911,1.051,0.5655614406779661,1.98,1.053,,,3.581580617641164,,3.387,,
2019-09-20,,1.48,,3.565059827006034,3.407,0.4509731543624161,0.989,,3.7226614117418233,5.393706040170697,,0.508064604457112,0.6851870700700609,,,,,0.5590872483221476,1.053,0.5671253852080121,1.984,1.055,,,3.584764244856845,,3.407,,
2019-09-23,,1.476,,3.591428612708741,3.431,0.4507197986577181,0.983,,3.711476650364532,5.389856829794125,,0.508064604457112,0.6851870700700609,,,,,0.5566436851738866,1.056,0.5651704545454543,1.981,1.054,,,3.6091720535103993,,3.437,,
2019-09-24,,1.471,,3.6220164041238823,3.464,0.4494530201342281,0.976,,3.690971254506164,5.368686172722982,,0.5027630607584291,0.6783837941970248,,,,,0.5542001220256253,1.048,0.5641929892141756,1.984,1.062,,,3.64100832566721,,3.463,,
2019-09-25,,1.461,,3.6452209355422647,3.478,0.4443859060402684,0.976,,3.685378873817519,5.351364726028411,,0.5009958795255348,0.6803275873036065,,,,,0.5546888346552776,1.041,0.5557867873651771,1.971,1.055,,,3.66117129803319,,3.48,,
2019-09-26,,1.454,,3.604085629846041,3.448,0.4461593959731543,0.972,,3.68071855657698,5.303249596321269,,0.5005540842173113,0.6706086217706979,,,,,0.5507791336180599,1.035,0.5593056625577812,1.974,1.062,,,3.6176617260855486,,3.444,,
2019-09-27,1.562,1.448,,3.5861548555682,3.433,0.4448926174496644,0.941,0.81,3.647164272445106,5.181999469459269,,0.4917181780528397,0.648255001045008,,,,,0.5473581452104943,1.028,0.5559822804314328,1.972,1.061,,,3.613416889797974,,3.426,,
2019-09-30,1.585,1.444,,3.5587313184373848,3.4,0.4443859060402684,0.956,0.825,3.644368082100784,5.197396310965554,,0.4926017686692869,0.6550582769180441,,,,,0.5551775472849299,1.034,0.5561777734976887,1.969,1.067,,,3.5826418267130573,,3.4,,
2019-10-08,1.571,1.445,,3.559786069865493,3.401,0.4418523489932885,0.946,0.8145,3.610813797968909,5.140620457911126,,0.4890674062034983,0.6453393113851355,,,,,0.5473581452104943,1.028,0.5552003081664099,1.964,1.056,,,3.5794581994973766,,3.402,,
2019-10-09,1.549,1.437,,3.589319109852525,3.434,0.4370385906040268,0.933,0.8085,3.6210664958980927,5.126185918998983,,0.4908345874363926,0.6463112079384263,,,,,0.548824283099451,1.019,0.5487490369799691,1.922,1.048,,,3.61235568072608,,3.435,,
2019-10-10,1.568,1.429,,3.5988118727054994,3.44,0.4385587248322148,0.944,0.8105,3.63784363796403,5.178150259082698,,0.4948107452104048,0.6521425872581715,,,,,0.5556662599145822,1.02,0.5503129815100152,1.928,1.046,,,3.627212607732592,,3.44,,
2019-10-11,1.605,1.444,,3.5450195498719768,3.4,0.4410922818791946,0.968,0.83,3.673262048992119,5.24647374326684,,0.5001122889090877,0.6647772424509528,,,,,0.5590872483221477,1.022,0.5546138289676424,1.942,1.055,,,3.583703035784951,,3.391,,
2019-10-14,1.615,1.47,,3.528143527022244,3.372,0.4471728187919462,0.976,0.836,3.730117919326684,5.288815057409126,,0.501879470141982,0.6686648286641161,,,,,0.5634856619890177,1.05,0.5622380585516178,1.967,1.053,,,3.5497443454843536,,3.367,,
2019-10-15,1.613,1.47,,3.5197055155973778,3.364,0.4476795302013422,0.973,0.8395,3.736642363463438,5.30709880669784,,0.5058556279159941,0.6706086217706979,,,,,0.5693502135448445,1.051,0.5608696070878274,1.962,1.057,,,3.5359486275497356,,3.363,,
2019-10-16,1.602,1.472,,3.5133770070287276,3.359,0.4542667785234899,0.965,0.8295,3.730117919326684,5.268606702932125,,0.508064604457112,0.6647772424509528,,,,,0.5664179377669311,1.063,0.5677118644067796,1.974,1.071,,,3.529581373118374,,3.356,,
2019-10-17,1.594,1.484,,3.521815018453594,3.364,0.451986577181208,0.961,0.829,3.71613696760507,5.227227691383983,,0.5040884466830999,0.6599177596844984,,,,,0.5654405125076266,1.068,0.5669298921417565,1.975,1.076,,,3.5370098366216296,,3.366,,
2019-10-18,1.6,1.491,,3.5302530298784607,3.376,0.452493288590604,0.965,0.8305,3.7198652213975,5.231076901760554,,0.5049720372995471,0.6608896562377893,,,,,0.5659292251372788,1.072,0.5679073574730353,1.974,1.076,,,3.5486831364124596,,3.367,,
2019-10-21,1.588,1.479,,3.5228697698817024,3.369,0.4514798657718121,0.958,0.82,3.655552843478074,5.154092694229126,,0.4974615170597462,0.6531144838114623,,,,,0.5561549725442343,1.069,0.563020030816641,1.968,1.074,,,3.545499509196779,,3.362,,
2019-10-22,1.587,1.487,,3.5070484984600783,3.36,0.4514798657718121,0.956,0.825,3.679786493128873,5.154092694229126,,0.4987869029844169,0.6472831044917171,,,,,0.5576211104331911,1.082,0.5677118644067796,1.982,1.081,,,3.529581373118374,,3.349,,
2019-10-23,1.608,1.486,,3.5165412613130527,3.362,0.4484395973154362,0.969,0.834,3.6872430007137336,5.202207823936268,,0.5023212654502056,0.656030173471335,,,,,0.5605533862111044,1.08,0.5630200308166409,1.98,1.086,,,3.5370098366216296,,3.363,,
2019-10-24,1.59,1.475,,3.526034024166027,3.37,0.4502130872483221,0.958,0.8255,3.667669668303474,5.162753417576412,,0.5009958795255348,0.6501987941515898,,,,,0.5576211104331911,1.08,0.5636065100154083,1.978,1.091,,,3.544438300124885,,3.367,,
2019-10-25,1.593,1.483,,3.5450195498719768,3.39,0.4504664429530201,0.96,0.826,3.6658055414072583,5.156979602011555,,0.4979033123679698,0.6492268975982989,,,,,0.5585985356924954,1.091,0.567320878274268,1.978,1.088,,,3.564601272490865,,3.388,,
2019-10-28,1.63,1.485,,3.5513480584406265,3.399,0.4537600671140939,0.985,0.8425,3.7002918889872407,5.24647374326684,,0.5001122889090877,0.6608896562377893,,,,,0.5629969493593655,1.087,0.5714262326656393,1.984,1.087,,,3.575213363209802,,3.394,,
2019-10-29,1.642,1.496,,3.521815018453594,3.371,0.4585738255033557,0.991,0.8515,3.718001094501285,5.271493610714554,,0.501879470141982,0.6754681045371522,,,,,0.5615308114704088,1.098,0.5778775038520799,1.998,1.09,,,3.547621927340566,,3.364,,
2019-10-30,1.623,1.482,,3.514431758456836,3.36,0.4590805369127517,0.979,0.84,3.69656363519481,5.188735587618269,,0.4987869029844169,0.6618615527910802,,,,,0.5585985356924955,1.093,0.5743586286594762,1.998,1.091,,,3.534887418477842,,3.357,,
2019-10-31,1.624,1.48,,3.5197055155973778,3.361,0.4595872483221476,0.979,0.8425,3.6872430007137336,5.145431970881841,,0.4992286982926405,0.6579739665779167,,,,,0.5576211104331911,1.096,0.5776820107858243,2.001,1.093,,,3.538071045693523,,3.365,,
2019-11-01,1.609,1.483,,3.554512312724951,3.395,0.4585738255033557,0.972,0.8315,3.672329985544012,5.107902169710269,,0.4939271545939577,0.6492268975982989,,,,,0.5522452715070165,1.1,0.576118066255778,1.994,1.088,,,3.56884610877844,,3.396,,
2019-11-04,1.624,1.51,,3.54923855558441,3.389,0.4783355704697986,0.98,0.844,3.75155537863316,5.160828812388126,,0.4987869029844169,0.656030173471335,,,,,0.5625082367297133,1.101,0.5815918721109399,2.014,1.093,,,3.567784899706546,,3.391,,
2019-11-05,1.637,1.521,,3.5334172841627853,3.378,0.4656677852348993,0.988,0.8495,3.7646042669066655,5.180074864270983,,0.5014376748337585,0.6599177596844984,,,,,0.561530811470409,1.112,0.5839377889060091,2.017,1.103,,,3.559295227131397,,3.374,,
2019-11-06,1.652,1.515,,3.474351204188721,3.33,0.4644010067114094,0.996,0.8555,3.7841775993169255,5.210868547283555,,0.5054138326077706,0.662833449344371,,,,,0.5654405125076266,1.113,0.5837422958397535,2.013,1.101,,,3.497745100961563,,3.32,,
2019-11-07,1.634,1.523,,3.4806797127573703,3.327,0.4628808724832214,0.987,0.848,3.770196647595311,5.162753417576412,,0.5023212654502056,0.656030173471335,,,,,0.5639743746186698,1.103,0.5821783513097072,2.009,1.099,,,3.4998675191053508,,3.329,,
2019-11-08,1.655,1.527,,3.405792361361682,3.259,0.4621208053691275,1.001,0.8575,3.8028188682790782,5.23973762510784,,0.5049720372995471,0.6647772424509528,,,,,0.5654405125076266,1.108,0.5808098998459167,2.006,1.104,,,3.4351337657198364,,3.253,,
2019-11-11,1.641,1.504,,3.414230372786548,3.258,0.4644010067114094,0.987,0.855,3.740370617255868,5.157941904605698,,0.5036466513748763,0.6589458631312076,,,,,0.5600646735814522,1.106,0.5815918721109399,2.004,1.098,,,3.4277053022165807,,3.26,,
2019-11-12,1.61,1.485,,3.3984091013649236,3.25,0.4616140939597316,0.971,0.8375,3.692835381402379,5.069410065944555,,0.4974615170597462,0.6453393113851355,,,,,0.5542001220256254,1.092,0.5815918721109399,2.009,1.102,,,3.423460465929006,,3.25,,
2019-11-13,1.608,1.477,,3.408956615646007,3.257,0.4641476510067114,0.971,0.835,3.688175064161842,5.068447763350412,,0.493485359285734,0.648255001045008,,,,,0.551267846247712,1.105,0.5851107473035438,2.015,1.106,,,3.423460465929006,,3.259,,
2019-11-14,1.619,1.463,,3.4173946270708733,3.267,0.4676946308724832,0.974,0.841,3.690039191058057,5.060749342597269,,0.4926017686692869,0.6414517251719719,,,,,0.551267846247712,1.108,0.5856972265023112,2.022,1.105,,,3.439378602007411,,3.266,,
2019-11-15,1.626,1.464,,3.424777887067631,3.277,0.4676946308724832,0.98,0.845,3.693767444850487,5.099241446362984,,0.4926017686692869,0.6453393113851355,,,,,0.5483355704697989,1.105,0.58667469183359,2.026,1.104,,,3.445745856438773,,3.274,,
2019-11-18,1.613,1.458,,3.4237231356395226,3.27,0.4694681208053691,0.967,0.838,3.673262048992119,5.061711645191412,,0.4877420202788276,0.6365922424055176,,,,,0.5458920073215375,1.106,0.591953004622496,2.041,1.108,,,3.441501020151198,,3.271,,
2019-11-19,1.62,1.47,,3.444818164201689,3.287,0.4735218120805369,0.976,0.841,3.699359825539133,5.086731512639126,,0.4908345874363926,0.6433955182785537,,,,,0.5556662599145821,1.109,0.5923439907550075,2.058,1.108,,,3.459541574373391,,3.292,,
2019-11-20,1.664,1.487,,3.449037169914122,3.296,0.4742818791946309,1.003,0.8635,3.7375744269115447,5.170451838329555,,0.4970197217515226,0.656030173471335,,,,,0.5600646735814522,1.105,0.5946899075500769,2.08,1.109,,,3.4648476197328595,,3.297,,
2019-11-21,1.65,1.472,,3.45642042991088,3.302,0.4727617449664429,0.994,0.859,3.690971254506164,5.124261313810698,,0.4939271545939577,0.6501987941515898,,,,,0.5556662599145821,1.099,0.5899980739599382,2.047,1.097,,,3.475459710451796,,3.303,,
2019-11-22,1.653,1.47,,3.4342706499206055,3.28,0.4694681208053691,0.995,0.8565,3.690039191058057,5.143507365693554,,0.493485359285734,0.6492268975982989,,,,,0.557621110433191,1.102,0.589411594761171,2.034,1.1,,,3.455296738085816,,3.278,,
2019-11-25,1.616,1.484,,3.4268873899238477,3.272,0.472255033557047,0.976,0.838,3.6490283993413217,5.087693815233269,,0.4908345874363926,0.6424236217252628,,,,,0.5595759609517998,1.107,0.5925394838212634,2.045,1.107,,,3.446807065510667,,3.269,,
2019-11-26,1.603,1.505,,3.405792361361682,3.259,0.4775755033557047,0.968,0.8325,3.678854429680765,5.100203748957126,,0.4939271545939577,0.6375641389588085,,,,,0.5644630872483222,1.112,0.6001637134052387,2.065,1.115,,,3.4255828840727935,,3.254,,
2019-11-27,1.605,1.489,,3.4216136327833064,3.268,0.4785889261744966,0.97,0.838,3.672329985544012,5.063636250379697,,0.4903927921281691,0.6385360355120994,,,,,0.5629969493593655,1.111,0.6036825885978427,2.067,1.115,,,3.4383173929355175,,3.27,,
2019-11-28,1.608,1.486,,3.415285124214656,3.266,0.4839093959731543,0.971,0.837,3.6686017317515818,5.094429933392269,,0.4903927921281691,0.6395079320653902,,,,,0.5629969493593655,1.113,0.6058330123266563,2.078,1.109,,,3.434072556647943,,3.264,,
2019-11-29,1.608,1.475,,3.415285124214656,3.263,0.4927768456375839,0.968,0.835,3.655552843478074,5.088656117827412,,0.4881838155870511,0.6375641389588085,,,,,0.5600646735814521,1.111,0.6048555469953774,2.081,1.113,,,3.4319501385041553,,3.264,,
2019-12-02,1.605,1.463,,3.4184493784989813,3.27,0.4950570469798657,0.965,0.8335,3.6266588765867382,5.101166051551269,,0.4846494531212625,0.6375641389588085,,,,,0.5605533862111043,1.106,0.6050510400616333,2.084,1.11,,,3.439378602007411,,3.271,,
2019-12-03,1.6,1.459,,3.4279421413519557,3.273,0.5006308724832215,0.961,0.8345,3.621998559346201,5.080957697074269,,0.4864166343541568,0.6375641389588085,,,,,0.5595759609518,1.088,0.5997727272727272,2.059,1.1,,,3.446807065510667,,3.278,,
2019-12-04,1.606,1.452,,3.4796249613292622,3.329,0.4732684563758389,0.965,0.835,3.635047447619707,5.103090656739555,,0.4855330437377097,0.6414517251719719,,,,,0.5615308114704088,1.09,0.5987952619414483,2.053,1.105,,,3.495622682817776,,3.326,,
2019-12-05,1.615,1.46,,3.473296452760613,3.318,0.4758020134228187,0.973,0.8385,3.654620780029967,5.130035129375555,,0.4877420202788276,0.6453393113851355,,,,,0.5629969493593655,1.102,0.598208782742681,2.053,1.108,,,3.4945614737458826,,3.317,,
2019-12-06,1.646,1.461,,3.472241701332504,3.318,0.4752953020134228,0.99,0.8535,3.676058239336442,5.167564930547126,,0.4895092015117219,0.6501987941515898,,,,,0.5629969493593655,1.11,0.5987952619414483,2.055,1.115,,,3.492439055602095,,3.315,,
2019-12-09,1.667,1.466,,3.4237231356395226,3.273,0.4778288590604026,1.001,0.8615,3.69656363519481,5.219529270630841,,0.4939271545939577,0.656030173471335,,,,,0.5654405125076267,1.111,0.6013366718027735,2.07,1.111,,,3.459541574373391,,3.272,,
2019-12-10,1.651,1.461,,3.4300516442081723,3.277,0.4758020134228187,0.994,0.8595,3.6779223662326577,5.217604665442554,,0.4948107452104048,0.6550582769180441,,,,,0.5659292251372788,1.105,0.6001637134052387,2.071,1.116,,,3.446807065510667,,3.278,,
2019-12-11,1.667,1.464,,3.4342706499206055,3.283,0.4755486577181207,1.002,0.865,3.6369115745159224,5.248398348455126,,0.4939271545939577,0.6608896562377893,,,,,0.5673953630262356,1.102,0.598990755007704,2.067,1.117,,,3.4542355290139226,,3.283,,
2019-12-12,1.651,1.488,,3.45642042991088,3.299,0.4763087248322147,0.994,0.856,3.6359795110678146,5.231076901760554,,0.4930435639775105,0.6579739665779167,,,,,0.5678840756558877,1.106,0.6003592064714947,2.071,1.114,,,3.473337292308009,,3.303,,
2019-12-13,1.67,1.512,,3.41317562135844,3.265,0.4801090604026846,1.005,0.861,3.65741697037429,5.263795189961411,,0.4921599733610634,0.6618615527910802,,,,,0.56837278828554,1.119,0.6075924499229582,2.089,1.128,,,3.4765209195236895,,3.26,,
2019-12-16,1.693,1.52,,3.431106395636281,3.281,0.4813758389261744,1.02,0.8765,3.6974956986429177,5.29362657037984,,0.4992286982926405,0.669636725217407,,,,,0.5713050640634534,1.126,0.6064194915254236,2.085,1.127,,,3.448929483654454,,3.282,,
2019-12-17,1.715,1.528,,3.441653909917364,3.291,0.4864429530201342,1.032,0.886,3.7077483965721014,5.376384593476125,,0.5049720372995471,0.6812994838568974,,,,,0.5717937766931056,1.129,0.6136527349768874,2.098,1.13,,,3.46803124694854,,3.292,,
2019-12-18,1.734,1.542,,3.444818164201689,3.293,0.4884697986577181,1.041,0.8995,3.768332520699096,5.450481893225125,,0.5107153763064535,0.6861589666233517,,,,,0.5752147651006712,1.125,0.6179535824345145,2.099,1.131,,,3.4637864106609655,,3.293,,
2019-12-19,1.725,1.543,,3.4437634127735803,3.294,0.4846694630872483,1.041,0.895,3.7562156958736974,5.456255708789982,,0.5085063997653356,0.6881027597299335,,,,,0.5801018913971936,1.114,0.6128707627118641,2.091,1.122,,,3.465908828804753,,3.291,,
2019-12-20,1.724,1.537,,3.4479824184860135,3.294,0.4866963087248322,1.036,0.895,3.7459629979445137,5.469727945107983,,0.5120407622311243,0.691018449389806,,,,,0.581079316656498,1.114,0.614043721109399,2.094,1.12,,,3.4648476197328595,,3.296,,
2019-12-23,1.703,1.543,,3.453256175626555,3.301,0.48948322147651,1.028,0.886,3.742234744152083,5.395630645358983,,0.508064604457112,0.6832432769634792,,,,,0.5796131787675411,1.117,0.619322033898305,2.108,1.12,,,3.473337292308009,,3.301,,
2019-12-24,1.676,1.543,,3.471186949904396,3.318,0.4925234899328858,1.007,0.8695,3.695631571746702,5.301324991132983,,0.5032048560666528,0.6676929321108254,,,,,0.5747260524710189,1.126,0.6199085130970723,2.114,1.118,,,3.497745100961563,,3.318,,
2019-12-25,1.7,1.542,,3.502829492747645,3.351,0.4937902684563758,1.026,0.884,3.7142728407088543,5.363874659752268,,0.508064604457112,0.6774118976437339,,,,,0.5742373398413667,1.118,0.6232318952234206,2.114,1.118,,,3.5232141186870116,,3.348,,
2019-12-26,1.716,1.535,,3.5017747413195366,3.35,0.49075,1.033,0.8905,3.718001094501285,5.388894527199982,,0.508064604457112,0.6851870700700609,,,,,0.5757034777303233,1.115,0.6202994992295838,2.109,1.118,,,3.525336536830799,,3.353,,
2019-12-27,1.728,1.55,,3.5197055155973778,3.364,0.4960704697986577,1.04,0.895,3.75155537863316,5.44182116987784,,0.51027358099823,0.6900465528365152,,,,,0.5805906040268457,1.119,0.6273372496147919,2.13,1.119,,,3.534887418477842,,3.364,,
2019-12-30,1.695,1.558,,3.529198278450352,3.38,0.4978439597315436,1.02,0.884,3.733846173119115,5.382158409040983,,0.51027358099823,0.6851870700700609,,,,,0.5820567419158024,1.122,0.6275327426810476,2.126,1.119,,,3.547621927340566,,3.372,,
2019-12-31,1.72,1.557,,3.5313077813065687,3.377,0.4950570469798657,1.034,0.894,3.7925661703498945,5.457218011384126,,0.5146915340804658,0.6890746562832244,,,,,0.5893874313605858,1.114,0.6230364021571647,2.115,1.116,,,3.5529279727000342,,3.375,,
2020-01-02,1.743,1.555,,3.5302530298784607,3.38,0.5013909395973154,1.051,0.9,3.840101406203383,5.540938337074554,,0.5177841012380308,0.7007374149227148,,,,,0.5888987187309336,1.114,0.6257733050847457,2.113,1.112,,,3.5518667636281407,,3.371,,
2020-01-03,1.766,1.582,,3.5471290527281933,3.39,0.5029110738255034,1.062,0.9165,3.873655690335257,5.59386497975241,,0.5261782120942787,0.7094844839023325,,,,,0.5996503965832826,1.125,0.6392623266563943,2.134,1.114,,,3.5656624815627587,,3.392,,
2020-01-06,1.756,1.562,,3.6673707155325386,3.494,0.4993640939597316,1.058,0.916,3.845693786892029,5.589053466781696,,0.5266200074025023,0.7075406907957509,,,,,0.5996503965832826,1.112,0.6310516178736517,2.13,1.109,,,3.676028225039701,,3.496,,
2020-01-07,1.792,1.561,,3.6304544155487486,3.471,0.5006308724832215,1.079,0.928,3.85315029447689,5.666037674313125,,0.5270618027107259,0.7153158632220777,,,,,0.5976955460646738,1.11,0.631638097072419,2.119,1.103,,,3.65268162545804,,3.472,,
2020-01-08,1.808,1.55,,3.7106155240849783,3.54,0.4965771812080536,1.093,0.9425,3.8540823579249968,5.704529778078839,,0.5297125745600673,0.7240629322016956,,,,,0.5976955460646737,1.112,0.6306606317411402,2.092,1.094,,,3.730149887706279,,3.547,,
2020-01-09,1.811,1.553,,3.6019761269898245,3.44,0.5016442953020134,1.091,0.933,3.85687854826932,5.704529778078839,,0.5257364167860551,0.7250348287549865,,,,,0.5996503965832826,1.11,0.6359389445300462,2.115,1.097,,,3.639947116595316,,3.44,,
2020-01-10,1.847,1.57,,3.5724430870027923,3.413,0.5054446308724833,1.111,0.9545,3.882044261368226,5.744946487032839,,0.5314797557929616,0.7308662080747317,,,,,0.5991616839536303,1.122,0.650991910631741,2.129,1.104,,,3.591131499288207,,3.413,,
2020-01-13,1.834,1.58,,3.584045352711984,3.42,0.509498322147651,1.101,0.9515,3.873655690335257,5.711265896237839,,0.5301543698682908,0.7289224149681499,,,,,0.5928084197681514,1.123,0.6547062788906008,2.125,1.103,,,3.607049635366612,,3.423,,
2020-01-14,1.864,1.585,,3.520760267025486,3.37,0.5122852348993288,1.126,0.9665,3.9165306089482073,5.808458458246267,,0.5350141182587502,0.7405851736076403,,,,,0.5981842586943258,1.121,0.6648719183359012,2.144,1.103,,,3.5656624815627587,,3.368,,
2020-01-15,1.848,1.573,,3.554512312724951,3.393,0.509498322147651,1.112,0.958,3.89975346688227,5.770928657074696,,0.5345723229505266,0.7366975873944769,,,,,0.5976955460646737,1.113,0.6640899460708782,2.143,1.097,,,3.5709685269222273,,3.398,,
2020-01-16,1.851,1.569,,3.5703335841465753,3.41,0.5087382550335571,1.113,0.9595,3.87645188067958,5.764192538915696,,0.5319215511011851,0.7376694839477678,,,,,0.5937858450274559,1.111,0.667804314329738,2.139,1.096,,,3.5900702902163135,,3.413,,
2020-01-17,1.861,1.574,,3.5566218155811677,3.401,0.5120318791946309,1.117,0.964,3.869927436542827,5.77574017004541,,0.5305961651765144,0.7366975873944769,,,,,0.5913422818791947,1.115,0.6828572804314328,2.143,1.099,,,3.583703035784951,,3.402,,
2020-01-20,1.862,1.579,,3.564005075577926,3.407,0.5188724832214765,1.117,0.964,3.873655690335257,5.744946487032839,,0.5275035980189494,0.7328100011813133,,,,,0.5888987187309336,1.115,0.6807068567026193,2.143,1.1,,,3.584764244856845,,3.407,,
2020-01-21,1.9,1.557,,3.584045352711984,3.42,0.5176057046979866,1.149,0.989,3.8801801344720106,5.8123076686228385,,0.5283871886353966,0.743500863267513,,,,,0.5898761439902379,1.112,0.6693682588597841,2.138,1.097,,,3.598559962791463,,3.425,,
2020-01-22,1.882,1.536,,3.5756073412871174,3.429,0.510511744966443,1.132,0.9815,3.811207439312047,5.73532346109141,,0.5235274402449372,0.7328100011813133,,,,,0.5781470408785846,1.104,0.6629169876733435,2.138,1.092,,,3.611294471654187,,3.409,,
2020-01-23,1.892,1.532,,3.5861548555682,3.423,0.5117785234899329,1.142,0.99,3.803750931727186,5.751682605191839,,0.5208766683955958,0.7376694839477678,,,,,0.5747260524710189,1.113,0.6670223420647148,2.144,1.1,,,3.6049272172228246,,3.428,,
2020-02-03,1.67,1.438,,3.675808726957405,3.505,0.488976510067114,1.002,0.8675,3.476596661441412,5.143507365693554,,0.4572581440114008,0.6492268975982989,,,,,0.5517565588773643,1.073,0.6451271186440677,2.055,1.063,,,3.69300757019,,3.51,,
2020-02-04,1.716,1.471,,3.674753975529297,3.519,0.5056979865771812,1.03,0.8665,3.4020315855928027,5.137733550128698,,0.4576999393196244,0.6395079320653902,,,,,0.5165692495424039,1.077,0.656270223420647,2.13,1.086,,,3.6993748246213625,,3.509,,
2020-02-05,1.833,1.488,,3.618852149839557,3.49,0.5254597315436241,1.096,0.9415,3.5269280876392233,5.227227691383983,,0.4789061141143561,0.6511706907048807,,,,,0.5292757779133618,1.095,0.6842257318952233,2.143,1.089,,,3.6505592073142528,,3.459,,
2020-02-06,1.855,1.497,,3.6093593869865823,3.457,0.530020134228188,1.122,0.9685,3.5632785621154204,5.350402423434268,,0.4881838155870511,0.6754681045371522,,,,,0.5341629042098841,1.124,0.6990832049306624,2.169,1.1,,,3.646314371026678,,3.448,,
2020-02-07,1.932,1.51,,3.641001929829831,3.475,0.5373674496644295,1.149,1.0035,3.607085544176478,5.489936299584982,,0.4912763827446162,0.6881027597299335,,,,,0.5473581452104943,1.12,0.7272342064714945,2.179,1.11,,,3.655865252673721,,3.48,,
2020-02-10,1.938,1.502,,3.654713698395239,3.488,0.5472483221476511,1.158,1.005,3.605221417280263,5.52939070594484,,0.4952525405186284,0.6939341390496787,,,,,0.5375838926174498,1.11,0.717068567026194,2.175,1.108,,,3.6717833887521265,,3.491,,
2020-02-11,1.964,1.519,,3.639947178401723,3.481,0.567010067114094,1.176,1.019,3.6434360186526753,5.600601097911411,,0.5036466513748763,0.7094844839023325,,,,,0.544425869432581,1.11,0.7475654853620953,2.194,1.106,,,3.6643549252488703,,3.479,,
2020-02-12,1.943,1.527,,3.628344912692532,3.47,0.5761308724832215,1.167,1.0115,3.671397922095904,5.567882809710553,,0.5009958795255348,0.70656879424246,,,,,0.5483355704697986,1.113,0.758513097072419,2.226,1.106,,,3.6505592073142528,,3.466,,
2020-02-13,2.005,1.538,,3.638892426973615,3.471,0.5953859060402684,1.21,1.0425,3.7002918889872407,5.682396818413554,,0.5071810138406648,0.7201753459885321,,,,,0.5512678462477121,1.12,0.793701848998459,2.3,1.107,,,3.6516204163861463,,3.474,,
2020-02-14,1.983,1.53,,3.657877952679564,3.491,0.6060268456375839,1.187,1.029,3.67699030278455,5.619847149794268,,0.5054138326077706,0.7192034494352413,,,,,0.5498017083587553,1.124,0.8083638289676424,2.33,1.103,,,3.6792118522553823,,3.495,,
2020-02-17,2.005,1.536,,3.67264447267308,3.506,0.5748640939597316,1.2,1.11,3.7152049041569626,5.671811489877982,,0.5071810138406648,0.7240629322016956,,,,,0.5522452715070165,1.121,0.78392719568567,2.252,1.095,,,3.689823942974319,,3.509,,
2020-02-18,2.072,1.535,,3.6810824840979466,3.514,0.5751174496644296,1.256,1.0715,3.781381408972603,5.8411767464471245,,0.5191094871627014,0.7522479322471307,,,,,0.5600646735814521,1.135,0.7755209938366717,2.253,1.091,,,3.698313615549469,,3.514,,
2020-02-19,2.08,1.525,,3.730655801219037,3.561,0.5621963087248322,1.251,1.083,3.7618080765623425,5.8835180605894095,,0.5244110308613844,0.7697420702063663,,,,,0.5600646735814522,1.12,0.7411142141756547,2.223,1.085,,,3.7471292328565777,,3.563,,
2020-02-20,2.062,1.534,,3.7369843097876863,3.565,0.5654899328859061,1.231,1.0685,3.7795172820763874,5.840214443852981,,0.519551282470925,0.7629387943333302,,,,,0.5595759609517998,1.12,0.754994221879815,2.239,1.091,,,3.755618905431727,,3.568,,
2020-02-21,2.1,1.521,,3.783393372624451,3.61,0.56498322147651,1.26,1.0895,3.842897596547706,5.932595492890695,,0.5266200074025023,0.7746015529728206,,,,,0.5610420988407565,1.118,0.7323170261941446,2.219,1.081,,,3.802312104595049,,3.611,,
2020-02-24,2.137,1.502,,3.928949069703396,3.729,0.5383808724832214,1.283,1.11,3.842897596547706,6.020165028957695,,0.5275035980189494,0.7901518978254745,,,,,0.5659292251372788,1.107,0.7088578582434513,2.18,1.06,,,3.8999433392092673,,3.728,,
2020-02-25,2.145,1.48,,3.880430504010414,3.69,0.5186191275167785,1.283,1.112,3.7757890282839575,6.00188127966898,,0.5213184637038193,0.7950113805919288,,,,,0.5473581452104943,1.069,0.6812933359013866,2.127,1.044,,,3.91798389343146,,3.679,,
2020-02-26,2.162,1.47,,3.837185695457974,3.66,0.5198859060402684,1.296,1.13,3.787905853109356,6.060581737911694,,0.5173423059298071,0.793067587485347,,,,,0.5483355704697987,1.061,0.6914589753466872,2.088,1.04,,,3.8564337672616262,,3.667,,
2020-02-27,2.111,1.472,,3.8392951983141903,3.669,0.528246644295302,1.256,1.0875,3.805615058623401,5.9903336485392655,,0.5235274402449372,0.7891800012721837,,,,,0.5595759609518,1.069,0.7115947611710323,2.111,1.043,,,3.861739812621095,,3.665,,
2020-02-28,2.041,1.401,,3.822419175464458,3.66,0.5064580536912752,1.22,1.0805,3.7375744269115447,5.8325160230998385,,0.5169005106215836,0.7668263805464938,,,,,0.5571323978035387,1.047,0.6705412172573189,2.023,1.02,,,3.8553725581897327,,3.652,,
2020-03-02,2.026,1.452,,3.71588928122552,3.578,0.5064580536912752,1.211,1.04,3.679786493128873,5.730511948120696,,0.5085063997653356,0.7425289667142221,,,,,0.5522452715070164,1.038,0.6693682588597841,2.03,1.019,,,3.73333351492196,,3.549,,
2020-03-03,2.101,1.47,,3.700068009803896,3.539,0.5431946308724832,1.257,1.0885,3.83730521585906,5.9855221355685515,,0.5297125745600673,0.7920956909320562,,,,,0.5717937766931056,1.068,0.7172640600924498,2.12,1.036,,,3.7227214242030233,,3.532,,
2020-03-04,2.077,1.452,,3.7781196154839094,3.609,0.5056979865771812,1.245,1.084,3.788837916557464,5.8912164813425525,,0.5283871886353966,0.7746015529728206,,,,,0.5713050640634533,1.028,0.6846167180277349,2.02,1.013,,,3.802312104595049,,3.608,,
2020-03-05,2.121,1.454,,3.77179110691526,3.603,0.5168456375838926,1.276,1.088,3.868995373094718,6.033637265275694,,0.5398738666492096,0.7979270702518014,,,,,0.5742373398413667,1.022,0.71354969183359,2.07,1.005,,,3.795944850163687,,3.603,,
2020-03-06,2.09,1.457,,3.845623706882841,3.678,0.4988573825503355,1.256,1.095,3.883908388264441,5.957615360338409,,0.5425246384985509,0.7920956909320562,,,,,0.5766809029896278,1.002,0.6857896764252696,2.033,1.001,,,3.862801021692989,,3.677,,
2020-03-09,2.068,1.403,,3.889923266863389,3.72,0.4785889261744966,1.244,1.09,3.7916341069017863,5.8989149020956955,,0.5358977088751974,0.7814048288458567,,,,,0.5664179377669312,0.96,0.6650674114021571,1.964,0.966,,,3.9190451025033535,,3.716,,
2020-03-10,2.016,1.395,,3.817145418323917,3.653,0.4557869127516778,1.205,1.04,3.720797284845608,5.716077409208554,,0.5182258965462543,0.7580793115668759,,,,,0.5581098230628432,0.935,0.6416082434514637,1.888,0.974,,,3.836270794895647,,3.647,,
2020-03-11,2.07,1.407,,3.789721881193101,3.615,0.4775755033557047,1.24,1.0715,3.800954741382863,5.9152740461961235,,0.5288289839436201,0.7862643116123111,,,,,0.5620195241000611,0.958,0.6631124807395993,1.958,0.983,,,3.809740568098305,,3.621,,
2020-03-12,1.996,1.365,,3.7886671297649928,3.614,0.4557869127516778,1.2,1.048,3.7030880793315633,5.743021881844553,,0.5230856449367136,0.7658544839932029,,,,,0.5590872483221476,0.932,0.6330065485362094,1.885,0.953,,,3.8203526588172414,,3.622,,
2020-03-13,1.895,1.269,,3.6336186698330737,3.476,0.4231040268456376,1.113,0.9995,3.5725991965964967,5.487049391802554,,0.5005540842173113,0.7366975873944769,,,,,0.5463807199511899,0.832,0.5864791987673342,1.688,0.85,,,3.71317054255598,,3.472,,
2020-03-16,1.953,1.31,,3.5819358498557667,3.47,0.4446392617449664,1.17,1.011,3.6210664958980927,5.704529778078839,,0.5076228091488885,0.7541917253537125,,,,,0.542471018913972,0.84,0.6138482280431433,1.784,0.873,,,3.685579106686744,,3.4,,
2020-03-17,1.863,1.299,,3.4648584413357466,3.311,0.433238255033557,1.113,0.9525,3.503626501436533,5.484162484020125,,0.4903927921281691,0.7211472425418229,,,,,0.534162904209884,0.795,0.6060285053929121,1.764,0.829,,,3.4913778465302014,,3.315,,
2020-03-18,1.86,1.287,,3.5228697698817024,3.383,0.433998322147651,1.117,0.958,3.4542271386868295,5.455293406195839,,0.4881838155870511,0.7153158632220777,,,,,0.529764490543014,0.767,0.6062239984591677,1.769,0.829,,,3.5338262094059485,,3.38,,
2020-03-19,1.833,1.253,,3.45009192134223,3.293,0.4251308724832214,1.093,0.945,3.387118570423081,5.350402423434268,,0.475813546956791,0.6968498287095513,,,,,0.5180353874313607,0.755,0.5958628659476116,1.72,0.812,,,3.452113110870135,,3.295,,
2020-03-20,1.847,1.25,,3.46907744704818,3.315,0.4301979865771811,1.106,0.9515,3.3666131745647134,5.424499723183268,,0.4824404765801447,0.7153158632220777,,,,,0.5151031116534472,0.73,0.6046600539291217,1.71,0.808,,,3.4828881739550517,,3.317,,
2020-03-23,1.79,1.22,,3.477515458473046,3.312,0.4231040268456376,1.078,0.95,3.2995046063009648,5.292664267785697,,0.4859748390459333,0.6997655183694239,,,,,0.5151031116534472,0.709,0.588434129429892,1.676,0.805,,,3.501989937249138,,3.325,,
2020-03-24,1.797,1.275,,3.703232264088221,3.535,0.4443859060402684,1.078,0.93,3.345175715258238,5.309023411886126,,0.4784643188061325,0.6978217252628421,,,,,0.5082611348383161,0.735,0.6072014637904467,1.7,0.833,,,3.726966260490598,,3.55,,
2020-03-25,1.845,1.3,,3.7517508297812023,3.599,0.4692147651006711,1.11,0.954,3.44211031386143,5.399479855735554,,0.4864166343541568,0.7104563804556234,,,,,0.5209676632092739,0.778,0.6490369799691832,1.77,0.884,,,3.7800267140852815,,3.601,,
2020-03-26,1.845,1.304,,3.739093812643903,3.571,0.471494966442953,1.107,0.964,3.432789679380354,5.388894527199982,,0.4881838155870511,0.7046250011358782,,,,,0.5238999389871873,0.79,0.6382848613251155,1.783,0.869,,,3.760924950791196,,3.568,,
2020-03-27,1.878,1.333,,3.773900609771476,3.6,0.4758020134228187,1.135,0.9725,3.4756645979933047,5.427386630965696,,0.4943689499021812,0.7153158632220777,,,,,0.5282983526540573,0.81,0.6402397919876732,1.804,0.887,,,3.789577595732325,,3.605,,
2020-03-30,1.807,1.291,,3.762298344062285,3.61,0.4476795302013422,1.085,0.944,3.4104201566257712,5.292664267785697,,0.4921599733610634,0.6997655183694239,,,,,0.5224338010982307,0.783,0.5993817411402156,1.733,0.889,,,3.7948836410917934,,3.597,,
2020-03-31,1.805,1.325,,3.748586575496877,3.581,0.4585738255033557,1.084,0.9285,3.4514309483425065,5.287852754814983,,0.4921599733610634,0.6929622424963878,,,,,0.5292757779133618,0.823,0.6161941448382126,1.771,0.916,,,3.7672922052225575,,3.583,,
2020-04-01,1.798,1.306,,3.6673707155325386,3.52,0.4466661073825503,1.079,0.9325,3.4150804738663094,5.230114599166411,,0.4908345874363926,0.6851870700700609,,,,,0.5243886516168396,0.809,0.5997727272727272,1.74,0.895,,,3.6993748246213625,,3.505,,
2020-04-02,1.786,1.281,,3.6905752469509214,3.527,0.4410922818791946,1.072,0.93,3.409488093177664,5.211830849877698,,0.4855330437377097,0.6793556907503157,,,,,0.5199902379499696,0.795,0.5962538520801232,1.722,0.868,,,3.711048124412193,,3.526,,
2020-04-03,1.834,1.293,,3.747531824068769,3.577,0.45173322147651,1.102,0.9555,3.45795539247926,5.344628607869412,,0.4930435639775105,0.7007374149227148,,,,,0.5253660768761439,0.806,0.6091563944530045,1.733,0.874,,,3.7651697870787704,,3.582,,
2020-04-07,1.871,1.339,,3.8635544811606817,3.678,0.4687080536912751,1.129,0.9995,3.5045585648846407,5.407178276488697,,0.4943689499021812,0.7075406907957509,,,,,0.5312306284319707,0.833,0.6236228813559321,1.79,0.91,,,3.8734131124119258,,3.686,,
2020-04-08,1.886,1.343,,3.8118716611833743,3.659,0.4636409395973154,1.13,0.9815,3.510150945573286,5.451444195819268,,0.501879470141982,0.7192034494352413,,,,,0.5326967663209276,0.848,0.6177580893682588,1.798,0.909,,,3.835209585823753,,3.643,,
2020-04-09,1.905,1.342,,3.810816909755266,3.647,0.471241610738255,1.14,0.981,3.5241318972949007,5.513031561844411,,0.5032048560666528,0.7240629322016956,,,,,0.5322080536912751,0.856,0.6236228813559321,1.827,0.917,,,3.8277811223204976,,3.642,,
2020-04-10,1.921,1.35,,3.8561712211639234,3.691,0.471748322147651,1.15,0.9905,3.5194715800543626,5.533239916321411,,0.5023212654502056,0.7328100011813133,,,,,0.5326967663209276,0.865,0.6195175269645609,1.858,0.923,,,3.884025203130862,,3.681,,
2020-04-13,1.872,1.346,,3.8414047011704073,3.675,0.4616140939597316,1.119,0.9675,3.4952379304035643,5.399479855735554,,0.4961361311350755,0.7124001735622052,,,,,0.5282983526540574,0.857,0.6091563944530045,1.838,0.919,,,3.861739812621095,,3.675,,
2020-04-14,1.862,1.354,,3.862499729732573,3.689,0.4661744966442953,1.118,0.9595,3.5045585648846407,5.406215973894554,,0.501879470141982,0.7075406907957509,,,,,0.5326967663209276,0.87,0.6079834360554698,1.841,0.925,,,3.881902784987074,,3.698,,
2020-04-15,1.911,1.361,,3.886759012579064,3.712,0.4752953020134228,1.148,0.989,3.546501420049484,5.499559325526411,,0.5071810138406648,0.7201753459885321,,,,,0.5331854789505797,0.884,0.6257733050847457,1.885,0.947,,,3.9116166390000977,,3.713,,
2020-04-16,1.893,1.338,,3.870937741157439,3.701,0.4823892617449664,1.138,0.985,3.513879199365717,5.470690247702125,,0.5036466513748763,0.7143439666687869,,,,,0.5292757779133618,0.854,0.6294876733436054,1.851,0.939,,,3.890392457562224,,3.702,,
2020-04-17,1.948,1.363,,3.855116469735815,3.683,0.5016442953020134,1.169,1.003,3.5548899910824523,5.564033599333982,,0.5089481950735592,0.7250348287549865,,,,,0.5322080536912751,0.876,0.6529468412942988,1.915,0.956,,,3.885086412202756,,3.69,,
2020-04-20,1.945,1.363,,3.797105141189859,3.632,0.4552802013422818,1.152,1.007,3.5660747524597434,5.538051429292125,,0.51027358099823,0.7240629322016956,,,,,0.5331854789505797,0.876,0.6603755778120184,1.915,0.95,,,3.8203526588172414,,3.634,,
2020-04-21,1.96,1.355,,3.844568955454732,3.67,0.4983506711409396,1.174,1.017,3.5604823717710974,5.573656625275411,,0.5111571716146771,0.7298943115214408,,,,,0.5331854789505797,0.875,0.6574431818181817,1.902,0.946,,,3.867045857980563,,3.674,,
2020-04-22,1.932,1.325,,3.857225972592032,3.685,0.4783355704697986,1.159,1.005,3.5222677703986855,5.513993864438554,,0.5085063997653356,0.727950518414859,,,,,0.5282983526540573,0.845,0.6429766949152541,1.831,0.922,,,3.8765967396276064,,3.686,,
2020-04-23,1.97,1.348,,3.889923266863389,3.739,0.4958171140939597,1.183,1.019,3.571667133148389,5.615035636823553,,0.5146915340804658,0.7386413805010585,,,,,0.5322080536912752,0.857,0.6715186825885977,1.867,0.935,,,3.8999433392092673,,3.735,,
2020-04-24,1.951,1.332,,3.914182549709879,3.739,0.4937902684563758,1.17,1.008,3.5483655469456985,5.564033599333982,,0.5089481950735592,0.7337818977346042,,,,,0.5297644905430142,0.847,0.6764060092449922,1.853,0.93,,,3.932840820437971,,3.741,,
2020-04-27,1.938,1.349,,3.93844183255637,3.759,0.4993640939597316,1.158,1.0,3.5343845952240844,5.501483930714696,,0.5085063997653356,0.7211472425418229,,,,,0.5302532031726663,0.854,0.6822708012326657,1.884,0.946,,,3.950881374660163,,3.763,,
2020-04-28,1.947,1.365,,3.88886851543528,3.717,0.5112718120805368,1.17,1.0095,3.5604823717710974,5.483200181425983,,0.5089481950735592,0.7162877597753686,,,,,0.5346516168395364,0.868,0.6998651771956855,1.913,0.953,,,3.9116166390000977,,3.717,,
2020-04-29,1.943,1.386,,3.898361278288255,3.726,0.5148187919463088,1.17,1.01,3.5660747524597434,5.437009656907126,,0.5071810138406648,0.7055968976891691,,,,,0.5356290420988409,0.881,0.7139406779661016,1.928,0.973,,,3.916922684359566,,3.729,,
2020-04-30,1.964,1.388,,3.8973065268601466,3.726,0.546234899328859,1.175,1.013,3.602425226935941,5.473577155484554,,0.508064604457112,0.7075406907957509,,,,,0.5410048810250153,0.907,0.7497159090909089,1.969,0.987,,,3.915861475287672,,3.728,,
2020-05-06,1.98,1.36,,3.9205110582785294,3.747,0.5426879194630873,1.185,1.0315,3.602425226935941,5.552485968204267,,0.5124825575393478,0.7162877597753686,,,,,0.5463807199511899,0.88,0.7286026579352849,1.934,0.963,,,3.937085656725546,,3.748,,
2020-05-07,2.03,1.36,,3.9025802840006887,3.733,0.546741610738255,1.221,1.0505,3.651824589685644,5.674698397660411,,0.5155751246969129,0.7318381046280226,,,,,0.5429597315436242,0.885,0.7366178736517718,1.934,0.972,,,3.923289938790928,,3.732,,
2020-05-08,2.035,1.358,,3.952153601121778,3.775,0.5472483221476511,1.218,1.049,3.662077287614828,5.698755962513982,,0.5217602590120429,0.7386413805010585,,,,,0.5458920073215375,0.889,0.747956471494607,1.94,0.978,,,3.9689219288823567,,3.775,,
2020-05-11,2.054,1.371,,3.92578481541907,3.7,0.546741610738255,1.228,1.06,3.690039191058057,5.743984184438696,,0.5257364167860551,0.7473884494806764,,,,,0.5498017083587554,0.903,0.7463925269645607,1.96,0.993,,,3.957248629091526,,3.751,,
2020-05-12,2.021,1.366,,3.915237301137988,3.742,0.5348338926174497,1.213,1.0475,3.678854429680765,5.711265896237839,,0.5248528261696079,0.7444727598208037,,,,,0.5463807199511898,0.885,0.727625192604006,1.951,0.993,,,3.943452911156908,,3.741,,
2020-05-13,2.033,1.35,,3.927894318275288,3.753,0.5241929530201342,1.221,1.053,3.6658055414072583,5.724738132555839,,0.5204348730873721,0.7444727598208037,,,,,0.5463807199511899,0.87,0.7076848998459166,1.901,0.98,,,3.945575329300695,,3.755,,
2020-05-14,2.047,1.352,,3.9489893468374535,3.77,0.5140587248322147,1.227,1.065,3.672329985544012,5.743984184438696,,0.5226438496284901,0.7522479322471307,,,,,0.546869432580842,0.863,0.7057299691833588,1.886,0.983,,,3.961493465379101,,3.772,,
2020-05-15,2.047,1.343,,3.999617415386651,3.821,0.5163389261744966,1.225,1.0595,3.66114522416672,5.733398855903125,,0.5169005106215836,0.7473884494806764,,,,,0.5454032946918854,0.858,0.7076848998459166,1.905,0.971,,,4.014553918973784,,3.818,,
2020-05-18,2.045,1.339,,4.081888026779098,3.9,0.5208993288590604,1.22,1.0585,3.6359795110678146,5.74879569740941,,0.5177841012380308,0.7503041391405489,,,,,0.5414935936546675,0.868,0.7115947611710323,1.925,0.978,,,4.0994506447252785,,3.9,,
2020-05-19,2.052,1.374,,4.047081229651525,3.867,0.5287533557046981,1.23,1.0565,3.681650620025088,5.744946487032839,,0.5191094871627014,0.7483603460339673,,,,,0.5385613178767542,0.905,0.7237153312788904,1.971,1.0,,,4.083532508646874,,3.868,,
2020-05-20,2.061,1.379,,4.0892712867758565,3.906,0.527739932885906,1.237,1.0655,3.672329985544012,5.7699663544805535,,0.5177841012380308,0.757107415013585,,,,,0.5454032946918854,0.909,0.7301666024653312,1.969,1.001,,,4.110062735444216,,3.908,,
2020-05-21,2.045,1.376,,4.07450476678234,3.893,0.5323003355704697,1.227,1.056,3.6658055414072583,5.736285763685553,,0.5164587153133601,0.7512760356938398,,,,,0.544425869432581,0.919,0.7373998459167949,1.981,1.0,,,4.1015730628690665,,3.89,,
2020-05-22,2.015,1.335,,4.029150455373683,3.845,0.5295134228187919,1.212,1.0445,3.633183320723492,5.642942412053696,,0.5124825575393478,0.7386413805010585,,,,,0.5395387431360587,0.911,0.7258657550077041,1.967,0.997,,,4.053818654633851,,3.846,,
2020-05-25,1.968,1.297,,4.034424212514225,3.858,0.528246644295302,1.18,1.02,3.5530258641862367,5.564033599333982,,0.5001122889090877,0.7240629322016956,,,,,0.5312306284319708,0.909,0.7086623651771956,1.97,1.001,,,4.060185909065213,,3.855,,
2020-05-26,1.989,1.312,,4.051300235363958,3.871,0.5414211409395973,1.191,1.024,3.5735312600446045,5.576543533057839,,0.508064604457112,0.7260067253082773,,,,,0.536117754728493,0.941,0.7383773112480738,2.004,1.029,,,4.0697367907122555,,3.873,,
2020-05-27,2.034,1.326,,4.023876698233142,3.84,0.5383808724832214,1.223,1.0545,3.6005611000397253,5.652565437995124,,0.5111571716146771,0.7415570701609312,,,,,0.5380726052471019,0.95,0.7340764637904467,2.009,1.037,,,4.0463901911305955,,3.845,,
2020-05-28,1.99,1.317,,4.029150455373683,3.846,0.5371140939597315,1.198,1.032,3.5856480848700034,5.607337216070411,,0.5111571716146771,0.735725690841186,,,,,0.5419823062843198,0.978,0.7409187211093989,2.04,1.062,,,4.0453289820587015,,3.85,,
2020-05-29,1.969,1.294,,4.0375884667985495,3.857,0.5328070469798658,1.179,0.94,3.569803006252174,5.573656625275411,,0.5098317856900063,0.7308662080747317,,,,,0.5351403294691885,0.972,0.7319260400616333,2.021,1.061,,3.895,4.053818654633851,,3.857,,
2020-06-01,2.024,1.332,,4.0639572525012575,3.881,0.5363540268456376,1.214,1.045,3.633183320723492,5.678547608036982,,0.513366148155795,0.7444727598208037,,,,,0.5429597315436241,0.977,0.7370088597842834,2.032,1.075,,3.928,4.085654926790661,,3.881,,
2020-06-02,2.083,1.34,,4.071340512498015,3.89,0.5388875838926174,1.252,1.077,3.698427762091025,5.8507997723885525,,0.5248528261696079,0.7687701736530754,,,,,0.5522452715070165,0.992,0.7340764637904467,2.034,1.079,,3.942,4.092022181222023,,3.885,,
2020-06-03,2.075,1.368,,4.0312599582299,3.852,0.5419278523489932,1.241,1.0795,3.7263896655342537,5.8411767464471245,,0.5266200074025023,0.772657759866239,,,,,0.5522452715070164,1.02,0.7332944915254235,2.056,1.097,,3.904,4.052757445561957,,3.852,,
2020-06-04,2.067,1.387,,3.997507912530435,3.818,0.5444614093959731,1.241,1.0685,3.7198652213975,5.8334783256939815,,0.5261782120942787,0.7668263805464938,,,,,0.5502904209884075,1.048,0.7422871725731894,2.079,1.092,,3.876,4.013492709901891,,3.815,,
2020-06-05,2.069,1.38,,4.022821946805034,3.843,0.5381275167785236,1.244,1.0735,3.708680460020209,5.827704510129124,,0.5257364167860551,0.7707139667596572,,,,,0.5517565588773643,1.047,0.741700693374422,2.07,1.08,,3.872,4.043206563914914,3.891,3.845,,
2020-06-08,2.101,1.401,,3.9510988496936696,3.773,0.5497818791946308,1.257,1.0845,3.7468950613926206,5.865234311300695,,0.5257364167860551,0.772657759866239,,,,,0.5502904209884076,1.083,0.7469790061633281,2.114,1.094,,3.835,3.966799510738569,3.86,3.774,,
2020-06-09,2.076,1.398,,3.972193878255836,3.795,0.5518087248322148,1.245,1.0735,3.750623315185052,5.82962911531741,,0.5283871886353966,0.7697420702063663,,,,,0.5542001220256253,1.082,0.7467835130970722,2.143,1.097,,3.844,3.9901461103202296,3.844,3.793,,
2020-06-10,2.102,1.417,,3.998562663958543,3.821,0.5556090604026845,1.259,1.087,3.770196647595311,5.8633097061124095,,0.5319215511011851,0.772657759866239,,,,,0.5556662599145821,1.076,0.7481519645608627,2.145,1.112,,3.859,4.0177375461894655,3.849,3.823,,
2020-06-11,2.123,1.405,,4.023876698233142,3.843,0.5642231543624161,1.275,1.099,3.759011886218021,5.8710081268655525,,0.5345723229505266,0.7736296564195299,,,,,0.5546888346552776,1.058,0.7428736517719567,2.123,1.116,,3.921,4.04214535484302,3.893,3.844,,
2020-06-12,2.08,1.348,,4.027040952517467,3.847,0.5328070469798658,1.254,1.0755,3.692835381402379,5.764192538915696,,0.5248528261696079,0.7619668977800395,,,,,0.5449145820622331,0.997,0.7139406779661016,2.002,1.057,,3.911,4.05063502741817,3.91,3.85,,
2020-06-15,2.143,1.353,,4.0375884667985495,3.858,0.5350872483221477,1.285,1.1085,3.711476650364532,5.855611285359267,,0.5283871886353966,0.772657759866239,,,,,0.551267846247712,0.999,0.7252792758089367,2.0,1.069,,3.911,4.052757445561957,3.912,3.86,,
2020-06-16,2.169,1.37,,4.018602941092601,3.841,0.546234899328859,1.305,1.116,3.7235934751899302,5.8960279943132665,,0.5292707792518437,0.7746015529728206,,,,,0.5483355704697986,1.024,0.7315350539291215,2.035,1.077,,3.892,4.037900518555445,3.902,3.842,,
2020-06-17,2.184,1.368,,4.020712443948817,3.837,0.5545956375838926,1.312,1.132,3.7468950613926206,5.9749368070329805,,0.5363395041834209,0.7872362081656019,,,,,0.5517565588773643,1.037,0.7450240755007703,2.074,1.095,,3.899,4.037900518555445,3.9,3.842,,
2020-06-18,2.187,1.366,,4.023876698233142,3.844,0.5561157718120805,1.313,1.1345,3.740370617255868,6.007655095233838,,0.5376648901080917,0.7911237943787653,,,,,0.5527339841366687,1.026,0.7450240755007703,2.05,1.083,,3.903,4.041084145771126,3.904,3.847,,
2020-06-19,2.196,1.372,,4.015438686808276,3.836,0.5589026845637584,1.312,1.135,3.7748569648358496,6.024014239334266,,0.5411992525738802,0.7891800012721837,,,,,0.5576211104331911,1.031,0.7418961864406778,2.064,1.084,,3.896,4.037900518555445,3.897,3.837,,
2020-06-22,2.246,1.384,,4.071340512498015,3.893,0.5578892617449664,1.354,1.1625,3.826120454481769,6.065393250882408,,0.5425246384985509,0.7979270702518014,,,,,0.5590872483221476,1.029,0.741700693374422,2.059,1.093,,3.925,4.085654926790661,3.919,3.891,,
2020-06-23,2.26,1.37,,4.076614269638557,3.895,0.5596627516778524,1.355,1.173,3.82146013724123,6.0644309482882655,,0.5429664338067746,0.8018146564649649,,,,,0.5546888346552777,1.023,0.7399412557781201,2.05,1.082,,3.95,4.115368780803684,3.946,3.896,,
2020-06-24,2.318,1.41,,4.096654546772615,3.909,0.5672634228187919,1.384,1.196,3.85687854826932,6.092337723518409,,0.5425246384985509,0.8018146564649649,,,,,0.5532226967663209,1.047,0.7487384437596301,2.073,1.098,,3.952,4.11112394451611,3.96,3.913,,
2020-06-29,2.292,1.386,,4.095599795344506,3.91,0.5523154362416107,1.379,1.1945,3.868063309646612,6.086563907953551,,0.5465007962725632,0.7998708633583831,,,,,0.5561549725442343,1.017,0.7344674499229583,2.015,1.072,,3.968,4.117491198947471,3.971,3.917,,
2020-06-30,2.304,1.373,,4.090326038203965,3.907,0.5548489932885906,1.383,1.189,3.866199182750396,6.075016276823837,,0.5429664338067746,0.7979270702518014,,,,,0.5561549725442343,1.027,0.7415052003081664,2.021,1.08,,3.967,4.110062735444216,3.97,3.909,,
2020-07-01,2.363,1.373,,4.1124758181942385,3.927,0.5621963087248322,1.424,1.224,3.9025496572265936,6.172208838832265,,0.548709772813681,0.8115336219978735,,,,,0.5600646735814521,1.028,0.7448285824345146,2.04,1.071,,3.983,4.129164498738302,3.981,3.93,,
2020-07-02,2.337,1.386,,4.075559518210448,3.898,0.56751677852349,1.4,1.2125,3.979910923419525,6.179907259585408,,0.5606382461357176,0.8144493116577461,,,,,0.5737486272117145,1.025,0.7428736517719567,2.049,1.068,,3.99,4.11430757173179,3.995,3.901,,
2020-07-03,2.349,1.427,,4.095599795344506,3.913,0.5741040268456375,1.406,1.2145,4.088030283400009,6.297308176070836,,0.5730085147659777,0.8251401737439457,,,,,0.589876143990238,1.053,0.7411142141756547,2.064,1.073,,3.967,4.110062735444216,3.972,3.917,,
2020-07-06,2.384,1.464,,4.09349029248829,3.912,0.5756241610738254,1.434,1.2345,4.219451229583183,6.42336981590355,,0.5814026256222257,0.8436062082564721,,,,,0.5986729713239781,1.056,0.7432646379044683,2.074,1.081,,3.968,4.113246362659897,3.971,3.912,,
2020-07-07,2.459,1.518,,4.101928303913156,3.909,0.5824647651006711,1.492,1.276,4.493477883326823,6.747665790129692,,0.6171880455883353,0.8795663807282342,,,,,0.6382586943258085,1.065,0.7551897149460708,2.091,1.084,,3.961,4.110062735444216,3.965,3.909,,
2020-07-08,2.515,1.48,,4.1124758181942385,3.927,0.5786644295302013,1.5,1.3055,4.41238836334146,6.730344343435121,,0.6127700925060995,0.8727631048551981,,,,,0.6460780964002442,1.048,0.7477609784283512,2.066,1.077,,3.976,4.1281032896664085,3.976,3.929,,
2020-07-09,2.576,1.484,,4.129351841043972,3.946,0.585251677852349,1.54,1.331,4.470176297124133,6.873727429962406,,0.6220477939787946,0.9019200014539244,,,,,0.6372812690665041,1.046,0.7501068952234206,2.068,1.07,,3.987,4.150388680176175,3.989,3.947,,
2020-07-10,2.66,1.467,,4.117749575334781,3.935,0.583731543624161,1.601,1.384,4.509322961944652,7.028658147619406,,0.6357434485337254,0.9223298290730324,,,,,0.6436345332519829,1.043,0.7516708397534668,2.058,1.068,,4.007,4.144021425744813,4.004,3.936,,
2020-07-13,2.693,1.453,,4.119859078190997,3.938,0.5941191275167785,1.609,1.3925,4.457127408850625,7.06041413322612,,0.6251403611363596,0.9184422428598688,,,,,0.628484441732764,1.052,0.7630094375963019,2.076,1.077,,3.989,4.138715380385345,3.987,3.938,,
2020-07-14,2.798,1.438,,4.113530569622347,3.93,0.584998322147651,1.688,1.4525,4.545673436420849,7.273083006531691,,0.6428121734653027,0.9670370705244122,,,,,0.6451006711409397,1.047,0.7477609784283512,2.065,1.079,,3.998,4.140837798529132,3.999,3.928,,
2020-07-15,2.766,1.45,,4.128297089615863,3.944,0.5905721476510067,1.657,1.433,4.52982835780302,7.1807019574939766,,0.6383942203830669,0.9456553463520132,,,,,0.6446119585112873,1.069,0.7596860554699537,2.095,1.09,,3.994,4.149327471104282,3.999,3.948,,
2020-07-16,2.718,1.44,,4.119859078190997,3.939,0.5877852348993288,1.624,1.41,4.464583916435487,7.020959726866264,,0.6251403611363596,0.9203860359664504,,,,,0.6358151311775473,1.074,0.7600770416024651,2.118,1.099,,4.0,4.145082634816707,3.998,3.939,,
2020-07-17,2.558,1.407,,4.086107032491531,3.905,0.5814513422818791,1.532,1.329,4.259529957851811,6.680304608539693,,0.6043759816498516,0.8785944841749433,,,,,0.6260408785845027,1.076,0.7477609784283512,2.097,1.081,,3.96,4.116429989875578,3.987,3.905,,
2020-07-20,2.62,1.406,,4.094545043916398,3.913,0.584491610738255,1.57,1.346,4.331298843356097,6.755364210882835,,0.6171880455883353,0.889285346261143,,,,,0.6231086028065894,1.081,0.7565581664098612,2.106,1.08,,3.967,4.112185153588003,3.967,3.916,,
2020-07-21,2.62,1.417,,4.119859078190997,3.934,0.5979194630872483,1.57,1.355,4.426369315063074,6.897784994815978,,0.6366270391501726,0.9145546566467052,,,,,0.6490103721781574,1.098,0.7706336671802773,2.121,1.086,,3.986,4.138715380385345,3.987,3.941,,
2020-07-22,2.628,1.428,,4.221115215289393,4.058,0.6001996644295302,1.574,1.3705,4.410524236445244,6.91221953372812,,0.6357434485337254,0.9194141394131596,,,,,0.6475442342892007,1.109,0.7731750770416024,2.128,1.088,,4.074,4.350957194764081,4.08,4.063,,
2020-07-23,2.657,1.413,,4.248538752420209,4.052,0.5989328859060402,1.58,1.3835,4.419844870926321,6.928578677828549,,0.6317672907597133,0.9194141394131596,,,,,0.6475442342892007,1.113,0.7721976117103235,2.137,1.089,,4.106,4.257570796437436,4.105,4.056,,
2020-07-24,2.68,1.403,,4.277017040979133,4.082,0.585758389261745,1.6,1.4005,4.404931855756599,6.958410058246978,,0.6353016532255018,0.9233017256263232,,,,,0.6397248322147652,1.109,0.7559716872110939,2.118,1.085,,4.149,4.288345859522354,4.135,4.084,,
2020-07-27,2.544,1.392,,4.364561409512121,4.162,0.5781577181208054,1.53,1.31,4.27164678267721,6.65913395146855,,0.618513431513006,0.8805382772815251,,,,,0.6255521659548505,1.098,0.7487384437596301,2.107,1.09,,4.188,4.378548630633317,4.211,4.165,,
2020-07-28,2.576,1.396,,4.487967326600791,4.282,0.5908255033557046,1.535,1.33,4.3014728130166535,6.69281454226355,,0.6167462502801117,0.889285346261143,,,,,0.6216424649176329,1.11,0.7594905624036978,2.124,1.108,,4.333,4.514383391835707,4.358,4.29,,
2020-07-29,2.564,1.387,,4.413079975205103,4.216,0.5819580536912752,1.536,1.333,4.292152178535578,6.674530792974835,,0.6216059986705711,0.8941448290275973,,,,,0.6191989017693715,1.102,0.7522573189522339,2.113,1.099,,4.259,4.437976338659363,4.261,4.222,,
2020-07-30,2.68,1.4,,4.407806218064562,4.21,0.5900654362416108,1.61,1.388,4.427301378511181,6.907408020757406,,0.6370688344583961,0.925245518732905,,,,,0.6309280048810251,1.107,0.7575356317411401,2.128,1.096,,4.267,4.432670293299894,4.3,4.215,,
2020-07-31,2.658,1.39,,4.371944669508879,4.176,0.5953859060402684,1.59,1.3745,4.390018840586877,6.877576640338978,,0.6406031969241848,0.9203860359664504,,,,,0.6363038438071996,1.082,0.7643778890600923,2.134,0.999,,4.237,4.397650393927402,4.242,4.181,,
2020-08-03,2.734,1.388,,4.408860969492669,4.214,0.6001996644295302,1.629,1.4115,4.464583916435487,6.994015254230263,,0.6450211500064206,0.9407958635855588,,,,,0.6407022574740696,1.087,0.7702426810477656,2.142,1.077,,4.274,4.435853920515575,4.268,4.212,,
2020-08-04,2.772,1.382,,4.408860969492669,4.213,0.6050134228187919,1.662,1.4385,4.519575659873836,7.122001499251263,,0.6578332139449042,0.9718965532908664,,,,,0.6578071995118976,1.105,0.7741525423728812,2.148,1.08,,4.261,4.424180620724744,4.266,4.213,,
2020-08-05,2.74,1.399,,4.5006243437380915,4.301,0.6075469798657719,1.646,1.422,4.4944099467749306,7.077735579920692,,0.6573914186366806,0.960233794651376,,,,,0.6543862111043319,1.097,0.7770849383667179,2.154,1.08,,4.333,4.516505809979495,4.302,4.299,,
2020-08-06,2.767,1.402,,4.533321638009448,4.331,0.6078003355704698,1.653,1.5,4.502798517807899,7.145096761510691,,0.6604839857942457,0.9777279326106116,,,,,0.654386211104332,1.1,0.7772804314329737,2.173,1.087,,4.381,4.571688681717966,4.389,4.333,,
2020-08-07,2.701,1.387,,4.609263740833246,4.401,0.6103338926174496,1.624,1.411,4.476700741260886,7.14124755113412,,0.6618093717189164,0.9718965532908664,,,,,0.6534087858450275,1.094,0.7817767719568566,2.183,1.076,,4.433,4.616259462737499,4.453,4.402,,
2020-08-10,2.641,1.364,,4.537540643721881,4.335,0.6067869127516778,1.578,1.3775,4.411456299893352,7.034431963184263,,0.6609257811024692,0.9553743118849218,,,,,0.6558523489932887,1.098,0.7778669106317411,2.199,1.073,,4.4,4.522873064410856,4.42,4.335,,
2020-08-11,2.643,1.376,,4.522774123728365,4.322,0.6085604026845638,1.581,1.3705,4.459923599194949,7.088320908456263,,0.6679945060340465,0.9650932774178304,,,,,0.6641604636973765,1.104,0.7823632511556239,2.212,1.083,,4.404,4.550464500280093,4.413,4.323,,
2020-08-12,2.596,1.381,,4.166268141027762,4.059,0.5991862416107383,1.555,1.3475,4.403999792308491,6.947824729711406,,0.6582750092531278,0.9427396566921404,,,,,0.6592733374008543,1.112,0.7731750770416024,2.184,1.091,,4.196,4.213000015417903,4.05,4.037,,
2020-08-13,2.56,1.411,,4.250648255276426,4.068,0.6085604026845638,1.531,1.321,4.394679157827415,6.90837032335155,,0.6565078280202336,0.9271893118394866,,,,,0.6568297742525931,1.12,0.8013260785824344,2.202,1.102,,4.09,4.260754423653117,4.1,4.068,,
2020-08-14,2.533,1.4,,4.331864115240764,4.133,0.6131208053691275,1.514,1.3145,4.3695134447285096,6.922804862263692,,0.6538570561708921,0.932048794605941,,,,,0.658784624771202,1.119,0.7940928351309706,2.21,1.108,,4.181,4.350957194764081,4.185,4.142,,
2020-08-17,2.591,1.407,,4.277017040979133,4.086,0.6133741610738255,1.553,1.341,4.4720404240203475,7.018072819083835,,0.6697616872669407,0.9446834497987222,,,,,0.6685588773642466,1.114,0.7933108628659474,2.211,1.105,,4.147,4.297896741169397,4.153,4.092,,
2020-08-18,2.608,1.416,,4.39620395235537,4.2,0.6174278523489932,1.562,1.352,4.550333753661387,7.1171899862805486,,0.679922979356083,0.9680089670777032,,,,,0.6827315436241611,1.115,0.7968297380585514,2.214,1.105,,4.285,4.425241829796638,4.249,4.202,,
2020-08-19,2.604,1.408,,4.412025223776994,4.214,0.6199614093959731,1.562,1.3445,4.536352801939773,7.170116628958405,,0.6825737512054244,0.9738403463974484,,,,,0.6837089688834656,1.114,0.7968297380585514,2.213,1.11,,4.284,4.442221174946937,4.289,4.217,,
2020-08-20,2.503,1.386,,4.253812509560751,4.065,0.6189479865771812,1.506,1.3,4.445942647473334,7.0546403176612635,,0.6790393887396359,0.9553743118849218,,,,,0.6768669920683344,1.113,0.8015215716486901,2.209,1.103,,4.228,4.2925906958099285,4.225,4.065,,
2020-08-21,2.519,1.383,,4.274907538122916,4.079,0.6247751677852349,1.51,1.3035,4.443146457129012,6.991128346447834,,0.6781557981231887,0.9446834497987222,,,,,0.6719798657718121,1.113,0.8103187596302001,2.202,1.096,,4.135,4.2925906958099285,4.338,4.089,,
2020-08-24,2.563,1.405,,4.229553226714259,4.042,0.6354161073825503,1.545,1.333,4.4785648681571,7.044054989125692,,0.6755050262738472,0.9524586222250492,,,,,0.6729572910311166,1.109,0.8328004622496146,2.217,1.105,,4.151,4.277733768803416,4.153,4.042,,
2020-08-25,2.591,1.417,,4.251703006704533,4.061,0.6536577181208054,1.556,1.347,4.49813820056736,7.072924066949977,,0.676830412198518,0.9650932774178304,,,,,0.6783331299572911,1.13,0.8654478043143295,2.249,1.109,,4.116,4.26712167808448,4.12,4.063,,
2020-08-26,2.608,1.412,,4.251703006704533,4.063,0.6724060402684563,1.566,1.3535,4.491613756430607,7.016148213895549,,0.6728542544245057,0.961205691204667,,,,,0.6719798657718121,1.128,0.9184264252696456,2.297,1.113,,4.127,4.280917396019098,4.128,4.062,,
2020-08-27,2.561,1.408,,4.2938930638288655,4.1,0.6686057046979865,1.536,1.325,4.445010584025226,6.905483415569121,,0.6662273248011522,0.9407958635855588,,,,,0.6636717510677244,1.131,0.8973131741140213,2.29,1.111,,4.145,4.302141577456972,4.16,4.102,,
2020-08-28,2.59,1.399,,4.271743283838591,4.084,0.6764597315436242,1.556,1.3475,4.467380106779809,6.955523150464549,,0.6626929623353636,0.946627242905304,,,,,0.6617169005491155,1.13,0.9168624807395992,2.288,1.105,,4.162,4.298957950241291,4.17,4.082,,
2020-08-31,2.676,1.417,,4.329754612384548,4.14,0.6898875838926174,1.608,1.3875,4.609053750892167,7.108529262933263,,0.6790393887396359,0.9680089670777032,,,,,0.6754008541793778,1.133,0.9489233436055468,2.318,1.106,,4.173,4.352018403835975,4.176,4.138,,
2020-09-01,2.628,1.395,,4.342411629521847,4.149,0.7048355704697986,1.578,1.37,4.535420738491665,7.034431963184263,,0.6755050262738472,0.9650932774178304,,,,,0.6626943258084199,1.121,0.9888039291217257,2.327,1.091,,4.187,4.353079612907869,4.194,4.149,,
2020-09-02,2.657,1.388,,4.325535606672115,4.134,0.7291577181208054,1.599,1.382,4.584820101241369,7.103717749962548,,0.6750632309656237,0.9699527601842848,,,,,0.6656266015863332,1.122,1.0063983050847454,2.324,1.094,,4.225,4.35944686733923,4.191,4.135,,
2020-09-03,2.667,1.382,,4.274907538122916,4.082,0.7755218120805368,1.6,1.39,4.565246768831109,7.091207816238691,,0.6746214356574001,0.9728684498441572,,,,,0.6592733374008543,1.138,1.0327898690292756,2.38,1.102,,4.176,4.302141577456972,4.185,4.085,,
2020-09-04,2.609,1.36,,4.249593503848317,4.061,0.7321979865771813,1.565,1.35,4.483225185397639,6.978618412723977,,0.6702034825751643,0.954402415331631,,,,,0.6582959121415498,1.118,0.9774653312788903,2.3,1.101,,4.109,4.269244096228267,4.117,4.062,,
2020-09-07,2.628,1.358,,4.269633780982375,4.078,0.7020486577181207,1.58,1.355,4.492545819878715,6.990166043853692,,0.6671109154175994,0.960233794651376,,,,,0.6548749237339843,1.108,0.9344568567026194,2.308,1.095,,4.12,4.281978605090992,4.131,4.079,,
2020-09-08,2.554,1.362,,4.247484000992101,4.06,0.6688590604026846,1.533,1.3285,4.417980744030106,6.869878219585835,,0.6573914186366806,0.9427396566921404,,,,,0.6475442342892007,1.12,0.8789368258859783,2.238,1.088,,4.114,4.26712167808448,4.118,4.06,,
2020-09-09,2.533,1.34,,4.252757758132642,4.064,0.659991610738255,1.519,1.32,4.380698206105801,6.835235326196692,,0.6587168045613514,0.9475991394585948,,,,,0.6504765100671142,1.106,0.8595830123266562,2.155,1.09,,4.12,4.274550141587735,4.132,4.061,,
2020-09-10,2.462,1.35,,4.2938930638288655,4.102,0.7038221476510067,1.478,1.283,4.365785190936079,6.767874144606693,,0.6436957640817499,0.9262174152861958,,,,,0.6441232458816353,1.122,0.9012230354391372,2.215,1.088,,4.136,4.306386413744546,4.139,4.105,,
2020-09-11,2.391,1.337,,4.288619306688324,4.097,0.6680989932885906,1.439,1.244,4.315453764738267,6.579262836154693,,0.6397196063077376,0.8863696566012703,,,,,0.6363038438071996,1.128,0.8795233050847455,2.165,1.094,,4.148,4.309570040960227,4.15,4.098,,
2020-09-14,2.476,1.347,,4.274907538122916,4.085,0.6663255033557046,1.481,1.2725,4.387222650242554,6.713985199334693,,0.6432539687735263,0.9077513807736696,,,,,0.6402135448444174,1.124,0.8861700693374421,2.17,1.104,,4.139,4.296835532097504,4.145,4.088,,
2020-09-15,2.484,1.348,,4.287564555260216,4.092,0.6840604026845638,1.494,1.29,4.385358523346339,6.709173686363979,,0.6454629453146441,0.917470346306578,,,,,0.6382586943258085,1.128,0.91959938366718,2.18,1.108,,4.149,4.304263995600759,4.15,4.098,,
2020-09-16,2.506,1.353,,4.271743283838591,4.078,0.6992617449664429,1.504,1.2995,4.422641061270644,6.752477303100407,,0.6503226937051034,0.9233017256263232,,,,,0.6397248322147652,1.124,0.9559610939907548,2.183,1.105,,4.152,4.297896741169397,4.158,4.077,,
2020-09-17,2.46,1.345,,4.269633780982375,4.074,0.6741795302013422,1.48,1.2805,4.383494396450124,6.707249081175692,,0.6498808983968799,0.9155265531999962,,,,,0.6426571079926785,1.12,0.9184264252696456,2.175,1.102,,4.129,4.2925906958099285,4.134,4.077,,
2020-09-18,2.468,1.327,,4.255922012416967,4.065,0.6534043624161074,1.48,1.2775,4.376037888865263,6.736118158999978,,0.6551824420955629,0.9213579325197414,,,,,0.6475442342892008,1.111,0.8892979583975346,2.14,1.102,,4.114,4.271366514372055,4.125,4.067,,
2020-09-21,2.516,1.336,,4.273852786694808,4.083,0.6630318791946309,1.513,1.302,4.487885502638178,6.861217496238549,,0.6657855294929286,0.9359363808191044,,,,,0.6582959121415498,1.109,0.926637134052388,2.139,1.104,,4.189,4.302141577456972,4.143,4.085,,
2020-09-22,2.47,1.304,,4.178925158165062,3.976,0.6511241610738254,1.481,1.2875,4.403999792308491,6.779421775736407,,0.6600421904860221,0.9301050014993592,,,,,0.6485216595485052,1.069,0.9123661402157164,2.112,1.098,,4.047,4.2087551791303275,4.038,3.978,,
2020-09-23,2.472,1.299,,4.163103886743437,3.979,0.6511241610738254,1.488,1.281,4.383494396450124,6.737080461594121,,0.6520898749379977,0.9194141394131596,,,,,0.6441232458816353,1.07,0.9207723420647148,2.118,1.093,,4.041,4.188592206764348,4.039,3.98,,
2020-09-24,2.49,1.293,,4.095599795344506,3.916,0.6202147651006711,1.497,1.2955,4.366717254384186,6.721683620087836,,0.6520898749379977,0.9223298290730324,,,,,0.6407022574740696,1.065,0.8797187981510014,2.078,1.098,,3.98,4.112185153588003,3.977,3.92,,
2020-09-25,2.46,1.29,,4.076614269638557,3.896,0.6235083892617449,1.477,1.2735,4.327570589563667,6.636038689209121,,0.6392778109995141,0.903863794560506,,,,,0.6343489932885906,1.061,0.8875385208012325,2.085,1.1,,3.943,4.112185153588003,3.949,3.902,,
2020-09-28,2.465,1.281,,4.108256812481805,3.921,0.6194546979865772,1.486,1.2765,4.326638526115559,6.630264873644264,,0.6383942203830669,0.896088622134179,,,,,0.6338602806589383,1.053,0.8863655624036978,2.12,1.102,,3.977,4.131286916882089,3.988,3.922,,
2020-09-29,2.453,1.295,,4.150446869606138,3.929,0.6498573825503355,1.47,1.27,4.3527363026625725,6.572526717995693,,0.6397196063077376,0.8863696566012703,,,,,0.6314167175106773,1.078,0.8951627503852078,2.147,1.115,,4.008,4.1546335164637505,4.012,3.968,,
2020-09-30,2.478,1.293,,4.168377643883979,3.98,0.6561912751677852,1.494,1.287,4.355532493006895,6.606207308790693,,0.6428121734653027,0.896088622134179,,,,,0.6333715680292862,1.074,0.8904709167950692,2.147,1.12,,4.042,4.1822249523329855,4.034,3.985,,
2020-10-09,2.539,1.32,,4.152556372462354,3.961,0.6759530201342282,1.522,1.3095,4.400271538516061,6.657209346280264,,0.6428121734653027,0.8999762083473425,,,,,0.6367925564368517,1.09,0.9164714946070875,2.195,1.119,,4.031,4.170551652542155,4.03,3.962,,
2020-10-12,2.606,1.313,,4.207403446723985,4.013,0.6906476510067114,1.565,1.3445,4.441282330232796,6.774610262765692,,0.6520898749379977,0.9184422428598688,,,,,0.6397248322147652,1.088,0.9154940292758088,2.204,1.108,,4.06,4.220428478921158,4.06,4.019,,
2020-10-13,2.679,1.333,,4.201074938155336,4.016,0.6967281879194631,1.614,1.391,4.555926134350033,6.914144138916406,,0.6662273248011522,0.9505148291184676,,,,,0.6411909701037218,1.099,0.9231182588597842,2.236,1.106,,4.068,4.223612106136839,4.072,4.012,,
2020-10-14,2.682,1.338,,4.110366315338022,3.939,0.6911543624161074,1.617,1.3955,4.5577902612462475,6.924729467451977,,0.6644601435682579,0.95343051877834,,,,,0.6514539353264185,1.088,0.9246822033898304,2.232,1.111,,4.046,4.159939561823219,4.056,3.93,,
2020-10-15,2.668,1.33,,4.131461343900188,3.958,0.6767130872483221,1.606,1.3875,4.542877246076526,6.893935784439406,,0.6626929623353636,0.9437115532454314,,,,,0.6490103721781575,1.08,0.910997688751926,2.212,1.112,,3.993,4.149327471104282,4.001,3.948,,
2020-10-16,2.641,1.316,,4.156775378174787,3.955,0.6668322147651007,1.591,1.3735,4.53355661159545,6.862179798832692,,0.6626929623353636,0.9369082773723952,,,,,0.6485216595485052,1.065,0.8992681047765791,2.205,1.105,,4.013,4.173735279757836,4.016,3.972,,
2020-10-19,2.648,1.325,,4.13040659247208,3.948,0.6706325503355705,1.591,1.3695,4.548469626765172,6.851594470297121,,0.6626929623353636,0.9369082773723952,,,,,0.6553636363636364,1.069,0.9006365562403696,2.217,1.107,,4.001,4.1546335164637505,4.005,3.954,,
2020-10-20,2.594,1.32,,4.1398993553250545,3.961,0.662525167785235,1.56,1.35,4.484157248845746,6.732268948623407,,0.6596003951777986,0.9271893118394866,,,,,0.6470555216595486,1.063,0.8937942989214174,2.181,1.107,,4.004,4.159939561823219,4.01,3.954,,
2020-10-21,2.647,1.327,,4.157830129602896,3.971,0.6660721476510068,1.592,1.374,4.525168040562482,6.793856314648549,,0.66225116702714,0.9378801739256862,,,,,0.6490103721781575,1.058,0.9016140215716486,2.176,1.1,,4.018,4.173735279757836,4.021,3.972,,
2020-10-22,2.594,1.319,,4.153611123890463,3.968,0.6531510067114094,1.56,1.3505,4.514915342633298,6.72649513305855,,0.6582750092531278,0.925245518732905,,,,,0.6465668090298963,1.047,0.8885159861325114,2.168,1.1,,4.017,4.173735279757836,4.024,3.975,,
2020-10-23,2.579,1.33,,4.134625598184513,3.965,0.641496644295302,1.551,1.34,4.503730581256006,6.689927634481121,,0.6551824420955629,0.9184422428598688,,,,,0.6480329469188532,1.043,0.891448382126348,2.166,1.101,,4.023,4.151449889248069,4.019,3.953,,
2020-10-26,2.5,1.338,,4.136735101040729,3.954,0.6333892617449665,1.503,1.305,4.433825822647934,6.589848164690264,,0.6507644890133271,0.9019200014539244,,,,,0.6431458206223307,1.046,0.8816737288135591,2.171,1.107,,3.996,4.155694725535644,4.01,3.947,,
2020-10-27,2.52,1.335,,4.150446869606138,3.94,0.6186946308724832,1.512,1.304,4.4151845536857826,6.557129876489407,,0.6481137171639856,0.896088622134179,,,,,0.6411909701037218,1.022,0.8543046995377502,2.14,1.102,,4.01,4.162061979967006,4.02,3.968,,
2020-10-28,2.552,1.338,,4.157830129602896,3.974,0.6333892617449665,1.538,1.3295,4.4384861398884725,6.587923559501979,,0.647671921855762,0.9077513807736696,,,,,0.6353264185478951,1.021,0.8580190677966101,2.136,1.106,,4.03,4.173735279757836,4.033,3.974,,
2020-10-29,2.548,1.317,,4.113530569622347,3.959,0.6121073825503356,1.527,1.329,4.435689949544151,6.560979086865978,,0.6463465359310913,0.8902572428144337,,,,,0.6387474069554607,0.998,0.8308455315870569,2.081,1.104,,4.022,4.1281032896664085,4.0,3.913,,
2020-10-30,2.607,1.319,,4.0882165353477475,3.918,0.6207214765100671,1.568,1.355,4.509322961944652,6.635076386614978,,0.6494391030886563,0.9087232773269602,,,,,0.6451006711409397,1.009,0.8425751155624035,2.076,1.102,,3.969,4.104756690084747,3.952,3.906,,
2020-11-02,2.57,1.307,,4.095599795344506,3.91,0.6072936241610738,1.544,1.33,4.435689949544151,6.49073099749355,,0.6379524250748433,0.8941448290275973,,,,,0.6363038438071996,0.982,0.8310410246533128,2.058,1.093,,3.952,4.11112394451611,3.956,3.914,,
2020-11-03,2.622,1.326,,4.117749575334781,3.934,0.6123607382550335,1.577,1.359,4.473904550916562,6.534996916824122,,0.6410449922324084,0.8853977600479794,,,,,0.6441232458816353,0.978,0.8322139830508473,2.091,1.095,,3.991,4.144021425744813,3.998,3.94,,
2020-11-04,2.644,1.335,,4.154665875318571,3.95,0.6273087248322148,1.593,1.3755,4.515847406081405,6.611018821761407,,0.6467883312393148,0.9067794842203786,,,,,0.6480329469188529,1.001,0.8689666795069336,2.124,1.11,,4.011,4.172674070685942,4.012,3.97,,
2020-11-05,2.682,1.363,,4.138844603896946,3.963,0.6688590604026846,1.612,1.3855,4.5857521646894766,6.660096254062693,,0.6569496233284571,0.903863794560506,,,,,0.6553636363636364,1.013,0.942472072419106,2.174,1.125,,4.006,4.1525110983199625,4.009,3.951,,
2020-11-06,2.693,1.369,,4.187363169589928,4.008,0.6498573825503355,1.621,1.398,4.621170575717566,6.740929671970692,,0.6596003951777986,0.9145546566467052,,,,,0.6607394752898109,1.024,0.918817411402157,2.186,1.129,,4.2,4.204510342842753,4.08,4.002,,
2020-11-09,2.653,1.381,,4.196855932442903,4.006,0.6564446308724833,1.597,1.3755,4.641675971575934,6.716872107117122,,0.6613675764106929,0.9126108635401236,,,,,0.6675814521049421,1.032,0.8953582434514636,2.207,1.16,,4.06,4.219367269849265,4.061,4.014,,
2020-11-10,2.717,1.404,,4.034424212514225,3.86,0.6430167785234898,1.636,1.4115,4.716241047424543,6.826574602849407,,0.6675527107258229,0.9349644842658136,,,,,0.6749121415497255,1.061,0.8797187981510014,2.21,1.16,,3.949,4.149327471104282,4.047,3.854,,
2020-11-11,2.664,1.393,,4.060792998216932,3.88,0.623761744966443,1.607,1.3925,4.667773748122947,6.736118158999978,,0.665343734184705,0.9223298290730324,,,,,0.6734460036607688,1.059,0.869553158705701,2.199,1.159,,3.925,4.075042836071724,3.946,3.884,,
2020-11-12,2.602,1.408,,4.056573992504499,3.872,0.6278154362416107,1.568,1.3565,4.641675971575934,6.677417700757264,,0.6666691201093757,0.9048356911137968,,,,,0.6744234289200731,1.068,0.873854006163328,2.215,1.176,,3.917,4.063369536280894,3.918,3.865,,
2020-11-13,2.591,1.386,,4.065012003929366,3.884,0.6179345637583893,1.565,1.35,4.6146461315808125,6.676455398163121,,0.6710870731916114,0.9077513807736696,,,,,0.6788218425869433,1.059,0.8582145608628657,2.206,1.175,,3.942,4.081410090503087,3.933,3.887,,
2020-11-16,2.626,1.401,,4.082942778207206,3.902,0.6278154362416107,1.583,1.3615,4.609053750892167,6.709173686363979,,0.6640183482600343,0.9116389669868328,,,,,0.6763782794386822,1.07,0.8627109013867488,2.234,1.19,,3.948,4.107940317300428,3.953,3.905,,
2020-11-17,2.614,1.399,,4.065012003929366,3.887,0.6295889261744966,1.574,1.3615,4.629559146750534,6.767874144606693,,0.6781557981231887,0.9194141394131596,,,,,0.6905509456985969,1.072,0.8599739984591678,2.255,1.212,,3.94,4.086716135862555,3.945,3.887,,
2020-11-18,2.57,1.394,,4.042862223939092,3.862,0.622241610738255,1.545,1.3365,4.623034702613781,6.724570527870264,,0.6772722075067416,0.9116389669868328,,,,,0.6905509456985968,1.063,0.8451165254237287,2.229,1.194,,3.93,4.075042836071724,3.939,3.861,,
2020-11-19,2.527,1.396,,4.030205206801792,3.855,0.6154010067114093,1.522,1.3165,4.609985814340274,6.712060594146406,,0.6790393887396359,0.9077513807736696,,,,,0.6939719341061622,1.061,0.8347553929121724,2.203,1.175,,3.91,4.051696236490064,3.904,3.852,,
2020-11-20,2.553,1.397,,4.020712443948817,3.841,0.6194546979865772,1.535,1.3305,4.660317240538086,6.736118158999978,,0.6777140028149652,0.917470346306578,,,,,0.6871299572910311,1.061,0.8372968027734976,2.202,1.185,,3.894,4.036839309483551,3.893,3.843,,
2020-11-23,2.579,1.404,,4.027040952517467,3.848,0.621988255033557,1.556,1.3445,4.6882791439813145,6.818876182096264,,0.683015546513648,0.924273622179614,,,,,0.6939719341061622,1.069,0.8410111710323572,2.2,1.184,,3.901,4.0453289820587015,3.901,3.851,,
2020-11-24,2.591,1.402,,3.945825092553128,3.77,0.6202147651006711,1.56,1.348,4.724629618457511,6.866029009209263,,0.6869917042876602,0.932048794605941,,,,,0.7037461866992069,1.074,0.8380787750385207,2.216,1.209,,3.88,3.964677092594782,3.815,3.772,,
2020-11-25,2.583,1.419,,3.900470781144472,3.727,0.6280687919463087,1.555,1.3425,4.7115807301840045,6.882388153309692,,0.6865499089794367,0.9291331049460684,,,,,0.6988590604026845,1.087,0.8478534283513095,2.258,1.23,,3.805,3.9222287297190346,3.804,3.725,,
2020-11-26,2.529,1.409,,3.887813764007172,3.716,0.6311090604026846,1.524,1.316,4.637947717783503,6.755364210882835,,0.6755050262738472,0.9135827600934144,,,,,0.6895735204392923,1.082,0.8441390600924497,2.245,1.217,,3.769,3.907371802712523,3.769,3.717,,
2020-11-27,2.519,1.412,,3.889923266863389,3.714,0.6293355704697986,1.521,1.31,4.646336288816472,6.738042764188264,,0.6790393887396359,0.9077513807736696,,,,,0.6925057962172056,1.086,0.8445300462249614,2.246,1.235,,3.774,3.9137390571438857,3.769,3.716,,
2020-11-30,2.532,1.421,,3.8392951983141903,3.67,0.6346560402684563,1.526,1.3165,4.724629618457511,6.764987236824264,,0.6856663183629895,0.9087232773269602,,,,,0.6998364856619891,1.092,0.8435525808936826,2.242,1.237,,3.694,3.847944094686477,3.76,3.656,,
2020-12-01,2.535,1.402,,3.8076526554709416,3.641,0.6369362416107381,1.527,1.323,4.685482953636992,6.704362173393264,,0.676830412198518,0.9048356911137968,,,,,0.6998364856619891,1.094,0.8486354006163327,2.254,1.251,,3.677,3.8203526588172414,3.68,3.64,,
2020-12-02,2.602,1.407,,3.8741019954417646,3.701,0.640736577181208,1.567,1.3525,4.79546644051369,6.823687695066978,,0.6852245230547659,0.9184422428598688,,,,,0.6959267846247711,1.1,0.8679892141756548,2.254,1.249,,3.742,3.8935760847779055,3.751,3.7,,
2020-12-03,2.583,1.404,,3.9025802840006887,3.728,0.640989932885906,1.56,1.347,4.777757234999646,6.825612300255264,,0.6865499089794367,0.9164984497532872,,,,,0.6973929225137279,1.099,0.858801040061633,2.257,1.245,,3.775,3.91798389343146,3.774,3.729,,
2020-12-04,2.608,1.412,,3.9226205611347456,3.75,0.6437768456375839,1.571,1.363,4.772164854311,6.832348418414263,,0.6838991371300952,0.9164984497532872,,,,,0.6885960951799879,1.097,0.8545001926040061,2.258,1.243,,3.797,3.945575329300695,3.801,3.752,,
2020-12-07,2.625,1.41,,3.916292052566096,3.739,0.642510067114094,1.585,1.369,4.7908061232731525,6.872765127368264,,0.6808065699725301,0.9271893118394866,,,,,0.6885960951799879,1.103,0.850199345146379,2.264,1.232,,3.789,3.933902029509865,3.79,3.738,,
2020-12-08,2.633,1.394,,3.972193878255836,3.794,0.642763422818792,1.586,1.367,4.749795331556418,6.819838484690406,,0.6763886168902944,0.9233017256263232,,,,,0.6788218425869433,1.093,0.841402157164869,2.26,1.222,,3.833,3.979534019601293,3.834,3.795,,
2020-12-09,2.65,1.394,,3.977467635396377,3.799,0.6473238255033558,1.593,1.3765,4.74886326810831,6.822725392472835,,0.6737378450409529,0.9203860359664504,,,,,0.678333129957291,1.1,0.8400337057010784,2.269,1.227,,3.847,3.991207319392123,3.9,3.798,,
2020-12-10,2.587,1.388,,3.917346803994204,3.747,0.6351627516778524,1.562,1.3515,4.669637875019162,6.677417700757264,,0.6631347576435871,0.9048356911137968,,,,,0.6700250152532032,1.1,0.8275221494607086,2.255,1.241,,3.794,3.933902029509865,3.834,3.746,,
2020-12-11,2.629,1.401,,3.918401555422312,3.742,0.6356694630872483,1.58,1.3645,4.678958509500238,6.725532830464407,,0.6746214356574001,0.903863794560506,,,,,0.6680701647345944,1.1,0.8304545454545453,2.264,1.23,,3.797,3.931779611366078,3.794,3.744,,
2020-12-14,2.6,1.393,,3.915237301137988,3.74,0.6361761744966443,1.565,1.3515,4.622102639165673,6.612943426949693,,0.6600421904860221,0.8902572428144337,,,,,0.6646491763270288,1.098,0.8224393297380583,2.265,1.235,,3.783,3.9296571932222903,3.788,3.742,,
2020-12-15,2.633,1.389,,3.906799289713122,3.735,0.6384563758389261,1.583,1.371,4.658453113641871,6.647586320338836,,0.6604839857942457,0.8990043117940516,,,,,0.6626943258084199,1.092,0.821852850539291,2.261,1.234,,3.788,3.9264735660066097,3.782,3.734,,
2020-12-16,2.666,1.39,,3.958482109690428,3.785,0.6452969798657718,1.605,1.388,4.678958509500238,6.668756977409978,,0.6600421904860221,0.8999762083473425,,,,,0.6602507626601587,1.104,0.8286951078582433,2.267,1.236,,3.821,3.98165643774508,3.823,3.782,,
2020-12-17,2.659,1.394,,3.973248629683944,3.797,0.6503640939597316,1.601,1.386,4.680822636396454,6.639887899585693,,0.6569496233284571,0.8941448290275973,,,,,0.6582959121415498,1.126,0.8406201848998457,2.278,1.244,,3.854,3.9901461103202296,3.845,3.799,,
2020-12-18,2.699,1.4,,4.005945923955301,3.825,0.6508708053691274,1.623,1.4025,4.744202950867772,6.716872107117122,,0.66225116702714,0.902891898007215,,,,,0.6607394752898109,1.135,0.838665254237288,2.285,1.251,,3.879,4.013492709901891,3.866,3.824,,
2020-12-21,2.687,1.386,,4.057628743932607,3.877,0.6518842281879195,1.618,1.399,4.718105174320758,6.698588357828407,,0.6556242374037864,0.9019200014539244,,,,,0.6661153142159854,1.14,0.8408156779661016,2.284,1.242,,3.915,4.064430745352787,3.915,3.878,,
2020-12-22,2.767,1.39,,4.010164929667734,3.838,0.6511241610738254,1.669,1.446,4.75259152190074,6.804441643184121,,0.6582750092531278,0.917470346306578,,,,,0.6582959121415498,1.125,0.8453120184899844,2.269,1.234,,3.88,4.053818654633851,3.93,3.84,,
2020-12-23,2.721,1.375,,3.998562663958543,3.824,0.6485906040268457,1.637,1.4155,4.697599778462391,6.678380003351407,,0.6507644890133271,0.9135827600934144,,,,,0.6504765100671142,1.116,0.8371013097072417,2.257,1.231,,3.895,4.025166009692722,3.89,3.822,,
2020-12-24,2.741,1.385,,4.019657692520709,3.843,0.6458036912751678,1.646,1.4285,4.729289935698049,6.710135988958121,,0.6503226937051034,0.9058075876670876,,,,,0.649987797437462,1.126,0.8423796224961478,2.263,1.232,,3.88,4.031533264124083,3.882,3.844,,
2020-12-25,2.715,1.383,,4.0122744325239506,3.83,0.6483372483221477,1.636,1.4195,4.7106486667358975,6.607169611384835,,0.6441375593899734,0.896088622134179,,,,,0.6451006711409397,1.13,0.8394472265023111,2.269,1.237,,3.886,4.029410845980296,3.881,3.834,,
2020-12-28,2.748,1.383,,4.055519241076391,3.877,0.6488439597315436,1.656,1.4315,4.764708346726139,6.680304608539693,,0.647671921855762,0.8970605186874698,,,,,0.6509652226967664,1.131,0.8451165254237287,2.273,1.23,,3.909,4.064430745352787,3.921,3.875,,
2020-12-29,2.733,1.389,,4.029150455373683,3.852,0.6544177852348994,1.65,1.4305,4.788941996376937,6.653360135903692,,0.6463465359310913,0.8951167255808882,,,,,0.6470555216595486,1.143,0.8533272342064714,2.293,1.253,,3.91,4.0442677729868075,3.908,3.852,,
2020-12-30,2.72,1.397,,4.0133291839520595,3.841,0.6551778523489933,1.636,1.4255,4.762844219829924,6.613905729543836,,0.6481137171639856,0.8902572428144337,,,,,0.6421683953630263,1.159,0.8519587827426809,2.295,1.265,,3.89,4.034716891339764,3.89,3.837,,
2020-12-31,2.809,1.422,,4.042862223939092,3.863,0.6584714765100671,1.694,1.4595,4.835545168782318,6.696663752640121,,0.6503226937051034,0.8980324152407607,,,,,0.6470555216595486,1.152,0.8566506163328195,2.29,1.277,,3.911,4.055941072777638,3.917,3.867,,
2021-01-04,2.864,1.424,,4.076614269638557,3.893,0.6572046979865771,1.726,1.495,4.9212950060082195,6.796743222430978,,0.6565078280202336,0.9135827600934144,,,,,0.6504765100671142,1.148,0.8541092064714945,2.293,1.269,,3.9,4.087777344934448,3.906,3.897,,
2021-01-05,2.94,1.416,,4.104037806769372,3.921,0.6452969798657718,1.782,1.553,4.959509607380631,6.881425850715549,,0.6604839857942457,0.9271893118394866,,,,,0.6441232458816353,1.138,0.8367103235747303,2.26,1.262,,3.956,4.119613617091259,3.96,3.923,,
2021-01-06,3.0,1.433,,4.116694823906672,3.927,0.6455503355704698,1.798,1.5575,5.076949601842191,6.956485453058692,,0.6631347576435871,0.9262174152861958,,,,,0.6441232458816353,1.137,0.8376877889060091,2.249,1.255,,3.974,4.1281032896664085,3.983,3.931,,
2021-01-07,2.996,1.435,,4.0618477496450405,3.884,0.640736577181208,1.81,1.564,5.117028330110819,6.933390190799264,,0.6644601435682579,0.9213579325197414,,,,,0.6514539353264185,1.145,0.8292815870570106,2.275,1.261,,3.93,4.079287672359299,3.933,3.889,,
2021-01-08,3.065,1.435,,4.071340512498015,3.896,0.6536577181208054,1.838,1.5925,5.227011816987517,6.975731504941549,,0.6587168045613514,0.9058075876670876,,,,,0.6519426479560708,1.165,0.8410111710323572,2.308,1.275,,3.947,4.085654926790661,3.946,3.89,,
2021-01-11,3.052,1.465,,3.9025802840006887,3.728,0.6597382550335571,1.829,1.5845,5.193457532855643,6.984392228288835,,0.6613675764106929,0.896088622134179,,,,,0.6529200732153753,1.171,0.8488308936825883,2.318,1.289,,3.926,3.947697747444483,3.746,3.73,,
2021-01-12,2.98,1.46,,3.94477034112502,3.768,0.6546711409395973,1.785,1.557,5.122620710799465,6.864104404020978,,0.6578332139449042,0.8863696566012703,,,,,0.6475442342892007,1.159,0.8445300462249614,2.312,1.292,,3.82,3.9689219288823567,3.824,3.769,,
2021-01-13,3.071,1.473,,3.9848508953931354,3.795,0.6516308724832215,1.844,1.5965,5.297848639043696,6.968033084188406,,0.6649019388764814,0.903863794560506,,,,,0.648032946918853,1.147,0.8392517334360553,2.308,1.287,,3.857,4.00181941011106,3.861,3.803,,
2021-01-14,3.01,1.475,,3.969029623971511,3.792,0.6539110738255033,1.806,1.575,5.262430228015607,6.911257231133978,,0.6644601435682579,0.8931729324743064,,,,,0.6470555216595486,1.151,0.8402291987673343,2.31,1.313,,3.845,3.985901274032655,3.843,3.796,,
2021-01-15,2.98,1.487,,3.969029623971511,3.795,0.6511241610738254,1.791,1.5555,5.166427692860522,6.868915916991692,,0.6697616872669407,0.8922010359210155,,,,,0.6451006711409397,1.148,0.8374922958397533,2.302,1.32,,3.836,3.993329737535911,3.842,3.792,,
2021-01-18,2.969,1.495,,3.9226205611347456,3.739,0.6460570469798658,1.786,1.555,5.0806778556346215,6.825612300255264,,0.6702034825751643,0.8941448290275973,,,,,0.6524313605857232,1.127,0.8318229969183357,2.3,1.35,,3.837,3.9264735660066097,3.8,3.741,,
2021-01-19,3.034,1.532,,3.960591612546645,3.783,0.6511241610738254,1.826,1.586,5.1431261066578315,6.933390190799264,,0.6772722075067416,0.9203860359664504,,,,,0.6538974984746798,1.136,0.8339734206471493,2.304,1.315,,3.831,3.979534019601293,3.835,3.793,,
2021-01-20,2.992,1.555,,3.9658653696871857,3.79,0.6584714765100671,1.79,1.554,5.066696903913007,6.892973481845264,,0.6803647746643066,0.9116389669868328,,,,,0.6607394752898109,1.138,0.8460939907550076,2.316,1.301,,3.837,3.984840064960762,3.836,3.79,,
2021-01-21,3.103,1.563,,3.985905646821243,3.811,0.6729127516778524,1.86,1.611,5.110503885974065,6.967070781594264,,0.6790393887396359,0.9096951738802512,,,,,0.6529200732153754,1.144,0.8621244221879814,2.335,1.313,,3.854,3.999696991967274,3.852,3.813,,
2021-01-22,3.17,1.553,,3.986960398249352,3.811,0.6764597315436242,1.903,1.6525,5.179476581134029,7.042130383937406,,0.6838991371300952,0.924273622179614,,,,,0.6538974984746797,1.142,0.868575693374422,2.344,1.309,,3.877,4.015615128045678,3.878,3.811,,
2021-01-25,3.242,1.553,,3.9816866411088103,3.808,0.6805134228187919,1.951,1.688,5.186001025270782,7.063301041008549,,0.6679945060340465,0.9233017256263232,,,,,0.6436345332519829,1.136,0.8687711864406779,2.338,1.314,,3.855,4.000758201039167,3.856,3.807,,
2021-01-26,3.222,1.571,,3.969029623971511,3.791,0.6764597315436242,1.942,1.689,5.22607975353941,7.042130383937406,,0.6750632309656237,0.9087232773269602,,,,,0.6372812690665041,1.13,0.8717035824345144,2.345,1.308,,3.839,3.989084901248336,3.843,3.796,,
2021-01-27,3.151,1.537,,3.9532083525498862,3.775,0.6853271812080537,1.887,1.645,5.131009281832433,6.955523150464549,,0.6741796403491765,0.8990043117940516,,,,,0.6353264185478952,1.135,0.8758089368258859,2.336,1.309,,3.826,3.9731667651699314,3.851,3.777,,
2021-01-28,3.111,1.513,,3.9416060868406952,3.77,0.6691124161073826,1.872,1.638,5.08906642666759,6.920880257075407,,0.6759468215820709,0.8902572428144337,,,,,0.6358151311775473,1.118,0.8541092064714945,2.303,1.29,,3.811,3.964677092594782,3.819,3.767,,
2021-01-29,3.089,1.5,,3.937387081128262,3.765,0.6668322147651007,1.851,1.605,5.039667063917887,6.869878219585835,,0.665343734184705,0.8863696566012703,,,,,0.6279957291031116,1.11,0.853522727272727,2.292,1.286,,3.815,3.9593710472353134,3.816,3.763,,
2021-02-01,3.024,1.478,,3.9563726068342113,3.779,0.6536577181208054,1.82,1.5695,4.984675320479536,6.757288816071121,,0.6618093717189164,0.8679036220887438,,,,,0.6294618669920683,1.104,0.8337779275808935,2.255,1.26,,3.824,3.9731667651699314,3.824,3.778,,
2021-02-02,3.062,1.519,,3.9911794039617847,3.819,0.6713926174496644,1.844,1.593,5.0517838887432855,6.808290853560693,,0.6741796403491765,0.8756787945150708,,,,,0.6348377059182428,1.117,0.8617334360554699,2.292,1.274,,3.87,4.015615128045678,3.874,3.815,,
2021-02-03,3.128,1.523,,3.927894318275288,3.753,0.6845671140939598,1.876,1.6245,5.117960393558926,6.870840522179978,,0.6803647746643066,0.881510173834816,,,,,0.630439292251373,1.129,0.8838241525423727,2.33,1.29,,3.82,3.9551262109477383,3.841,3.755,,
2021-02-04,3.09,1.513,1.404202631578947,3.913127798281771,3.74,0.6825402684563758,1.857,1.602,5.08906642666759,6.803479340589978,0.841475982532751,0.6763886168902944,0.8630441393222895,1.0771689458375264,1.998,1.154,1.132,0.6275070164734595,1.123,0.8709216101694914,2.329,1.283,3.170316169369639,3.798,3.9392080748693337,3.803,3.746,,1.447
2021-02-05,3.102,1.522,1.412371052631579,3.8530069668795983,3.679,0.6881140939597316,1.864,1.61,5.113300076318388,6.754401908288693,0.8386076107298814,0.6679945060340465,0.8484656910229265,1.0350614325002412,2.029,1.158,1.112,0.6314167175106773,1.135,0.8781548536209551,2.349,1.285,3.154141086872855,3.768,3.864923439836776,3.734,3.68,,1.434
2021-02-08,,1.537,1.436365789473684,3.8772662497260897,3.706,0.6934345637583893,1.859,,5.144990233554046,6.658171648874407,0.864422956955708,0.6666691201093757,0.8358310358301452,0.9978501416440356,1.961,1.125,1.104,0.6363038438071996,1.141,0.8848016178736515,2.377,1.316,3.0765006908882926,3.734,3.890392457562224,3.743,3.708,,1.413
2021-02-09,3.171,1.526,1.4555105263157893,3.913127798281771,3.744,0.6941946308724832,1.907,1.6505,5.196253723199966,6.731306646029264,0.8920636306924515,0.676830412198518,0.837774828936727,1.038978410485105,2.002,1.128,1.103,0.6372812690665041,1.139,0.8892979583975346,2.398,1.326,3.112085872381217,3.775,3.930718402294184,3.774,3.742,,1.426
2021-02-10,3.23,1.535,1.4894605263157892,3.9236753125628545,3.739,0.6944479865771812,1.937,1.676,5.318354034902065,6.880463548121407,0.9058839675608236,0.688317090212331,0.8649879324288713,1.0859821463034698,2.039,1.198,1.13,0.6436345332519828,1.141,0.887147534668721,2.384,1.328,3.2350164993567745,3.802,3.93814686579744,3.788,3.742,,1.47
2021-02-18,3.353,1.615,1.5609342105263155,3.8276929326049993,3.66,0.6941946308724832,2.013,1.74,5.520611803141417,7.082547092891406,0.9447373674360574,0.6958276104521317,0.8824820703881069,1.2211178867812686,2.08,1.2,1.153,0.6431458206223307,1.145,0.8836286594761169,2.386,1.358,3.380592241827829,3.699,3.841576840255115,3.784,3.645,,1.496
2021-02-19,3.191,1.588,1.4812921052631576,3.7886671297649928,3.6,0.6865939597315436,1.905,1.6645,5.351908319033938,7.041168081343263,0.8816331877729257,0.705988902541274,0.8863696566012703,1.1799896179401994,2.083,1.179,1.134,0.6558523489932887,1.131,0.8846061248073959,2.382,1.351,3.212371383861277,3.702,3.806556940882624,3.694,3.629,,1.473
2021-02-22,3.156,1.611,1.5175394736842105,3.8350761926017576,3.661,0.6911543624161074,1.89,1.6505,5.391987047302566,7.177815049711548,0.8852838427947598,0.7214517383290991,0.9096951738802512,1.2377650432169394,2.084,1.188,1.163,0.667581452104942,1.135,0.8844106317411401,2.376,1.36,3.196196301364493,3.687,3.84582167654269,3.689,3.664,,1.472
2021-02-23,3.0,1.57,1.4396842105263157,3.873047244013656,3.702,0.6711392617449664,1.808,1.5695,5.172952136997275,7.052715712472977,0.834174672489083,0.7210099430208755,0.8902572428144337,1.2485367326753145,2.025,1.131,1.123,0.6749121415497255,1.131,0.8574325885978427,2.363,1.354,3.137966004376071,3.74,3.888270039418437,3.74,3.704,,1.423
2021-02-24,3.01,1.596,1.429473684210526,3.8762114982979807,3.705,0.6713926174496644,1.807,1.5645,5.208370548025365,7.048866502096406,0.8370430442919525,0.7170337852468633,0.889285346261143,1.22797259825478,2.029,1.183,1.123,0.6670927394752899,1.135,0.8595830123266562,2.37,1.359,3.1088508558818604,3.762,3.8967597119935866,3.765,3.709,,1.435
2021-02-25,2.929,1.555,1.3817394736842104,3.8530069668795983,3.698,0.6688590604026846,1.759,1.5195,5.10863975907785,7.01999742427212,0.8026225826575171,0.7104068556235098,0.896088622134179,1.2181801532926206,2.066,1.176,1.12,0.6675814521049421,1.14,0.8601694915254237,2.382,1.344,3.0085653444018003,3.75,3.868107067052457,3.753,3.684,,1.413
2021-02-26,2.854,1.528,1.347023684210526,3.800269395474184,3.641,0.6463104026845637,1.718,1.469,5.02288992185195,6.835235326196692,0.7874984404242046,0.7188009664797577,0.873735001408489,1.1163387256861634,1.995,1.178,1.1,0.6827315436241611,1.135,0.8310410246533128,2.333,1.333,2.8888697339255995,3.703,3.824597495104817,3.683,3.65,,1.376
2021-03-01,2.85,1.53,1.3360473684210523,3.744367569784444,3.59,0.6546711409395973,1.711,1.4875,5.015433414267088,6.813102366531407,0.7966250779787898,0.703779926000156,0.8717912083019073,1.1222141926634592,1.995,1.165,1.099,0.669536302623551,1.129,0.8423796224961478,2.362,1.321,2.9179848824198107,3.655,3.758802532647408,3.65,3.572,,1.375
2021-03-02,2.908,1.537,1.350852631578947,3.7380390612157943,3.534,0.6724060402684563,1.745,1.5105,5.076017538394083,6.931465585610978,0.8049694323144105,0.7218935336373227,0.8990043117940516,1.150612283053721,2.069,1.188,1.091,0.678333129957291,1.139,0.8656432973805853,2.379,1.35,3.0085653444018003,3.642,3.715292960699767,3.6,3.54,,1.412
2021-03-03,2.848,1.515,1.3046499999999996,3.716944032653629,3.545,0.6620184563758389,1.716,1.4915,4.970694368757923,6.840046839167406,0.7770679975046787,0.7196845570962048,0.8931729324743064,1.127110415144539,2.061,1.174,1.075,0.6754008541793776,1.135,0.8503948382126346,2.367,1.309,2.960040096911449,3.589,3.741823187497109,3.589,3.554,,1.391
2021-03-04,2.863,1.534,1.3258368421052629,3.680027732669838,3.522,0.6435234899328859,1.72,1.488,5.033142619781133,6.918955651887121,0.7848908296943231,0.7342638022675828,0.8951167255808882,1.1320066376256184,2.057,1.176,1.088,0.68908480780964,1.135,0.8337779275808935,2.359,1.3,2.960040096911449,3.573,3.730149887706279,3.597,3.518,,1.391
2021-03-05,2.706,1.497,1.2584473684210524,3.6336186698330737,3.478,0.6265486577181207,1.628,1.425,4.848594057055824,6.768836447200835,0.745776668746101,0.7245443054866642,0.8805382772815251,1.0771689458375264,1.99,1.151,1.063,0.6881073825503355,1.125,0.8126646764252695,2.276,1.259,2.723883892458404,3.548,3.6505592073142528,3.525,3.467,,1.356
2021-03-08,2.783,1.531,1.2809105263157892,3.682137235526055,3.52,0.6412432885906041,1.677,1.449,4.939936274970371,6.866991311803407,0.7692451653150343,0.7201263524044283,0.8980324152407607,1.0967538357618452,2.009,1.146,1.1,0.6797992678462478,1.13,0.8269356702619414,2.351,1.272,2.7950542554442532,3.778,3.700436033693256,3.55,3.523,,1.375
2021-03-09,2.618,1.5,1.1999921052631577,3.6483851898265898,3.481,0.6290822147651007,1.576,1.375,4.732086126042373,6.666832372221693,0.7142245789145352,0.7104068556235098,0.8649879324288713,1.037999165988889,1.901,1.055,1.073,0.6754008541793777,1.152,0.8087548151001539,2.356,1.27,2.626833397477701,3.564,3.700436033693256,3.555,3.489,,1.316
2021-03-10,2.607,1.518,1.1920789473684208,3.708506021228762,3.548,0.6490973154362416,1.569,1.3475,4.694803588118067,6.567715205024979,0.7092701185277605,0.6936186339110139,0.8484656910229265,1.0419161439737528,1.831,1.023,1.055,0.669536302623551,1.188,0.8349508859784281,2.38,1.276,2.6462434964738413,3.569,3.7227214242030233,3.562,3.547,,1.286
2021-03-11,2.585,1.51,1.1961631578947367,3.7222177897941697,3.556,0.6493506711409396,1.553,1.3485,4.6826867632926685,6.458975011886836,0.713963817841547,0.6847827277465424,0.8358310358301452,1.037999165988889,1.798,1.008,1.04,0.6714911531421599,1.183,0.8324094761171031,2.391,1.279,2.6203633644789877,3.595,3.736517142137641,3.592,3.559,,1.278
2021-03-12,2.666,1.536,1.2283263157894737,3.714834529797412,3.557,0.6658187919463088,1.604,1.387,4.79546644051369,6.639887899585693,0.7374323144104803,0.709081469698839,0.8601284496624169,1.1016500582429247,1.858,1.023,1.054,0.6793105552165954,1.2,0.8496128659476115,2.435,1.286,2.727118908957761,3.618,3.738639560281429,3.618,3.553,,1.306
2021-03-15,2.64,1.513,1.2176052631578944,3.7359295583595777,3.569,0.6617651006711409,1.589,1.382,4.770300727414785,6.596584282849265,0.7327386150966937,0.7165919899386398,0.8552689668959625,1.0742312123488784,1.797,1.014,1.046,0.6939719341061623,1.172,0.8472669491525422,2.417,1.307,2.7465290079539013,3.601,3.746068023784684,3.601,3.573,,1.292
2021-03-16,2.562,1.519,1.1800815789473682,3.733820055503361,3.57,0.6632852348993288,1.54,1.3335,4.699463905358606,6.59177276987855,0.7087485963817841,0.7192427617879812,0.85235327723609,1.0859821463034698,1.739,1.005,1.034,0.6988590604026846,1.171,0.8523497688751925,2.442,1.313,2.639773463475128,3.607,3.746068023784684,3.61,3.572,,1.262
2021-03-17,2.56,1.514,1.201523684210526,3.732765304075253,3.569,0.6665788590604026,1.54,1.34,4.715308983976436,6.583112046531265,0.708487835308796,0.7223353289455463,0.8591565531091261,1.0428953884699683,1.728,1.006,1.034,0.7008139109212935,1.17,0.8572370955315869,2.439,1.309,2.6494785129731984,3.619,3.749251651000365,3.618,3.57,,1.256
2021-03-18,2.619,1.53,1.2239868421052629,3.7802291183401264,3.604,0.6739261744966443,1.576,1.359,4.760980092933709,6.635076386614978,0.7170929507174049,0.7196845570962048,0.8591565531091261,1.0781481903337422,1.772,1.021,1.041,0.6964154972544234,1.18,0.861537942989214,2.446,1.325,2.694768743964193,3.637,3.7938224320199,3.641,3.612,,1.271
2021-03-19,2.608,1.526,1.225007894736842,3.732765304075253,3.57,0.6523909395973154,1.57,1.37,4.727425808801835,6.619679545108692,0.7168321896444168,0.715266604013969,0.8572127600025443,1.037999165988889,1.725,1.024,1.031,0.6978816351433801,1.193,0.8363193374422185,2.403,1.309,2.6688886119693387,3.647,3.755618905431727,3.651,3.569,,1.26
2021-03-22,2.583,1.507,1.2061184210526312,3.744367569784444,3.581,0.6536577181208054,1.551,1.347,4.655656923297548,6.61871724251455,0.7168321896444168,0.7134994227810748,0.8601284496624169,1.039957654981321,1.753,1.035,1.034,0.6895735204392923,1.179,0.8355373651771956,2.399,1.285,2.636538446975771,3.63,3.769414623366345,3.634,3.581,,1.268
2021-03-23,2.595,1.515,1.2140315789473684,3.7359295583595777,3.57,0.6630318791946309,1.562,1.3535,4.705988349495359,6.715909804522978,0.7170929507174049,0.7227771242537698,0.8776225876216526,1.048770855447264,1.77,1.05,1.046,0.6964154972544235,1.184,0.8505903312788905,2.425,1.286,2.6818286779667657,3.616,3.754557696359833,3.615,3.571,,1.281
2021-03-24,2.558,1.489,1.209436842105263,3.733820055503361,3.576,0.6637919463087248,1.54,1.3325,4.649132479160795,6.59177276987855,0.7131815346225826,0.7139412180892984,0.8620722427689986,0.99197467466674,1.752,1.039,1.049,0.6871299572910311,1.173,0.8496128659476115,2.415,1.272,2.58801319948542,3.636,3.7577413235755146,3.625,3.567,,1.267
2021-03-25,2.522,1.451,1.193865789473684,3.7517508297812023,3.587,0.6539110738255033,1.521,1.318,4.57270327641597,6.536921522012407,0.7058802245789144,0.6971529963768025,0.8504094841295082,0.9596596062916144,1.713,1.017,1.052,0.6812654057352044,1.173,0.8382742681047765,2.382,1.252,2.526547885997641,3.63,3.7672922052225575,3.626,3.588,,1.253
2021-03-26,2.576,1.472,,3.7454223212125526,3.586,0.6551778523489933,1.548,1.3445,4.613714068132706,6.583112046531265,,0.7015709494590383,0.8542970703426717,,,,,0.6793105552165954,1.171,0.8376877889060091,2.408,1.277,,3.633,3.769414623366345,3.635,3.581,,
2021-03-29,2.644,1.486,1.2339421052631576,3.7454223212125526,3.576,0.6587248322147651,1.594,1.3805,4.702260095702929,6.673568490380692,0.749166562694947,0.7055471072330504,0.8630441393222895,1.0076425866061949,0.888,1.05,1.056,0.6876186699206834,1.178,0.8425751155624035,2.431,1.283,2.665653595469982,3.623,3.760924950791196,3.626,3.58,,1.292
2021-03-30,2.627,1.505,1.239557894736842,3.7211630383660617,3.56,0.661005033557047,1.583,1.3745,4.697599778462391,6.662020859250978,0.7470804741110418,0.7108486509317333,0.8688755186420347,0.992953919162956,0.886,1.062,1.053,0.6881073825503357,1.188,0.8480489214175654,2.45,1.29,2.639773463475128,3.635,3.7439456056408966,3.608,3.558,,1.284
2021-03-31,2.662,1.512,1.2505342105263155,3.6610422069638897,3.502,0.6617651006711409,1.609,1.392,4.737678506731019,6.682229213727978,0.7572501559575795,0.714383013397522,0.8659598289821621,1.006663342109979,0.888,1.08,1.051,0.6939719341061622,1.209,0.8482444144838212,2.479,1.293,2.7012387769629065,3.568,3.6823954794710634,3.57,3.501,,1.284
2021-04-01,2.665,1.503,1.2387921052631576,3.6979585069476792,3.536,0.6708859060402684,1.606,1.3895,4.712512793632112,6.676455398163121,0.7530779787897691,0.715266604013969,0.8679036220887438,0.99197467466674,0.896,1.045,1.039,0.6934832214765101,1.201,0.8599739984591678,2.46,1.289,2.69800376046355,3.572,3.715292960699767,3.57,3.538,,1.286
2021-04-02,2.725,1.521,1.2655947368421052,3.768626852630935,3.603,0.6840604026845638,1.639,1.42,4.781485488792076,6.736118158999978,0.7728958203368683,0.7218935336373227,0.8776225876216526,1.0017671196288993,0.933,1.052,1.047,0.6983703477730324,1.213,0.8771773882896763,2.497,1.297,2.723883892458404,3.633,3.789577595732325,3.636,3.603,,1.306
2021-04-06,2.762,1.527,1.2962263157894736,3.7633530954903938,3.601,0.6921677852348994,1.66,1.435,4.821564217060704,6.756326513476978,0.7736781035558328,0.720568147712652,0.8766506910683617,1.0184142760645705,0.985,1.061,1.054,0.6925057962172056,1.223,0.8912528890600924,2.527,1.318,2.740058974955188,3.66,3.789577595732325,3.649,3.607,,1.344
2021-04-07,2.74,1.523,1.280144736842105,3.7665173497747184,3.598,0.6939412751677851,1.648,1.427,4.788941996376937,6.762100329041835,0.758032439176544,0.7241025101784406,0.8863696566012703,1.011559564591059,0.968,1.063,1.045,0.6915283709579012,1.231,0.8889069722650229,2.527,1.31,2.782114189446826,3.641,3.782149132229069,3.644,3.602,,1.333
2021-04-08,2.694,1.494,1.2413447368421051,3.7612435926341767,3.597,0.698248322147651,1.622,1.4105,4.735814379834803,6.76017572385355,0.7543817841547098,0.7271950773360056,0.8853977600479794,1.0184142760645705,0.97,1.054,1.04,0.6988590604026846,1.228,0.8902754237288134,2.531,1.307,2.7044737934622636,3.65,3.775781877797707,3.649,3.596,,1.332
2021-04-09,2.722,1.523,1.263807894736842,3.810816909755266,3.64,0.7081291946308724,1.643,1.4225,4.74886326810831,6.771723354983264,0.7697666874610105,0.7214517383290991,0.8805382772815251,1.039957654981321,0.97,1.066,1.044,0.6944606467358146,1.235,0.9039599383667178,2.592,1.32,2.7141788429603335,3.676,3.821413867889135,3.677,3.641,,1.328
2021-04-12,2.683,1.514,1.2446631578947367,3.7876123783368847,3.622,0.7109161073825503,1.616,1.4005,4.684550890188884,6.751515000506264,0.7562071116656269,0.7218935336373227,0.8834539669413978,1.0282067210267296,0.967,1.059,1.034,0.6969042098840756,1.232,0.9053283898305085,2.55,1.311,2.6559485459719117,3.672,3.8076181499545174,3.681,3.615,,1.307
2021-04-13,2.618,1.497,1.225773684210526,3.748586575496877,3.584,0.7096493288590604,1.58,1.375,4.609985814340274,6.63892559699155,0.7324778540237056,0.7117322415481805,0.8630441393222895,0.9851199631932286,0.95,1.023,1.013,0.6969042098840756,1.252,0.9041554314329736,2.557,1.309,2.58801319948542,3.649,3.771537041510132,3.628,3.58,,1.279
2021-04-14,2.654,1.507,1.2431315789473685,3.7802291183401264,3.609,0.7159832214765101,1.601,1.3905,4.61557819502892,6.63218947883255,0.7431690580162196,0.7086396743906155,0.8601284496624169,0.9870784521856604,0.955,1.022,1.013,0.6915283709579012,1.237,0.9125616332819722,2.564,1.311,2.60742329848156,3.648,3.795944850163687,3.648,3.614,,1.284
2021-04-15,2.695,1.511,1.246194736842105,3.7612435926341767,3.598,0.7106627516778524,1.627,1.404,4.623034702613781,6.684153818916264,0.7400399251403618,0.715266604013969,0.8708193117486165,1.012538809087275,0.956,1.038,1.021,0.6964154972544235,1.238,0.9065013482280428,2.56,1.313,2.6559485459719117,3.655,3.7779042959414944,3.656,3.598,,1.287
2021-04-16,2.707,1.51,1.2370052631578945,3.812926412611484,3.642,0.7159832214765101,1.627,1.415,4.622102639165673,6.718796712305407,0.7410829694323144,0.7117322415481805,0.8708193117486165,1.0360406769964572,0.957,1.036,1.017,0.6964154972544235,1.241,0.913539098613251,2.578,1.31,2.672123628468696,3.676,3.8277811223204976,3.676,3.645,,1.301
2021-04-19,2.681,1.516,1.2487473684210526,3.8392951983141903,3.672,0.716996644295302,1.618,1.4015,4.622102639165673,6.773647960171549,0.7345639426076107,0.7232189195619935,0.8805382772815251,1.013518053583491,0.946,1.036,1.019,0.7071671751067725,1.256,0.9168624807395992,2.585,1.311,2.6624185789706254,3.706,3.852188930974051,3.705,3.671,,1.314
2021-04-20,2.788,1.518,1.2650842105263156,3.817145418323917,3.646,0.7119295302013423,1.675,1.4585,4.726493745353727,6.841009141761549,0.7541210230817217,0.7285204632606763,0.8922010359210155,1.0458331219586166,0.958,1.05,1.045,0.7047236119585113,1.252,0.9068923343605546,2.568,1.3,2.782114189446826,3.716,3.837332003967541,3.714,3.645,,1.335
2021-04-21,2.767,1.508,1.276315789473684,3.818200169752025,3.654,0.7012885906040268,1.672,1.452,4.705988349495359,6.838122233979121,0.750991890205864,0.7245443054866642,0.8834539669413978,1.0331029435078092,0.945,1.04,1.035,0.7008139109212935,1.225,0.8947717642526963,2.533,1.275,2.778879172947469,3.69,3.837332003967541,3.691,3.657,,1.323
2021-04-22,2.831,1.498,1.293163157894737,3.855116469735815,3.684,0.7096493288590604,1.706,1.4695,4.754455648796955,6.864104404020978,0.7728958203368683,0.7316130304182413,0.8912291393677246,1.048770855447264,0.959,1.04,1.042,0.7052123245881636,1.234,0.9025914869029276,2.561,1.283,2.8079943214416803,3.754,3.874474321483819,3.724,3.683,,1.326
2021-04-23,2.824,1.501,1.2900999999999998,3.843514204026624,3.67,0.7043288590604027,1.697,1.4795,4.735814379834803,6.871802824774121,0.7723742981908921,0.7294040538771235,0.896088622134179,1.0360406769964572,0.966,1.036,1.036,0.703746186699207,1.24,0.8949672573189521,2.539,1.282,2.79828927194361,3.716,3.8553725581897327,3.719,3.672,,1.342
2021-04-26,2.91,1.518,1.3018421052631577,3.828747684033108,3.659,0.7101560402684564,1.745,1.5155,4.801058821202336,6.902596507786692,0.7976681222707424,0.7289622585688998,0.8922010359210155,1.066397256379151,0.979,1.036,1.04,0.7022800488102502,1.238,0.904741910631741,2.557,1.291,2.8435795029346047,3.712,3.8468828856145834,3.709,3.651,,1.351
2021-04-27,2.857,1.507,1.2793789473684207,3.820309672608241,3.648,0.7126895973154362,1.722,1.495,4.734882316386695,6.876614337744835,0.7830655021834061,0.7276368726442292,0.8853977600479794,1.0693349898677988,0.981,1.031,1.017,0.697392922513728,1.248,0.9086517719568564,2.564,1.298,2.8047593049423236,3.693,3.833087167679966,3.695,3.654,,1.353
2021-04-28,2.884,1.508,1.2816763157894735,3.8023788983304,3.637,0.7101560402684564,1.736,1.5035,4.726493745353727,6.874689732556549,0.8070555208983157,0.7227771242537698,0.8805382772815251,1.0566048114169917,0.981,1.017,1.011,0.7037461866992069,1.255,0.9061103620955314,2.572,1.285,2.7756441564481125,3.68,3.8277811223204976,3.697,3.636,,1.348
2021-04-29,2.946,1.52,1.3084789473684209,3.831911938317433,3.663,0.7142097315436241,1.775,1.5385,4.779621361895861,6.925691770046121,0.8232227074235807,0.7311712351100178,0.8902572428144337,1.0732519678526626,1.001,1.028,1.018,0.7003251982916413,1.244,0.9080652927580892,2.572,1.278,2.8500495359333184,3.699,3.84582167654269,3.699,3.664,,1.363
2021-04-30,2.941,1.52,1.3263473684210525,3.8065979040428335,3.623,0.7093959731543623,1.775,1.5395,4.810379455683412,6.925691770046121,0.820093574547723,0.7373563694251479,0.8863696566012703,1.0712934788602309,1.001,1.022,1.038,0.7076558877364246,1.235,0.9031779661016948,2.58,1.276,2.853284552432675,3.685,3.813985404385879,3.685,3.623,,1.36
2021-05-06,2.963,1.5,1.3112868421052628,3.831911938317433,3.661,0.6936879194630873,1.791,1.559,4.7619121563818165,6.934352493393407,0.8221796631316282,0.732054825726465,0.8785944841749433,1.0928368577769814,0.998,0.992,1.04,0.7022800488102502,1.241,0.8797187981510014,2.568,1.279,2.927689931917881,3.692,3.844760467470796,3.698,3.664,,1.359
2021-05-07,2.91,1.495,1.276315789473684,3.882540006866631,3.72,0.6931812080536913,1.752,1.517,4.728357872249942,6.925691770046121,0.7981896444167186,0.7289622585688998,0.8863696566012703,1.113400992197516,1.0,1.003,1.021,0.712543014032947,1.23,0.8846061248073959,2.585,1.288,2.9050448164223837,3.745,3.8988821301373737,3.746,3.716,,1.345
2021-05-10,2.82,1.488,1.259723684210526,3.899416029716363,3.735,0.6949546979865772,1.7,1.47,4.664045494330516,6.88816196887455,0.7815009357454772,0.7276368726442292,0.8766506910683617,1.155508505534801,0.949,0.993,1.007,0.7169414276998172,1.243,0.8855835901386748,2.592,1.292,2.846814519433962,3.766,3.916922684359566,3.77,3.724,,1.302
2021-05-11,2.796,1.464,1.2303684210526316,3.899416029716363,3.728,0.6754463087248321,1.686,1.4655,4.629559146750534,6.877576640338978,0.7914098565190268,0.726753282027782,0.8708193117486165,1.155508505534801,0.925,0.974,0.993,0.7218285539963394,1.232,0.8617334360554699,2.546,1.264,2.8500495359333184,3.778,3.9190451025033535,3.778,3.731,,1.288
2021-05-12,2.813,1.454,1.2678921052631575,3.8930875211477134,3.72,0.6726593959731543,1.694,1.4735,4.673366128811593,6.873727429962406,0.8080985651902682,0.7232189195619935,0.873735001408489,1.1261311706483228,0.937,0.998,1.008,0.7169414276998171,1.221,0.858801040061633,2.525,1.246,2.814464354440394,3.772,3.9137390571438857,3.768,3.725,,1.29
2021-05-13,2.836,1.452,1.2727421052631576,3.889923266863389,3.718,0.6615117449664429,1.707,1.4815,4.675230255707808,6.925691770046121,0.8161821584529008,0.726753282027782,0.8844258634946885,1.111442503205084,0.945,0.992,1.004,0.7252495424039048,1.212,0.844921032357473,2.479,1.216,2.79828927194361,3.776,3.920106311575247,3.773,3.719,,1.305
2021-05-14,2.857,1.449,1.2803999999999998,3.88886851543528,3.717,0.6680989932885906,1.718,1.4885,4.678958509500238,6.897784994815978,0.8300024953212726,0.7276368726442292,0.8863696566012703,1.0840236573110378,0.966,1.0,1.01,0.7237834045149482,1.229,0.8545001926040061,2.502,1.225,2.7691741234493987,3.762,3.9126778480719913,3.762,3.719,,1.316
2021-05-17,2.945,1.458,1.3031184210526314,3.958482109690428,3.78,0.6782332214765101,1.77,1.532,4.774961044655323,6.994977556824406,0.8503418590143481,0.7280786679524527,0.8980324152407607,1.0869613907996858,0.984,1.041,1.063,0.7208511287370348,1.24,0.8652523112480739,2.537,1.209,2.827404420437821,3.812,3.974227974241825,3.803,3.781,,1.341
2021-05-18,3.0,1.477,1.3250710526315788,3.983796143965027,3.805,0.678486577181208,1.811,1.569,4.845797866711502,7.030582752807692,0.8623368683718028,0.7311712351100178,0.8922010359210155,1.1359236156104822,0.971,1.035,1.061,0.7252495424039048,1.246,0.8677937211093989,2.537,1.228,2.9179848824198107,3.838,3.979534019601293,3.841,3.803,,1.366
2021-05-19,2.965,1.474,1.3245605263157894,3.972193878255836,3.796,0.6703791946308725,1.79,1.5575,4.828088661197457,7.041168081343263,0.8526887086712414,0.7355891881922536,0.8970605186874698,1.1182972146785954,0.977,1.058,1.06,0.7272043929225138,1.244,0.8564551232665638,2.509,1.222,2.9179848824198107,3.844,3.996513364751592,3.85,3.795,,1.356
2021-05-20,3.003,1.468,1.318944736842105,3.9806318896807023,3.801,0.6688590604026846,1.81,1.5705,4.820632153612596,7.035394265778406,0.8508633811603243,0.726753282027782,0.8980324152407607,1.109484014212652,0.985,1.064,1.063,0.7169414276998171,1.239,0.8558686440677965,2.5,1.217,2.972980162908876,3.855,3.9954521556796982,3.852,3.806,,1.362
2021-05-21,3.055,1.479,1.3342605263157894,3.986960398249352,3.812,0.6815268456375838,1.835,1.5875,4.843933739815287,7.011336700924834,0.8508633811603243,0.7276368726442292,0.8990043117940516,1.1045877917315725,0.984,1.069,1.079,0.7159640024405126,1.252,0.8718990755007703,2.525,1.236,3.0053303279024437,3.85,4.003941828254848,3.862,3.811,,1.37
2021-05-24,3.01,1.471,1.323028947368421,4.008055426811517,3.831,0.678993288590604,1.808,1.563,4.786145806032614,6.983429925694692,0.8367822832189644,0.7249861007948878,0.8990043117940516,1.1065462807240043,0.976,1.046,1.066,0.7188962782184259,1.265,0.8697486517719567,2.531,1.236,2.9956252784043733,3.87,4.025166009692722,3.87,3.836,,1.35
2021-05-25,3.042,1.472,1.3317078947368417,3.9658653696871857,3.799,0.6860872483221477,1.831,1.5835,4.812243582579628,7.004600582765835,0.837825327510917,0.7329384163429121,0.9087232773269602,1.108504769716436,0.997,1.057,1.078,0.7242721171446004,1.264,0.879132318952234,2.554,1.241,2.9956252784043733,3.839,3.997574573823486,3.873,3.79,,1.37
2021-05-26,3.12,1.499,1.3735710526315787,4.033369461086116,3.851,0.6893808724832214,1.88,1.625,4.968830241861708,7.0854340006738346,0.8581646912039924,0.7439832990485015,0.9184422428598688,1.1143802366937317,1.022,1.094,1.133,0.7384447834045149,1.258,0.8820647149460706,2.549,1.241,3.0215054103992274,3.89,4.051696236490064,3.891,3.857,,1.408
2021-05-27,3.086,1.5,1.3669342105263156,4.00067216681476,3.823,0.6886208053691275,1.862,1.6135,4.958577543932524,7.0854340006738346,0.8558178415470992,0.7426579131238308,0.9223298290730324,1.1261311706483228,1.016,1.089,1.12,0.7384447834045149,1.255,0.8814782357473034,2.535,1.232,2.99886029490373,3.889,4.028349636908402,3.897,3.823,,1.4
2021-05-28,3.117,1.504,1.373315789473684,3.997507912530435,3.824,0.6860872483221477,1.875,1.626,4.982811193583322,7.1518328796696915,0.8636406737367436,0.749726638055408,0.9349644842658136,1.1466953050688575,1.056,1.099,1.125,0.7457754728492985,1.242,0.8781548536209551,2.53,1.24,2.99886029490373,3.865,4.024104800620828,3.863,3.825,,1.434
2021-05-31,3.13,1.5,1.3592763157894736,4.014383935380168,3.83,0.6845671140939598,1.883,1.6315,4.966966114965492,7.149908274481405,0.8464304429195258,0.7475176615142901,0.93107689805265,1.155508505534801,1.063,1.111,1.142,0.7457754728492985,1.246,0.8763954160246531,2.535,1.243,3.1056158393825033,3.874,4.027288427836509,3.868,3.836,,1.44
2021-06-01,3.18,1.496,1.3666789473684209,4.0133291839520595,3.832,0.6827936241610738,1.924,1.654,4.970694368757923,7.191287286029548,0.8594684965689332,0.7488430474389609,0.9495429325651766,1.1662801949931765,1.065,1.138,1.138,0.7511513117754729,1.241,0.8748314714946068,2.534,1.232,3.2220764333593475,3.878,4.027288427836509,3.885,3.839,,1.485
2021-06-02,3.2,1.515,1.3720394736842103,4.005945923955301,3.828,0.681020134228188,1.922,1.6655,4.98747151082386,7.2047595223475485,0.875114160948222,0.7457504802813958,0.9514867256717584,1.167259439489392,1.083,1.13,1.126,0.7496851738865161,1.251,0.8715080893682587,2.535,1.238,3.218841416859991,3.897,4.03047205505219,3.899,3.828,,1.5
2021-06-03,3.129,1.513,1.358,3.9795771382525937,3.81,0.6825402684563758,1.888,1.634,4.939936274970371,7.157606695234548,0.8542532751091703,0.7488430474389609,0.938852070478977,1.155508505534801,1.064,1.104,1.106,0.7526174496644296,1.255,0.8742449922958396,2.536,1.243,3.183256235367066,3.842,4.000758201039167,3.844,3.802,,1.47
2021-06-04,3.077,1.492,1.356723684210526,3.8635544811606817,3.693,0.6762063758389262,1.86,1.614,4.89333310256499,7.122963801845406,0.8456481597005614,0.7417743225073836,0.9359363808191044,1.1320066376256184,1.05,1.086,1.099,0.744798047589994,1.254,0.8660342835130969,2.536,1.236,3.1185559053799303,3.795,3.8988821301373737,3.8,3.715,,1.45
2021-06-07,3.136,1.499,1.3661684210526317,3.927894318275288,3.743,0.6853271812080537,1.89,1.6355,4.935275957729833,7.1970611015944055,0.8524279475982532,0.7457504802813958,0.9475991394585948,1.151591527549937,1.111,1.113,1.111,0.749196461256864,1.253,0.8793278120184899,2.545,1.245,3.1606111198715685,3.792,3.945575329300695,3.794,3.759,,1.484
2021-06-08,3.118,1.492,1.368210526315789,3.972193878255836,3.789,0.6914077181208054,1.877,1.63,4.929683577041187,7.1980234041885485,0.8552963194011228,0.7457504802813958,0.9592618980980852,1.1466953050688575,1.13,1.122,1.116,0.742843197071385,1.259,0.8855835901386748,2.557,1.256,3.1185559053799303,3.831,3.989084901248336,3.832,3.799,,1.483
2021-06-09,3.096,1.484,1.3197105263157891,3.9532083525498862,3.779,0.6901409395973155,1.867,1.61,4.87748802394716,7.1643428133935485,0.8393898939488459,0.7422161178156071,0.9475991394585948,1.1280896596407548,1.111,1.148,1.122,0.7438206223306896,1.262,0.8844106317411401,2.559,1.245,3.0926757733850763,3.821,3.9699831379542503,3.823,3.778,,1.464
2021-06-10,3.107,1.484,1.3299210526315788,3.940551335412587,3.771,0.6903942953020135,1.875,1.6285,4.892401039116883,7.173965839334977,0.8461696818465377,0.7453086849731723,0.9524586222250492,1.124172681655891,1.121,1.146,1.109,0.7438206223306896,1.255,0.8832376733436054,2.558,1.242,3.1217909218792874,3.821,3.9625546744509945,3.814,3.767,,1.473
2021-06-11,3.196,1.488,1.341407894736842,3.967974872543403,3.789,0.6952080536912753,1.925,1.668,4.933411830833618,7.258648467619548,0.8586862133499689,0.7444250943567251,0.9660651739711212,1.1320066376256184,1.14,1.15,1.116,0.744798047589994,1.254,0.8910573959938365,2.559,1.244,3.2706016808496985,3.821,3.974227974241825,3.831,3.795,,1.5
2021-06-15,3.191,1.493,1.3179236842105262,3.899416029716363,3.733,0.7045822147651007,1.921,1.6625,4.884012468083914,7.225930179418691,0.8506026200873362,0.7377981647333715,0.95343051877834,1.1329858821218346,1.114,1.105,1.094,0.7457754728492985,1.256,0.9004410631741139,2.572,1.257,3.312656895341337,3.836,3.920106311575247,3.836,3.72,,1.491
2021-06-16,3.145,1.482,1.3031184210526314,3.886759012579064,3.719,0.7010352348993288,1.9,1.6435,4.823428343956919,7.1383606433516915,0.8380860885839051,0.7254278961031113,0.9505148291184676,1.0869613907996858,1.134,1.109,1.076,0.7345350823672971,1.263,0.8982906394453003,2.567,1.263,3.241486532355488,3.77,3.904188175496842,3.758,3.718,,1.497
2021-06-17,3.023,1.464,1.2844842105263157,3.844568955454732,3.675,0.698501677852349,1.823,1.576,4.753523585348847,7.037318870966691,0.8091416094822208,0.7245443054866642,0.932048794605941,1.038978410485105,1.092,1.104,1.071,0.7340463697376449,1.259,0.8953582434514636,2.548,1.246,3.102380822883146,3.759,3.86916827612435,3.768,3.673,,1.455
2021-06-18,3.096,1.483,1.3003105263157893,3.790776632621209,3.626,0.7099026845637584,1.864,1.6105,4.772164854311,7.095057026615263,0.8177467248908297,0.718359171171534,0.9456553463520132,1.038978410485105,1.191,1.111,1.073,0.7335576571079927,1.248,0.9133436055469952,2.56,1.248,3.1735511858689955,3.704,3.8203526588172414,3.711,3.625,,1.528
2021-06-21,3.127,1.485,1.2837184210526311,3.7812838697682345,3.616,0.7109161073825503,1.883,1.637,4.760980092933709,7.1489459718872626,0.8227011852776044,0.7223353289455463,0.9592618980980852,1.066397256379151,1.193,1.134,1.086,0.7174301403294693,1.234,0.9068923343605546,2.535,1.228,3.2706016808496985,3.67,3.8033733136669423,3.672,3.615,,1.54
2021-06-22,3.17,1.49,1.269678947368421,3.8097621583271586,3.64,0.7126895973154362,1.91,1.6485,4.7908061232731525,7.21534485088312,0.8289594510293199,0.7188009664797577,0.9816155188237752,1.0732519678526626,1.205,1.186,1.088,0.7286705308114705,1.23,0.9119751540832048,2.553,1.232,3.325596961338764,3.676,3.8277811223204976,3.679,3.642,,1.584
2021-06-23,3.179,1.488,1.2778473684210525,3.8097621583271586,3.641,0.7233305369127516,1.911,1.655,4.8019908846504435,7.2451762313015475,0.8503418590143481,0.7223353289455463,0.9796717257171936,1.0742312123488784,1.196,1.169,1.08,0.7330689444783405,1.245,0.9239002311248072,2.59,1.247,3.335302010836834,3.682,3.826719913248603,3.686,3.64,,1.58
2021-06-24,3.212,1.507,1.2581921052631575,3.8055431526147254,3.634,0.7245973154362416,1.939,1.6725,4.828088661197457,7.295215966196976,0.8490380536494073,0.7254278961031113,0.9884187946968112,1.098712324754277,1.252,1.168,1.086,0.7403996339231239,1.237,0.9272236132511557,2.597,1.245,3.4323525058175375,3.69,3.82565870417671,3.687,3.632,,1.581
2021-06-25,3.18,1.513,,3.7876123783368847,3.622,0.7281442953020134,1.913,1.6535,4.840205486022856,7.259610770213691,,0.7316130304182413,0.9767560360573208,,,,,0.7394222086638194,1.246,0.9309379815100152,2.608,1.244,,3.677,3.808679359026411,3.67,3.623,,
2021-06-28,3.238,1.523,1.265,3.786557626908776,3.619,0.7248506711409396,1.95,1.687,4.919430879112003,7.32697195180369,0.821,0.7377981647333715,0.982587415377066,1.113400992197516,1.252,1.157,1.126,0.7413770591824284,1.242,0.928592064714946,2.611,1.245,3.474407720309176,3.669,3.806556940882624,3.671,3.618,,1.592
2021-06-29,3.329,1.527,1.28,3.783393372624451,3.624,0.7375184563758389,2.0,1.7225,4.920362942560111,7.3317834647744045,0.838,0.7386817553498186,0.9874468981435204,1.1055670362277883,1.279,1.158,1.111,0.7311140939597316,1.234,0.9385622110939906,2.615,1.246,3.5649881822911658,3.682,3.806556940882624,3.676,3.619,,1.618
2021-06-30,3.302,1.518,1.261,3.7591340897779606,3.595,0.7372651006711409,1.987,1.718,4.870963579810407,7.2778945195024045,0.83,0.73514739288403,0.9796717257171936,1.0879406352959016,1.285,1.135,1.098,0.7291592434411227,1.243,0.9422765793528504,2.613,1.24,3.5746932317892357,3.65,3.778965505013388,3.659,3.596,,1.621
2021-07-01,3.381,1.504,1.264,3.773900609771476,3.604,0.7390385906040268,2.031,1.7545,4.914770561871466,7.330821162180262,0.834,0.7377981647333715,0.9932782774632656,1.1075255252202203,1.336,1.162,1.125,0.7325802318486883,1.231,0.9455999614791986,2.622,1.234,3.655568644273155,3.655,3.789577595732325,3.641,3.61,,1.652
2021-07-02,3.332,1.5,1.264,3.801324146902292,3.632,0.7377718120805369,2.009,1.7385,4.865371199121761,7.21534485088312,0.844,0.7329384163429121,0.9718965532908664,1.083044412814822,1.29,1.097,1.073,0.7394222086638194,1.239,0.9442315100154082,2.633,1.231,3.5358730337969546,3.679,3.813985404385879,3.683,3.64,,1.62
2021-07-05,3.223,1.474,1.229,3.818200169752025,3.64,0.7481593959731543,1.941,1.684,4.765640410174247,7.1691543263642625,0.8,0.7280786679524527,0.9631494843112488,1.1075255252202203,1.3,1.063,1.047,0.7311140939597316,1.237,0.9524422187981508,2.659,1.227,3.519697951300171,3.681,3.828842331392391,3.733,3.651,,1.6
2021-07-06,3.242,1.468,1.226,3.817145418323917,3.65,0.7466392617449664,1.951,1.69,4.772164854311,7.211495640506548,0.805,0.729845849185347,0.9845312084836476,1.1653009504969605,1.348,1.069,1.049,0.727693105552166,1.238,0.9547881355932204,2.66,1.23,3.6167484462808743,3.697,3.837332003967541,3.698,3.651,,1.641
2021-07-07,3.172,1.459,1.219,3.846678458310949,3.674,0.7473993288590605,1.917,1.65,4.758183902589386,7.1691543263642625,0.766,0.7347055975758064,0.9738403463974484,1.1476745495650735,1.286,1.07,1.048,0.7301366687004271,1.237,0.957525038520801,2.66,1.23,3.5358730337969546,3.721,3.859617394477308,3.726,3.676,,1.572
2021-07-08,3.317,1.465,1.227,3.843514204026624,3.674,0.7524664429530201,1.995,1.726,4.8364772322304255,7.283668335067262,0.791,0.7360309835004771,0.996193967123138,1.2054499748418137,1.341,1.11,1.064,0.7281818181818183,1.239,0.9624123651771956,2.662,1.217,3.8173194692409935,3.719,3.862801021692989,3.72,3.68,,1.629
2021-07-09,3.3,1.426,1.202,3.8519522154514902,3.679,0.7451191275167784,1.995,1.7165,4.772164854311,7.264422283184405,0.771,0.725869691411335,0.99813776022972,1.2044707303455977,1.374,1.146,1.049,0.7169414276998171,1.221,0.9538106702619412,2.632,1.206,3.833494551737778,3.719,3.867045857980563,3.719,3.684,,1.654
2021-07-12,3.339,1.449,1.182,3.8603902268763566,3.69,0.772734899328859,2.01,1.7395,4.800126757754229,7.364501752975261,0.782,0.7316130304182413,1.0059129326560468,1.306312157952055,1.375,1.15,1.074,0.7242721171446004,1.237,0.9616303929121724,2.667,1.232,3.9823053107081896,3.726,3.872351903340032,3.727,3.691,,1.651
2021-07-13,3.415,1.451,1.191,3.8498427125952737,3.678,0.7588003355704698,2.06,1.782,4.82715659774935,7.431862934565261,0.795,0.7355891881922536,1.0253508637218642,1.3210008253952936,1.373,1.16,1.078,0.7193849908480782,1.246,0.96729969183359,2.682,1.242,4.085825838687606,3.733,3.871290694268138,3.721,3.684,,1.657
2021-07-14,3.402,1.464,1.213,3.857225972592032,3.686,0.7588003355704698,2.046,1.771,4.838341359126641,7.498261813561118,0.796,0.74133252719916,1.0321541395949003,1.302395179967191,1.3,1.147,1.075,0.7223172666259915,1.243,0.9641718027734976,2.674,1.235,4.0664157396914655,3.734,3.8787191577713935,3.737,3.683,,1.641
2021-07-15,3.359,1.456,1.216,3.885704261150955,3.715,0.7570268456375838,2.027,1.7585,4.782417552240184,7.440523657912547,0.802,0.7373563694251479,1.011744311975792,1.2691008670958492,1.295,1.128,1.062,0.7242721171446004,1.238,0.9643672958397532,2.665,1.23,3.904664914723627,3.754,3.904188175496842,3.757,3.715,,1.61
2021-07-16,3.41,1.466,1.232,3.8920327697196058,3.719,0.7511996644295301,2.056,1.78,4.84672993015961,7.453033591636404,0.807,0.7408907318909365,1.0136881050823738,1.302395179967191,1.308,1.129,1.086,0.727693105552166,1.237,0.9583070107858244,2.668,1.214,4.079355805688892,3.767,3.914800266215779,3.765,3.72,,1.625
2021-07-19,3.326,1.455,1.215,3.8677734868731144,3.708,0.7438523489932886,1.993,1.7315,4.797330567409906,7.429938329376976,0.802,0.7422161178156071,1.0098005188692103,1.3082706469444865,1.267,1.185,1.074,0.7477303233679073,1.224,0.9506827812018488,2.638,1.208,3.943485112715909,3.754,3.894637293849799,3.757,3.7,,1.567
2021-07-20,3.318,1.442,1.199,3.8741019954417646,3.7,0.7425855704697987,1.999,1.7335,4.7908061232731525,7.400106948958547,0.818,0.7377981647333715,1.0029972429961742,1.2769348230655766,1.274,1.159,1.067,0.734046369737645,1.209,0.9483368644067794,2.635,1.196,3.872314749730059,3.736,3.8861476212746497,3.731,3.705,,1.562
2021-07-21,3.364,1.439,1.213,3.8530069668795983,3.684,0.7494261744966443,2.023,1.749,4.828088661197457,7.459769709795404,0.828,0.7342638022675828,1.0224351740619917,1.3180630919066458,1.324,1.186,1.074,0.7350237949969494,1.207,0.9563520801232664,2.655,1.208,3.979070294208833,3.738,3.853250140045945,3.749,3.685,,1.582
2021-07-22,3.455,1.439,1.207,3.840349949742299,3.675,0.755253355704698,2.079,1.796,4.851390247400148,7.544452338079975,0.833,0.7342638022675828,1.041873105127809,1.3807347396644654,1.377,1.207,1.088,0.7281818181818183,1.209,0.9616303929121724,2.672,1.2,4.179641317168953,3.735,3.85749497633352,3.736,3.667,,1.624
2021-07-23,3.434,1.45,1.191,3.844568955454732,3.672,0.7605738255033556,2.066,1.788,4.856050564640686,7.585831349628118,0.805,0.7395653459662657,1.0457606913409725,1.400319629588784,1.41,1.206,1.107,0.734535082367297,1.221,0.9700365947611708,2.675,1.21,4.215226498661877,3.715,3.862801021692989,3.718,3.675,,1.646
2021-07-26,3.34,1.41,1.16,3.8508974640233817,3.681,0.7696946308724831,2.013,1.749,4.788009932928829,7.544452338079975,0.778,0.7280786679524527,1.0370136223613546,1.4110913190471597,1.416,1.236,1.111,0.7306253813300794,1.227,0.979615755007704,2.688,1.216,4.19258138316638,3.731,3.868107067052457,3.729,3.681,,1.619
2021-07-27,3.259,1.373,1.105,3.840349949742299,3.678,0.7689345637583893,1.97,1.6995,4.640743908127826,7.416466093058975,0.737,0.7188009664797577,1.0263227602751552,1.4277384754828304,1.443,1.242,1.08,0.7144978645515558,1.224,0.9833301232665638,2.702,1.206,4.173171284170239,3.732,3.853250140045945,3.735,3.675,,1.61
2021-07-28,3.11,1.339,1.058,3.8646092325887897,3.674,0.7608271812080537,1.88,1.63,4.476700741260886,7.2201563638538335,0.707,0.6949440198356845,0.9952220705698474,1.3200215808990778,1.42,1.198,1.045,0.6969042098840756,1.227,0.9774653312788903,2.705,1.208,3.862609700231989,3.717,3.8734131124119258,3.725,3.695,,1.588
2021-07-29,3.26,1.366,1.079,3.883594758294739,3.707,0.7648808724832215,1.951,1.6935,4.566178832279217,7.2653845857785475,0.74,0.6878752949041074,0.9845312084836476,1.3474404267931237,1.445,1.172,1.048,0.6939719341061624,1.235,0.9755104006163328,2.702,1.204,4.024360525199827,3.746,3.894637293849799,3.751,3.714,,1.607
2021-07-30,3.34,1.361,1.056,3.8930875211477134,3.717,0.7588003355704698,2.017,1.75,4.551265817109495,7.2576861650254045,0.745,0.6958276104521317,1.0146600016356646,1.3954234071077043,1.51,1.205,1.044,0.6944606467358146,1.234,0.9657357473035438,2.7,1.197,4.179641317168953,3.762,3.907371802712523,3.76,3.721,,1.647
2021-08-02,3.328,1.359,1.02,3.8646092325887897,3.688,0.7600671140939597,2.002,1.7365,4.526100104010589,7.3125374128915475,0.738,0.705988902541274,1.0224351740619917,1.4267592309866144,1.529,1.212,1.025,0.6954380719951191,1.229,0.9700365947611708,2.695,1.195,4.263751746152229,3.763,3.882963994058968,3.763,3.685,,1.65
2021-08-03,3.39,1.373,1.074,3.8519522154514902,3.68,0.7593070469798657,2.036,1.7555,4.633287400542965,7.40780536971169,0.745,0.7161501946304162,1.040901208574518,1.388568695634193,1.468,1.271,1.06,0.6915283709579012,1.235,0.9696456086286592,2.689,1.2,4.244341647156088,3.724,3.868107067052457,3.729,3.682,,1.643
2021-08-04,3.356,1.37,1.093,3.8519522154514902,3.682,0.7651342281879194,2.018,1.7515,4.645404225368364,7.359690240004547,0.779,0.714383013397522,1.0243789671685737,1.3298140258612372,1.39,1.247,1.067,0.6881073825503355,1.237,0.9759013867488442,2.706,1.201,4.037300591197255,3.71,3.868107067052457,3.724,3.682,,1.62
2021-08-05,3.44,1.379,1.055,3.857225972592032,3.689,0.7669077181208054,2.07,1.795,4.664045494330516,7.45495819682469,0.773,0.7165919899386398,1.049648277554136,1.372900783694738,1.432,1.289,1.067,0.6969042098840756,1.237,0.9780518104776578,2.694,1.195,4.360802241132932,3.739,3.8765967396276064,3.735,3.689,,1.661
2021-08-06,3.435,1.368,1.064,3.837185695457974,3.675,0.772734899328859,2.061,1.7825,4.660317240538086,7.462656617577832,0.767,0.715266604013969,1.0506201741074268,1.3954234071077043,1.469,1.332,1.053,0.6925057962172056,1.248,0.9845030816640984,2.705,1.196,4.441677653616852,3.713,3.860678603549202,3.725,3.666,,1.685
2021-08-09,3.351,1.358,1.06,3.744367569784444,3.563,0.7651342281879194,2.022,1.7505,4.632355337094857,7.473241946113404,0.735,0.7227771242537698,1.0535358637672994,1.389547940130409,1.401,1.345,1.051,0.6969042098840756,1.238,0.9770743451463788,2.709,1.202,4.431972604118782,3.698,3.741823187497109,3.631,3.555,,1.626
2021-08-10,3.34,1.383,1.102,3.719053535509845,3.556,0.7691879194630873,2.019,1.7465,4.69387152466996,7.517507865443976,0.751,0.7316130304182413,1.0554796568738811,1.3797554951682496,1.396,1.325,1.077,0.7071671751067724,1.239,0.9811796995377502,2.715,1.209,4.296101911145796,3.614,3.739700769353322,3.601,3.557,,1.629
2021-08-11,3.355,1.385,1.136,3.708506021228762,3.544,0.7661476510067114,2.02,1.747,4.751659458452632,7.57620832368669,0.759,0.7364727788087008,1.0651986224067898,1.3836724731531134,1.384,1.38,1.094,0.7076558877364246,1.234,0.9811796995377502,2.713,1.202,4.289631878147083,3.59,3.729088678634385,3.597,3.542,,1.644
2021-08-12,3.32,1.392,1.112,3.7359295583595777,3.57,0.7658942953020135,2.002,1.733,4.716241047424543,7.622398848205547,0.735,0.7453086849731723,1.0739456913864076,1.405215852069864,1.389,1.371,1.083,0.7257382550335572,1.236,0.9760968798151,2.72,1.207,4.31227699364258,3.594,3.753496487287939,3.602,3.575,,1.632
2021-08-13,3.26,1.373,1.095,3.7517508297812023,3.584,0.7684278523489932,1.971,1.7125,4.691075334325638,7.659928649377118,0.73,0.7479594568225137,1.0807489672594437,1.4238214974979666,1.388,1.333,1.077,0.7335576571079927,1.247,0.9794202619414482,2.729,1.208,4.237871614157375,3.63,3.768353414294451,3.631,3.589,,1.633
2021-08-16,3.225,1.38,1.103,3.8023788983304,3.632,0.7684278523489932,1.952,1.6895,4.672434065363485,7.667627070130261,0.725,0.7506102286718551,1.078805174152862,1.441447898429853,1.337,1.331,1.083,0.7384447834045149,1.251,0.9805932203389828,2.735,1.196,4.215226498661877,3.668,3.81716903160156,3.657,3.635,,1.601
2021-08-17,3.204,1.366,1.109,3.8097621583271586,3.642,0.7686812080536912,1.938,1.6705,4.669637875019162,7.616625032640689,0.721,0.752819205212973,1.063254829300208,1.3846517176493292,1.356,1.308,1.086,0.7394222086638194,1.248,0.9805932203389828,2.732,1.201,4.124646036679887,3.671,3.819291449745348,3.671,3.645,,1.603
2021-08-18,3.134,1.352,1.058,3.8255834297487823,3.658,0.7684278523489932,1.886,1.6315,4.570839149519755,7.45495819682469,0.699,0.7453086849731723,1.0379855189146456,1.3719215391985222,1.308,1.286,1.078,0.7276931055521662,1.251,0.9798112480739596,2.722,1.195,4.124646036679887,3.705,3.8436992583989023,3.701,3.658,,1.57
2021-08-19,3.148,1.351,1.059,3.819254921180133,3.653,0.7590536912751678,1.898,1.6445,4.604393433651629,7.479015761678261,0.699,0.7559117723705381,1.0428450016810995,1.3689838057098742,1.309,1.315,1.154,0.7301366687004271,1.248,0.9727734976887518,2.702,1.193,4.114940987181817,3.7,3.844760467470796,3.701,3.653,,1.567
2021-08-20,3.155,1.328,1.033,3.8150359154677,3.648,0.7605738255033556,1.91,1.6525,4.578295657104616,7.486714182431404,0.69,0.7470758662060666,1.0525639672140084,1.3777970061758178,1.346,1.342,1.129,0.7223172666259914,1.231,0.9706230739599382,2.701,1.182,4.173171284170239,3.694,3.8299035404642847,3.698,3.652,,1.591
2021-08-23,3.105,1.322,1.0,3.804488401186618,3.631,0.7696946308724831,1.874,1.62,4.51398327918519,7.48863878761969,0.66,0.7519356145965258,1.0613110361936264,1.400319629588784,1.36,1.358,1.142,0.7306253813300795,1.234,0.9833301232665638,2.723,1.179,4.218461515161234,3.703,3.8203526588172414,3.702,3.636,,1.591
2021-08-24,3.195,1.329,1.015,3.848787961167165,3.676,0.7810956375838927,1.924,1.664,4.5764315302084,7.611813519669975,0.676,0.7594461348363267,1.0885241396857706,1.43263469796391,1.383,1.364,1.138,0.7340463697376449,1.246,0.9981875963020028,2.753,1.201,4.309041977143224,3.705,3.862801021692989,3.711,3.677,,1.624
2021-08-25,3.225,1.355,1.033,3.8382404468860822,3.67,0.7874295302013423,1.942,1.683,4.627695019854319,7.659928649377118,0.688,0.7625387019938916,1.0904679327923523,1.4688667443238996,1.411,1.386,1.153,0.7350237949969494,1.249,1.0013154853620954,2.752,1.202,4.3996224391252134,3.718,3.8585561854054142,3.72,3.672,,1.634
2021-08-26,3.247,1.343,1.043,3.8150359154677,3.649,0.7851493288590604,1.952,1.69,4.630491210198643,7.72151601540226,0.692,0.7665148597679039,1.092411725898934,1.491389367736866,1.394,1.378,1.14,0.7384447834045149,1.245,1.0001425269645603,2.745,1.2,4.499907950605273,3.691,3.8426380493270087,3.703,3.656,,1.597
2021-08-27,3.16,1.331,1.014,3.829802435461216,3.661,0.7805889261744966,1.9,1.6505,4.547537563317064,7.679174701259975,0.664,0.7643058832267859,1.077833277599571,1.505098790683889,1.35,1.369,1.126,0.7482190359975595,1.239,0.9942777349768874,2.736,1.196,4.415797521621998,3.696,3.847944094686477,3.7,3.665,,1.55
2021-08-30,3.17,1.33,1.02,3.8741019954417646,3.704,0.7892030201342283,1.907,1.6485,4.577363593656508,7.765781934732832,0.668,0.7665148597679039,1.0836646569193162,1.5658119494492768,1.373,1.367,1.13,0.7550610128126907,1.243,1.006007318952234,2.758,1.195,4.519318049601414,3.742,3.892514875706012,3.74,3.706,,1.548
2021-08-31,3.163,1.333,1.009,3.857225972592032,3.685,0.7950302013422819,1.91,1.6525,4.550333753661387,7.801387130716117,0.663,0.7682820410007982,1.0875522431324796,1.5961685288319707,1.32,1.395,1.102,0.7565271507016476,1.246,1.0155864791987672,2.769,1.2,4.658423759073755,3.732,3.8765967396276064,3.74,3.689,,1.524
2021-09-01,3.11,1.351,1.002,3.857225972592032,3.686,0.7968036912751678,1.876,1.623,4.548469626765172,7.842766142264261,0.649,0.7815359002475054,1.0933836224522249,1.6412137756579035,1.295,1.393,1.125,0.7785192190359976,1.254,1.0161729583975343,2.775,1.218,4.616368544582118,3.727,3.884025203130862,3.728,3.69,,1.492
2021-09-02,3.08,1.37,1.034,3.859335475448248,3.687,0.7970570469798657,1.86,1.6115,4.623034702613781,7.759045816573833,0.66,0.7863956486379647,1.070058105173244,1.5002025682028095,1.288,1.338,1.17,0.7760756558877366,1.251,1.0165639445300458,2.776,1.224,4.344627158636148,3.736,3.8776579486995,3.736,3.689,,1.481
2021-09-03,3.046,1.36,1.009,3.8498427125952737,3.681,0.7965503355704698,1.84,1.5885,4.609053750892167,7.938996401678546,0.637,0.8005330985011192,1.091439829345643,1.5393723480514467,1.251,1.334,1.24,0.7907370347773034,1.246,1.014804506933744,2.768,1.229,4.50314296710463,3.732,3.864923439836776,3.728,3.679,,1.45
2021-09-06,3.012,1.355,1.03,3.880430504010414,3.705,0.7973104026845637,1.816,1.5685,4.583888037793262,7.872597522682688,0.643,0.8000913031928956,1.0768613810462802,1.5080365241725369,1.254,1.288,1.179,0.7897596095179988,1.253,1.0136315485362093,2.769,1.277,4.341392142136792,3.748,3.8893312484903304,3.747,3.71,,1.456
2021-09-07,3.113,1.372,1.055,3.8783210011541978,3.71,0.7983238255033557,1.884,1.631,4.660317240538086,7.926486467954689,0.673,0.8045092562751314,1.091439829345643,1.5099950131649686,1.28,1.308,1.205,0.8000225747406956,1.258,1.0151954930662554,2.769,1.288,4.383447356628429,3.753,3.8967597119935866,3.757,3.711,,1.483
2021-09-08,3.152,1.383,1.061,3.828747684033108,3.666,0.7978171140939597,1.896,1.64,4.724629618457511,8.111248566030117,0.673,0.8217392732958508,1.1118496569647511,1.537413859059015,1.285,1.328,1.239,0.8034435631482613,1.252,1.0157819722650228,2.763,1.287,4.50314296710463,3.736,3.853250140045945,3.698,3.659,,1.493
2021-09-09,3.116,1.372,1.045,3.8065979040428335,3.644,0.7940167785234898,1.879,1.626,4.689211207429422,8.152627577578258,0.667,0.827924407610981,1.115737243177915,1.5452478150287423,1.271,1.307,1.226,0.8269017693715681,1.238,1.011481124807396,2.75,1.29,4.431972604118782,3.688,3.82565870417671,3.693,3.638,,1.461
2021-09-10,3.113,1.356,1.045,3.8150359154677,3.645,0.790976510067114,1.881,1.6265,4.694803588118067,8.225762574733116,0.666,0.8447126293234767,1.113793450071333,1.6000855068168345,1.266,1.345,1.24,0.8523148261134839,1.226,1.006984784283513,2.743,1.292,4.428737587619424,3.68,3.82565870417671,3.685,3.647,,1.452
2021-09-13,3.127,1.356,1.058,3.810816909755266,3.641,0.7869228187919463,1.89,1.632,4.7395426336272335,8.208441128038544,0.668,0.8407364715494646,1.1176810362844964,1.6568816875973589,1.321,1.326,1.247,0.8474276998169616,1.223,0.9968191448382124,2.728,1.305,4.474027818610419,3.698,3.8277811223204976,3.688,3.64,,1.475
2021-09-14,3.094,1.351,1.044,3.8118716611833743,3.638,0.7881895973154363,1.87,1.6135,4.720901364665082,8.256556257745688,0.66,0.8495723777139361,1.122540519050951,1.6431722646503355,1.26,1.313,1.253,0.8659987797437463,1.229,0.9993605546995376,2.73,1.316,4.409327488623283,3.687,3.826719913248603,3.685,3.641,,1.438
2021-09-15,3.122,1.326,1.03,3.830857186889325,3.663,0.7821090604026846,1.89,1.626,4.65099660605701,8.135306130883688,0.66,0.831900565384993,1.112821553518042,1.606940218290346,1.281,1.297,1.21,0.8493825503355705,1.23,0.9931047765793528,2.711,1.304,4.480497851609132,3.693,3.841576840255115,3.699,3.664,,1.449
2021-09-16,3.103,1.31,1.01,3.8076526554709416,3.646,0.7866694630872483,1.871,1.618,4.609053750892167,8.208441128038544,0.649,0.8314587700767695,1.1322594845838596,1.6412137756579035,1.257,1.304,1.213,0.8449841366687005,1.223,1.0003380200308165,2.729,1.315,4.571078313591123,3.698,3.8341483767518594,3.7,3.639,,1.433
2021-09-17,3.027,1.294,1.029,3.744367569784444,3.579,0.7859093959731543,1.836,1.5825,4.555926134350033,8.029452845527974,0.652,0.8190885014465094,1.089496036239061,1.5413308370438783,1.225,1.277,1.187,0.839608297742526,1.224,0.9995560477657934,2.722,1.308,4.309041977143224,3.666,3.77365945965392,3.645,3.596,,1.403
2021-09-22,3.057,1.286,1.037,3.797105141189859,3.632,0.7658942953020135,1.845,1.596,4.52982835780302,7.869710614900261,0.676,0.8168795249053915,1.0826927603660257,1.4806176782784908,1.22,1.239,1.188,0.824458206223307,1.216,0.9770743451463788,2.673,1.286,4.296101911145796,3.66,3.809740568098305,3.654,3.632,,1.395
2021-09-23,3.087,1.302,1.023,3.7781196154839094,3.611,0.7765352348993289,1.86,1.604,4.582955974345154,8.090077908958973,0.678,0.828807998227428,1.1031025879851335,1.5276214140968556,1.25,1.279,1.2,0.850359975594875,1.215,0.9874354776579352,2.704,1.291,4.415797521621998,3.664,3.797006059235581,3.677,3.612,,1.413
2021-09-24,3.077,1.289,1.038,3.748586575496877,3.577,0.7816023489932886,1.859,1.615,4.593208672274337,8.111248566030117,0.677,0.8411782668576882,1.1021306914318425,1.5168497246384802,1.271,1.311,1.206,0.8479164124466138,1.221,0.99369125577812,2.721,1.299,4.376977323629716,3.639,3.7672922052225575,3.646,3.578,,1.418
2021-09-27,3.119,1.28,1.086,3.754915084065527,3.585,0.7810956375838927,1.883,1.621,4.609053750892167,7.989998439168118,0.694,0.8217392732958508,1.0836646569193162,1.449281854399581,1.276,1.305,1.188,0.8190823672971325,1.212,0.9934957627118642,2.729,1.294,4.451382703114922,3.624,3.766230996150664,3.634,3.59,,1.435
2021-09-28,3.118,1.276,1.119,3.744367569784444,3.578,0.773748322147651,1.886,1.631,4.618374385373244,7.754234303603117,0.694,0.7987659172682249,1.0506201741074268,1.3709422947023062,1.255,1.26,1.16,0.80539841366687,1.211,0.9841120955315869,2.72,1.289,4.315512010141937,3.624,3.7651697870787704,3.639,3.58,,1.42
2021-09-29,3.095,1.275,1.102,3.7222177897941697,3.556,0.7527197986577181,1.868,1.6155,4.587616291585691,7.74172436987926,0.684,0.8098107999738142,1.0447887947876815,1.3533158937704193,1.244,1.265,1.166,0.8210372178157415,1.196,0.9579160246533128,2.66,1.27,4.254046696654158,3.623,3.739700769353322,3.603,3.555,,1.398
2021-09-30,3.088,1.286,1.116,3.7106155240849783,3.549,0.7570268456375838,1.869,1.609,4.5885483550338,7.607002006699261,0.679,0.7912553970284241,1.0214632775087007,1.3278555368688052,1.239,1.23,1.163,0.7990451494813912,1.195,0.9622168721109396,2.668,1.259,4.244341647156088,3.598,3.7312110967781726,3.601,3.55,,1.404
2021-10-08,3.169,1.311,1.127,3.7496413269249858,3.575,0.7610805369127517,1.918,1.655,4.639811844679718,7.744611277661689,0.687,0.7952315548024363,1.0525639672140084,1.3777970061758178,1.269,1.25,1.165,0.8176162294081758,1.192,0.9692546224961478,2.697,1.217,4.419032538121354,3.615,3.752435278216046,3.611,3.58,,1.432
2021-10-11,3.147,1.31,1.168,3.7517508297812023,3.586,0.7534798657718121,1.902,1.6335,4.673366128811593,7.650305623435689,0.692,0.8000913031928956,1.0447887947876815,1.344502693304476,1.238,1.225,1.171,0.8029548505186089,1.171,0.9581115177195684,2.68,1.205,4.254046696654158,3.626,3.7651697870787704,3.632,3.587,,1.419
2021-10-12,3.081,1.313,1.147,3.743312818356336,3.577,0.7443590604026846,1.861,1.6135,4.6482004157126875,7.651267926029832,0.679,0.7930225782613184,1.0379855189146456,1.3533158937704193,1.216,1.236,1.156,0.8102855399633924,1.164,0.9489233436055468,2.649,1.197,4.199051416165093,3.618,3.755618905431727,3.618,3.58,,1.401
2021-10-13,3.04,1.307,1.155,3.755969835493635,3.592,0.7415721476510068,1.834,1.585,4.609053750892167,7.494412603184547,0.677,0.7837448767886234,1.011744311975792,1.3141461139217825,1.18,1.19,1.124,0.8049097010372179,1.156,0.945208975346687,2.643,1.191,4.124646036679887,3.627,3.77365945965392,3.633,3.591,,1.37
2021-10-14,3.1,1.313,1.175,3.800269395474184,3.63,0.7494261744966443,1.877,1.6195,4.663113430882409,7.510771747284975,0.689,0.7930225782613184,1.02049138095541,1.342544204312044,1.2,1.203,1.128,0.7907370347773034,1.167,0.954006163328197,2.661,1.194,4.270221779150942,3.661,3.815046613457773,3.663,3.633,,1.391
2021-10-15,3.11,1.314,1.16,3.804488401186618,3.641,0.7643741610738255,1.88,1.6245,4.640743908127826,7.565622995151118,0.671,0.7762343565488224,1.034097932701482,1.3719215391985222,1.207,1.232,1.121,0.7838950579621722,1.183,0.9721870184899843,2.709,1.203,4.334922109138078,3.679,3.823536286032923,3.686,3.641,,1.4
2021-10-18,3.178,1.325,1.152,3.758079338349852,3.598,0.7674144295302013,1.915,1.653,4.663113430882409,7.582944441845689,0.668,0.7766761518570461,1.0321541395949003,1.3954234071077043,1.248,1.242,1.13,0.7887821842586945,1.19,0.9755104006163328,2.714,1.207,4.467557785611706,3.666,3.7832103413009626,3.64,3.591,,1.416
2021-10-19,3.18,1.328,1.114,3.7464770726406607,3.584,0.7722281879194631,1.915,1.65,4.604393433651629,7.627210361176261,0.656,0.781977695555729,1.0467325878942633,1.4130498080395917,1.23,1.253,1.127,0.8039322757779135,1.186,0.9850895608628656,2.72,1.207,4.567843297091765,3.623,3.7619861598630897,3.625,3.584,,1.404
2021-10-20,3.19,1.35,1.158,3.740148564072011,3.581,0.7757751677852348,1.927,1.665,4.660317240538086,7.643569505276689,0.666,0.7894882157955297,1.0554796568738811,1.389547940130409,1.239,1.257,1.136,0.8039322757779135,1.188,0.9872399845916792,2.734,1.213,4.558138247593695,3.628,3.77365945965392,3.63,3.574,,1.424
2021-10-21,3.188,1.359,1.15,3.7601888412060687,3.593,0.772734899328859,1.927,1.6595,4.641675971575934,7.679174701259975,0.664,0.7837448767886234,1.0603391396403354,1.4257799864903984,1.23,1.27,1.133,0.78780475899939,1.185,0.9856760400616332,2.74,1.2,4.629308610579544,3.627,3.774720668725813,3.631,3.596,,1.421
2021-10-22,3.184,1.357,1.152,3.764407846918502,3.6,,,1.6545,4.669637875019162,,0.662,,,1.415987541528239,1.216,1.253,1.137,,1.18,,2.743,1.193,4.587253396087906,3.643,,3.643,3.601,,1.416
2021-10-25,3.182,1.348,1.171,3.773900609771476,3.608,0.7722281879194631,1.923,1.6635,4.680822636396454,7.590642862598832,0.665,0.7793269237063876,1.0506201741074268,1.375838517183386,1.25,1.259,1.136,0.87,1.187,0.9823526579352848,2.735,1.194,4.561373264093052,3.659,3.799128477379368,3.662,3.606,,1.419
2021-10-26,3.256,1.36,1.163,3.7876123783368847,3.62,0.7816023489932886,1.955,1.6865,4.7115807301840045,7.675325490883403,0.665,0.7815359002475054,1.0651986224067898,1.4110913190471597,1.26,1.276,1.146,0.801,1.192,0.9952552003081664,2.762,1.2,4.765179303552529,3.653,3.802312104595049,3.655,3.63,,1.434
2021-10-27,3.221,1.339,1.149,3.7612435926341767,3.599,0.7821090604026846,1.946,1.6805,4.6826867632926685,7.659928649377118,0.662,0.7722581987748104,1.057423449980463,1.4101120745509437,1.253,1.297,1.135,0.795,1.195,0.9970146379044682,2.767,1.2,4.6972439570660365,3.659,3.788516386660431,3.658,3.596,,1.426
2021-10-28,3.196,1.333,1.141,3.770736355487152,3.609,0.7848959731543623,1.94,1.669,4.623034702613781,7.598341283351975,0.646,0.7735835846994811,1.0477044844475545,1.3807347396644654,1.236,1.278,1.107,0.78,1.194,0.99877407550077,2.749,1.197,4.781354386049313,3.637,3.7874551775885377,3.641,3.61,,1.408
2021-10-29,3.186,1.322,1.16,3.7876123783368847,3.624,0.7876828859060403,1.921,1.664,4.609985814340274,7.520394773226404,0.645,0.7572371582952088,1.0263227602751552,1.345481937800692,1.23,1.264,1.1,0.76,1.191,1.0048343605546992,2.772,1.191,4.713419039562821,3.662,3.806556940882624,3.672,3.623,,1.412
2021-11-01,3.245,1.318,1.157,3.764407846918502,3.597,0.7962969798657717,1.954,1.6945,4.6202385122694585,7.570434508121832,0.654,0.7603297254527739,1.0399293120212272,1.3474404267931237,1.252,1.311,1.105,0.756,1.199,1.0151954930662554,2.785,1.216,4.81370455104288,3.644,3.788516386660431,3.651,3.594,,1.449
2021-11-02,3.227,1.323,1.16,3.772845858343368,3.605,0.7995906040268457,1.949,1.6815,4.624898829509997,7.612775822264117,0.64,0.7656312691514567,1.0506201741074268,1.3405857153196123,1.273,1.342,1.113,0.762,1.2,1.0196918335901386,2.792,1.225,4.768414320051885,3.64,3.7832103413009626,3.643,3.605,,1.459
2021-11-03,3.213,1.301,1.169,3.767572101202827,3.602,0.8033909395973153,1.95,1.688,4.5764315302084,7.539640825109261,0.634,0.7634222926103388,1.0379855189146456,1.3141461139217825,1.311,1.35,1.092,0.744,1.21,1.0239926810477658,2.797,1.226,4.706949006564107,3.657,3.7874551775885377,3.662,3.6,,1.461
2021-11-04,3.233,1.302,1.171,3.742258066928227,3.578,0.812005033557047,1.95,1.68,4.579227720552724,7.583906744439833,0.64,0.7576789536034324,1.0438168982343907,1.3112083804331345,1.299,1.345,1.102,0.76,1.216,1.03630874422188,2.815,1.227,4.6616587755731125,3.625,3.763047368934983,3.628,3.581,,1.456
2021-11-05,3.243,1.296,1.199,3.779174366912018,3.616,0.8226459731543624,1.955,1.697,4.595072799170553,7.626248058582118,0.64,0.7634222926103388,1.056451553427172,1.3121876249293505,1.329,1.36,1.094,0.761,1.214,1.0507752311248073,2.825,1.237,4.700478973565393,3.641,3.7948836410917934,3.648,3.616,,1.469
2021-11-08,3.24,1.291,1.193,3.8392951983141903,3.662,0.8236593959731543,1.958,1.694,4.5857521646894766,7.557924574397975,0.641,0.7506102286718551,1.041873105127809,1.3112083804331345,1.303,1.345,1.091,0.743,1.217,1.0511662172573186,2.832,1.232,4.632543627078901,3.72,3.8436992583989023,3.699,3.673,,1.449
2021-11-09,3.278,1.293,1.185,3.8392951983141903,3.677,0.8198590604026846,1.975,1.7105,4.59973311641109,7.621436545611404,0.627,0.7567953629869852,1.0467325878942633,1.3670253167174424,1.281,1.351,1.106,0.742,1.213,1.047647342064715,2.834,1.224,4.839584683037734,3.701,3.84582167654269,3.707,3.675,,1.454
2021-11-10,3.287,1.284,1.18,3.845623706882841,3.676,0.8163120805369127,1.99,1.717,4.579227720552724,7.640682597494261,0.631,0.749726638055408,1.063254829300208,1.3611498497401469,1.304,1.4,1.108,0.737,1.207,1.04139156394453,2.831,1.22,4.768414320051885,3.724,3.85749497633352,3.718,3.675,,1.473
2021-11-11,3.284,1.289,1.152,3.883594758294739,3.719,0.8054177852348993,1.98,1.723,4.550333753661387,7.618549637828975,0.644,0.7594461348363267,1.0642267258534988,1.3347102483423168,1.315,1.394,1.106,0.745,1.214,1.0259476117103234,2.811,1.214,4.745769204556389,3.753,3.8999433392092673,3.745,3.716,,1.469
2021-11-12,3.318,1.319,1.168,3.9025802840006887,3.73,0.8107382550335571,2.007,1.733,4.637947717783503,7.698420753142832,0.646,0.7722581987748104,1.0749175879396986,1.3503781602817715,1.346,1.401,1.141,0.755,1.208,1.0322033898305083,2.816,1.22,4.758709270553815,3.775,3.914800266215779,3.77,3.73,,1.488
2021-11-15,3.324,1.315,1.158,3.8962517754320385,3.729,0.8163120805369127,2.005,1.732,4.636083590887289,7.730176738749546,0.642,0.7753507659323753,1.0953274155588066,1.3474404267931237,1.353,1.454,1.137,0.756,1.206,1.0410005778120182,2.826,1.234,4.755474254054459,3.767,3.9116166390000977,3.766,3.729,,1.498
2021-11-16,3.292,1.317,1.175,3.90152553257258,3.736,0.8165654362416107,1.99,1.7215,4.628627083302427,7.673400885695118,0.657,0.7793269237063876,1.0836646569193162,1.3092498914407025,1.327,1.423,1.128,0.748,1.208,1.0410005778120184,2.832,1.232,4.574313330090479,3.761,3.9116166390000977,3.764,3.734,,1.484
2021-11-17,3.284,1.325,1.18,3.886759012579064,3.716,0.8193523489932886,1.987,1.7165,4.616510258477028,7.626248058582118,0.677,0.7709328128501397,1.071030001726535,1.288685757020168,1.313,1.366,1.114,0.744,1.206,1.0437374807395994,2.84,1.227,4.529023099099484,3.776,3.916922684359566,3.761,3.717,,1.474
2021-11-18,3.305,1.313,1.176,3.911018295425555,3.736,0.8190989932885906,2.001,1.7245,4.610917877788382,7.665702464941975,0.673,0.7775597424734932,1.092411725898934,1.3200215808990778,1.317,1.392,1.112,0.748,1.201,1.0449104391371338,2.841,1.221,4.629308610579544,3.767,3.923289938790928,3.77,3.74,,1.485
2021-11-19,3.273,1.296,1.17,3.899416029716363,3.73,0.82796644295302,1.978,1.709,4.5764315302084,7.659928649377118,0.656,0.7709328128501397,1.0836646569193162,1.3366687373347486,1.306,1.436,1.1,0.739,1.204,1.055662557781202,2.84,1.22,4.616368544582118,3.772,3.9190451025033535,3.776,3.734,,1.477
2021-11-22,3.322,1.303,1.18,3.8772662497260897,3.712,0.8383540268456376,1.998,1.726,4.636083590887289,7.77540496067426,0.66,0.7846284674050704,1.1031025879851335,1.3591913607477148,1.311,1.437,1.121,0.752,1.213,1.065828197226502,2.845,1.222,4.700478973565393,3.743,3.89782092106548,3.744,3.706,,1.5
2021-11-23,3.392,1.284,1.178,3.813981164039592,3.652,0.8236593959731543,2.042,1.7655,4.637947717783503,7.818708577410689,0.655,0.7855120580215176,1.1254562087108233,1.4061950965660797,1.371,1.453,1.127,0.752,1.193,1.0511662172573186,2.83,1.228,4.852524749035162,3.731,3.828842331392391,3.717,3.651,,1.529
2021-11-24,3.381,1.281,1.178,3.773900609771476,3.609,0.8203657718120805,2.042,1.7625,4.647268352264579,7.832180813728688,0.654,0.7881628298708591,1.122540519050951,1.3934649181152727,1.367,1.447,1.132,0.759,1.181,1.0454969183359013,2.833,1.214,4.816939567542238,3.66,3.784271550372856,3.669,3.615,,1.532
2021-11-25,3.366,1.283,1.189,3.7770648640558018,3.611,0.8259395973154362,2.03,1.756,4.658453113641871,7.837954629293545,0.659,0.7881628298708591,1.1205967259443692,1.4199045195131028,1.357,1.415,1.13,0.769,1.181,1.0503842449922958,2.846,1.209,4.716654056062177,3.648,3.790638804804219,3.65,3.614,,1.526
2021-11-26,3.367,1.277,1.182,3.7770648640558018,3.611,0.8239127516778523,2.036,1.754,4.627695019854319,7.790801802180546,0.667,0.7815359002475054,1.1167091397312057,1.4081535855585117,1.373,1.409,1.124,0.767,1.171,1.0501887519260398,2.834,1.2,4.645483693076328,3.644,3.7948836410917934,3.655,3.613,,1.519
2021-11-29,3.345,1.244,1.167,3.786557626908776,3.624,0.8127651006711409,2.021,1.7495,4.567110895727325,7.746535882849976,0.676,0.7757925612405989,1.112821553518042,1.400319629588784,1.325,1.399,1.108,0.752,1.141,1.033767334360555,2.79,1.176,4.645483693076328,3.667,3.802312104595049,3.671,3.618,,1.505
2021-11-30,3.395,1.239,1.183,3.758079338349852,3.589,0.8251795302013423,2.048,1.769,4.5969369260667685,7.827369300757975,0.662,0.7833030814803997,1.1351751742437322,1.450261098895797,1.359,1.448,1.11,0.751,1.142,1.0511662172573188,2.82,1.184,4.826644617040308,3.649,3.774720668725813,3.633,3.592,,1.531
2021-12-01,3.377,1.216,1.166,3.739093812643903,3.574,0.8155520134228187,2.038,1.763,4.577363593656508,7.830256208540404,0.66,0.7868374439461883,1.136147070797023,1.4218630085055346,1.364,1.469,1.106,0.749,1.128,1.03767719568567,2.775,1.169,4.787824419048026,3.638,3.754557696359833,3.641,3.572,,1.528
2021-12-02,3.354,1.217,1.163,3.7380390612157943,3.58,0.8026308724832215,2.034,1.755,4.5857521646894766,7.862974496741259,0.652,0.7939061688777656,1.1351751742437322,1.4130498080395917,1.372,1.453,1.12,0.76,1.134,1.021842257318952,2.733,1.151,4.749004221055745,3.61,3.756680114503621,3.62,3.582,,1.505
2021-12-03,3.355,1.225,1.167,3.7232725412222782,3.56,0.8018708053691275,2.028,1.7505,4.598801052962983,7.820633182598975,0.647,0.7956733501106599,1.1235124156042418,1.4150082970320232,1.379,1.443,1.132,0.763,1.138,1.021842257318952,2.749,1.161,4.745769204556389,3.6,3.740761978425215,3.604,3.562,,1.483
2021-12-06,3.354,1.217,1.2,3.7496413269249858,3.587,0.7892030201342283,2.024,1.7545,4.643540098472149,7.89665508753626,0.65,0.8040674609669078,1.1312875880305686,1.4296969644752622,1.407,1.473,1.145,0.775,1.138,1.0048343605546992,2.753,1.158,4.7231240890608905,3.618,3.7577413235755146,3.619,3.586,,1.498
2021-12-07,3.314,1.223,1.189,3.744367569784444,3.584,0.7968036912751678,1.995,1.725,4.655656923297548,7.862012194147117,0.641,0.7992077125764484,1.1186529328377874,1.418925275016887,1.38,1.472,1.167,0.773,1.135,1.014804506933744,2.772,1.174,4.6616587755731125,3.65,3.7672922052225575,3.635,3.583,,1.468
2021-12-08,3.266,1.242,1.195,3.7496413269249858,3.584,0.8203657718120805,1.973,1.706,4.666841684674839,7.793688709962975,0.645,0.8076018234326964,1.0992150017719702,1.3964026516039203,1.345,1.421,1.159,0.784,1.163,1.0451059322033898,2.823,1.191,4.574313330090479,3.626,3.764108578006877,3.629,3.587,,1.452
2021-12-09,3.304,1.245,1.224,3.7412033155001194,3.576,0.8206191275167785,1.98,1.728,4.733018189490481,7.891843574565546,0.654,0.8129033671313793,1.115737243177915,1.417946030520671,1.369,1.448,1.17,0.783,1.157,1.044128466872111,2.825,1.19,4.635778643578258,3.611,3.7577413235755146,3.623,3.578,,1.469
2021-12-10,3.335,1.246,1.237,3.7412033155001194,3.577,0.8089647651006712,2.01,1.7435,4.793602313617475,7.884145153812403,0.665,0.8186467061382858,1.1186529328377874,1.405215852069864,1.368,1.432,1.183,0.785,1.155,1.0302484591679504,2.814,1.187,4.593723429086619,3.612,3.7577413235755146,3.622,3.581,0.993,1.483
2021-12-13,3.362,1.247,1.249,3.7496413269249858,3.585,0.8206191275167785,2.038,1.755,4.815971836372058,7.910127323854261,0.661,0.819530296754733,1.1254562087108233,1.4296969644752622,1.367,1.426,1.198,0.784,1.155,1.0453014252696458,2.842,1.186,4.6875389075679665,3.611,3.766230996150664,3.615,3.586,0.997,1.497
2021-12-14,3.37,1.23,1.239,3.755969835493635,3.59,0.8071912751677852,2.033,1.7695,4.788009932928829,7.901466600506975,0.655,0.82041388737118,1.12156862249766,1.4238214974979666,1.362,1.42,1.177,0.776,1.158,1.031421417565485,2.82,1.186,4.668128808571826,3.63,3.772598250582026,3.65,3.592,0.993,1.489
2021-12-15,3.382,1.222,1.241,3.72854629836282,3.562,0.7990838926174496,2.043,1.765,4.772164854311,7.897617390130404,0.658,0.8102525952820379,1.1264281052641143,1.3856309621455452,1.357,1.432,1.179,0.769,1.149,1.0220377503852078,2.786,1.181,4.629308610579544,3.621,3.7672922052225575,3.627,3.562,0.991,1.489
2021-12-16,3.361,1.212,1.223,3.7348748069314697,3.57,0.8145385906040268,2.039,1.747,4.736746443282911,7.899541995318688,0.635,0.811136185898485,1.127400001817405,1.3621290942363629,1.347,1.424,1.188,0.776,1.151,1.040414098613251,2.84,1.193,4.632543627078901,3.6,3.752435278216046,3.599,3.573,0.99,1.477
2021-12-17,3.376,1.21,1.213,3.779174366912018,3.613,0.7965503355704698,2.044,1.762,4.751659458452632,7.971714689879404,0.644,0.8217392732958508,1.128371898370696,1.373880028190954,1.33,1.427,1.193,0.788,1.149,1.020864791987673,2.832,1.195,4.626073594080188,3.638,3.789577595732325,3.642,3.615,0.993,1.474
2021-12-20,3.322,1.196,1.19,3.7886671297649928,3.626,0.7914832214765101,2.011,1.7325,4.678026446052131,7.881258246029974,0.634,0.8173213202136151,1.112821553518042,1.3513574047779875,1.285,1.396,1.176,0.788,1.155,1.0009244992295838,2.78,1.173,4.5128480166027005,3.658,3.808679359026411,3.673,3.623,0.987,1.444
2021-12-21,3.227,1.18,1.196,3.7665173497747184,3.611,0.7851493288590604,1.951,1.6855,4.616510258477028,7.783103381427402,0.625,0.8182049108300623,1.0962993121120974,1.3170838474104298,1.271,1.373,1.161,0.786,1.13,1.0028794298921415,2.761,1.174,4.315512010141937,3.636,3.791700013876112,3.655,3.602,0.974,1.419
2021-12-22,3.249,1.197,1.195,3.758079338349852,3.595,0.8011107382550335,1.969,1.695,4.652860732953225,7.862012194147117,0.632,0.828807998227428,1.112821553518042,1.3278555368688052,1.288,1.379,1.177,0.795,1.144,1.0191053543913713,2.804,1.18,4.344627158636148,3.63,3.778965505013388,3.634,3.596,0.983,1.433
2021-12-23,3.269,1.195,1.206,3.783393372624451,3.619,0.8082046979865771,1.974,1.705,4.6537927964013335,7.89665508753626,0.634,0.8230646592205215,1.1186529328377874,1.3356894928385328,1.289,1.376,1.168,0.795,1.148,1.0302484591679506,2.823,1.178,4.367272274131646,3.648,3.797006059235581,3.651,3.62,0.986,1.431
2021-12-24,3.268,1.207,1.219,3.800269395474184,3.635,0.8150453020134228,1.977,1.7035,4.684550890188884,7.926486467954689,0.628,0.822622863912298,1.1186529328377874,1.3278555368688052,1.293,1.384,1.165,0.795,1.16,1.0380681818181814,2.848,1.183,4.373742307130359,3.667,3.815046613457773,3.671,3.636,0.991,1.427
2021-12-27,3.183,1.202,1.245,3.798159892617967,3.634,0.8163120805369127,1.927,1.667,4.657521050193763,7.865861404523688,0.63,0.8208556826794037,1.0962993121120974,1.2749763340731448,1.284,1.385,1.158,0.796,1.168,1.041196070878274,2.847,1.178,4.186111350167666,3.667,3.818230240673454,3.674,3.636,0.981,1.413
2021-12-28,3.193,1.203,1.241,3.794995638333642,3.629,0.8266996644295301,1.94,1.666,4.661249303986194,7.868748312306117,0.633,0.8296915888438752,1.1021306914318425,1.273017845080713,1.288,1.383,1.164,0.796,1.166,1.0542941063174112,2.88,1.188,4.199051416165093,3.655,3.813985404385879,3.67,3.63,0.983,1.413
2021-12-29,3.216,1.203,1.24,3.7812838697682345,3.624,0.8274597315436242,1.948,1.6805,4.683618826740777,7.865861404523688,0.638,0.825715431069863,1.1118496569647511,1.3072914024482705,1.29,1.392,1.169,0.786,1.176,1.053707627118644,2.883,1.184,4.286396861647726,3.671,3.8129241953139856,3.67,3.619,0.984,1.42
2021-12-30,3.18,1.193,1.195,3.779174366912018,3.616,0.8259395973154362,1.924,1.658,4.623034702613781,7.836992326699403,0.628,0.8283662029192045,1.1089339673048788,1.303374424463407,1.274,1.411,1.154,0.785,1.174,1.0521436825885977,2.885,1.182,4.28316184514837,3.653,3.801250895523155,3.656,3.618,0.983,1.41
2021-12-31,3.231,1.213,1.21,3.8118716611833743,3.647,0.8221392617449664,1.95,1.6865,4.669637875019162,7.906278113477688,0.633,0.8283662029192045,1.1196248293910782,1.306312157952055,1.304,1.458,1.177,0.792,1.172,1.0468653697996917,2.881,1.178,4.334922109138078,3.65,3.7980672683074745,3.675,3.647,0.991,1.435
2022-01-04,3.236,1.211,1.207,3.779174366912018,3.617,0.8292332214765101,1.951,1.6855,4.683618826740777,7.972676992473546,0.63,0.8376439043918995,1.1342032776904414,1.3278555368688052,1.303,1.456,1.176,0.795,1.178,1.0552715716486898,2.894,1.186,4.438442637117495,3.684,3.8108017771701985,3.681,3.618,0.996,1.454
2022-01-05,3.151,1.206,1.218,3.798159892617967,3.632,0.8152986577181208,1.906,1.6485,4.640743908127826,7.948619427619974,0.616,0.8442708340152532,1.128371898370696,1.2818310455466562,1.271,1.438,1.169,0.809,1.203,1.0413915639445297,2.892,1.191,4.237871614157375,3.659,3.81716903160156,3.672,3.632,0.997,1.418
2022-01-06,3.043,1.183,1.213,3.796050389761751,3.628,0.791736577181208,1.844,1.5855,4.5885483550338,7.754234303603117,0.606,0.8420618574741353,1.092411725898934,1.2514744661639623,1.213,1.36,1.154,0.812,1.192,1.0067892912172571,2.832,1.181,4.043770624195968,3.666,3.809740568098305,3.669,3.627,0.981,1.38
2022-01-07,3.035,1.196,1.188,3.76546259834661,3.599,0.7950302013422819,1.834,1.5835,4.567110895727325,7.809085551469261,0.601,0.8539903307961719,1.1079620707515878,1.2681216225996332,1.219,1.353,1.141,0.82,1.188,1.0128495762711862,2.832,1.166,4.089060855186963,3.645,3.7832103413009626,3.643,3.598,0.984,1.378
2022-01-10,3.0,1.213,1.173,3.762298344062285,3.6,0.7828691275167785,1.816,1.566,4.555926134350033,7.751347395820689,0.598,0.8650352135017613,1.0797770707061527,1.243640510194235,1.204,1.33,1.141,0.825,1.179,0.998969568567026,2.81,1.159,3.9693652447107626,3.629,3.7779042959414944,3.64,3.6,0.983,1.361
2022-01-11,2.998,1.226,1.183,3.7886671297649928,3.617,0.7859093959731543,1.812,1.5655,4.578295657104616,7.773480355485974,0.601,0.8654770088099849,1.089496036239061,1.2534329551563943,1.188,1.323,1.138,0.832,1.181,1.0022929506933742,2.815,1.158,3.962895211712049,3.65,3.80549573181073,3.658,3.626,0.987,1.372
2022-01-12,2.984,1.238,1.163,3.8118716611833743,3.644,0.7912298657718121,1.801,1.5465,4.552197880557602,7.727289830967117,0.603,0.8747547102826799,1.0817208638127345,1.2739970895769288,1.173,1.288,1.141,0.831,1.183,1.008744221879815,2.832,1.155,3.975835277709476,3.676,3.826719913248603,3.678,3.649,0.986,1.35
2022-01-13,3.042,1.263,1.174,3.813981164039592,3.647,,,1.584,4.595072799170553,,0.609,,,1.305332913455839,1.187,1.317,1.147,,1.191,,2.837,1.172,4.08259082218825,3.69,,3.692,3.651,0.993,1.367
2022-01-14,2.975,1.247,1.136,3.812926412611484,3.65,0.7778020134228187,1.796,1.5545,4.497206137119253,7.650305623435689,0.594,0.8557575120290661,1.0749175879396986,1.2681216225996332,1.16,1.288,1.127,0.838,1.204,1.01,2.788,1.165,3.979070294208833,3.686,3.835209585823753,3.687,3.647,0.98,1.342
2022-01-17,3.0,1.255,1.127,3.801324146902292,3.639,0.7783087248322148,1.818,1.5695,4.4720404240203475,7.653192531218118,0.597,0.846479810556371,1.0817208638127345,1.2661631336072012,1.184,1.295,1.103,0.81,1.194,1.015,2.794,1.167,4.056710690193396,3.69,3.8203526588172414,3.689,3.635,0.98,1.366
2022-01-18,3.057,1.248,1.131,3.800269395474184,3.633,0.7795755033557047,1.85,1.5975,4.503730581256006,7.732101343937832,0.598,0.8570828979537368,1.1031025879851335,1.2602876666299057,1.209,1.32,1.115,0.813,1.186,1.015,2.796,1.166,4.098765904685033,3.672,3.819291449745348,3.673,3.641,0.988,1.39
2022-01-19,3.036,1.244,1.145,3.790776632621209,3.625,0.7598137583892618,1.842,1.5825,4.487885502638178,7.736912856908545,0.598,0.8615008510359726,1.0933836224522249,1.2661631336072012,1.212,1.32,1.12,0.822,1.17,0.99,2.754,1.143,4.072885772690179,3.663,3.8108017771701985,3.666,3.627,0.992,1.39
2022-01-20,2.973,1.245,1.135,3.844568955454732,3.67,0.7522130872483221,1.796,1.555,4.450602964713872,7.696496147954547,0.58,0.8804980492895864,1.0817208638127345,1.242661265698019,1.203,1.294,1.122,0.835,1.16,0.981,2.723,1.129,3.962895211712049,3.698,3.85749497633352,3.69,3.678,0.989,1.378
2022-01-21,2.957,1.278,1.152,3.834021441173649,3.666,0.734984899328859,1.79,1.552,4.483225185397639,7.631059571552832,0.58,0.8712203478168913,1.0554796568738811,1.2260141092623482,1.185,1.247,1.137,0.829,1.162,0.964,2.669,1.125,3.9305450467184815,3.789,3.8564337672616262,3.713,3.669,0.985,1.356
2022-01-24,2.929,1.269,1.146,3.8266381811768913,3.666,0.7258640939597316,1.772,1.533,4.436622012992258,7.510771747284975,0.561,0.8588500791866311,1.0350698292547729,1.2289518427509958,1.166,1.223,1.127,0.825,1.142,0.948,2.653,1.133,3.917604980721054,3.707,3.850066512830265,3.708,3.66,0.972,1.34
2022-01-25,2.94,1.258,1.142,3.8392951983141903,3.666,0.716236577181208,1.778,1.531,4.4384861398884725,7.532904706950261,0.562,0.8557575120290661,1.040901208574518,1.2495159771715303,1.182,1.252,1.119,0.817,1.123,0.938,2.61,1.123,4.030830558198541,3.72,3.851127721902158,3.707,3.669,0.976,1.355
2022-01-26,2.893,1.25,1.12,3.8392951983141903,3.69,0.7038221476510067,1.752,1.506,4.376037888865263,7.31349971548569,0.554,0.8265990216863102,1.0088286223159195,1.2358065542245076,1.158,1.23,1.094,0.8,1.123,0.922,2.599,1.111,3.9823053107081896,3.704,3.859617394477308,3.73,3.675,0.943,1.334
2022-01-27,2.889,1.234,1.133,3.7886671297649928,3.63,0.7000218120805368,1.754,1.5135,4.374173761969047,7.321198136238833,0.542,0.8292497935356516,1.0098005188692103,1.2397235322093711,1.165,1.225,1.106,0.804,1.121,0.912,2.588,1.096,3.9952453767056166,3.711,3.809740568098305,3.69,3.622,0.948,1.32
2022-01-28,2.848,1.227,1.114,3.7591340897779606,3.601,0.7038221476510067,1.715,1.478,4.321978208875021,7.178777352305691,0.536,0.8182049108300623,0.9893906912501022,1.2064292193380295,1.134,1.202,1.094,0.797,1.115,0.917,2.595,1.082,3.9467201292152647,3.634,3.7779042959414944,3.643,3.592,0.934,1.302
2022-02-07,2.87,1.258,1.111,3.7812838697682345,3.618,0.7271308724832215,1.735,1.49,4.31079344749773,7.1691543263642625,0.538,0.8151123436724972,0.9952220705698474,1.2044707303455977,1.128,1.212,1.091,0.791,1.135,0.948,2.675,1.1,3.9467201292152647,3.65,3.7980672683074745,3.65,3.62,0.94,1.3
2022-02-08,2.826,1.265,1.107,3.8076526554709416,3.64,0.7271308724832215,1.709,1.4755,4.311725510945838,7.211495640506548,0.529,0.8323423606932165,0.9942501740165564,1.2211178867812686,1.115,1.196,1.09,0.811,1.129,0.95,2.684,1.113,3.90142989822427,3.662,3.8161078225296663,3.668,3.639,0.941,1.282
2022-02-09,2.749,1.275,1.091,3.816090666895808,3.65,0.734731543624161,1.666,1.4375,4.293084241983685,7.302914386950119,0.528,0.8637098275770906,1.004941036102756,1.2240556202699162,1.082,1.178,1.106,0.83,1.137,0.96,2.708,1.116,3.755854155753215,3.678,3.828842331392391,3.678,3.653,0.951,1.256
2022-02-10,2.794,1.29,1.129,3.8361309440298657,3.678,0.7479060402684563,1.691,1.4555,4.334095033700421,7.384710107452262,0.533,0.8570828979537368,1.02049138095541,1.2651838891109854,1.099,1.209,1.11,0.835,1.153,0.98,2.751,1.124,3.794674353745497,3.695,3.850066512830265,3.697,3.668,0.962,1.262
2022-02-11,2.715,1.278,1.13,3.82136442403635,3.655,0.7311845637583892,1.636,1.4195,4.300540749568546,7.36738866075769,0.523,0.8712203478168913,1.011744311975792,1.2691008670958492,1.088,1.197,1.108,0.847,1.138,0.958,2.696,1.117,3.6490986112744417,3.668,3.838393213039434,3.689,3.654,0.962,1.232
2022-02-14,2.648,1.27,1.12,3.883594758294739,3.711,0.7116761744966443,1.6,1.372,4.268850592332887,7.2605730728078335,0.506,0.863268032268867,0.9855031050369388,1.2612669111261217,1.066,1.179,1.102,0.848,1.125,0.931,2.654,1.109,3.5649881822911658,3.7,3.8967597119935866,3.746,3.714,0.955,1.21
2022-02-15,2.653,1.26,1.129,3.899416029716363,3.73,0.7134496644295302,1.601,1.381,4.2390245619934435,7.2451762313015475,0.51,0.8429454480905825,0.9874468981435204,1.2828102900428724,1.073,1.181,1.058,0.831,1.126,0.932,2.647,1.101,3.623218479279587,3.758,3.91798389343146,3.761,3.73,0.947,1.219
2022-02-16,2.733,1.261,1.142,3.855116469735815,3.696,0.7266241610738254,1.656,1.4215,4.296812495776115,7.3317834647744045,0.535,0.8420618574741353,1.011744311975792,1.2916234905088155,1.114,1.2,1.067,0.827,1.126,0.948,2.67,1.105,3.8173194692409935,3.729,3.867045857980563,3.761,3.694,0.957,1.254
2022-02-17,2.716,1.269,1.14,3.880430504010414,3.702,0.7248506711409396,1.642,1.412,4.292152178535578,7.3125374128915475,0.533,0.8566411026455133,1.0146600016356646,1.2935819795012475,1.095,1.194,1.062,0.834,1.126,0.948,2.666,1.11,3.7332090402577176,3.758,3.894637293849799,3.757,3.712,0.959,1.241
2022-02-18,2.727,1.259,1.135,3.940551335412587,3.765,0.7050889261744966,1.654,1.427,4.287491861295039,7.2942536636028334,0.53,0.8411782668576882,1.0146600016356646,1.3356894928385328,1.099,1.193,1.05,0.83,1.115,0.921,2.622,1.098,3.8140844527416378,3.799,3.956187420019632,3.799,3.771,0.957,1.248
2022-02-21,2.739,1.24,1.148,3.930003821131504,3.755,0.7038221476510067,1.656,1.427,4.321046145426913,7.385672410046404,0.542,0.8615008510359726,1.0224351740619917,1.3405857153196123,1.1,1.199,1.06,0.848,1.118,0.92,2.612,1.099,3.8205544857403506,3.781,3.947697747444483,3.797,3.763,0.968,1.252
2022-02-22,2.689,1.221,1.141,3.9637558668309696,3.789,0.6916610738255033,1.629,1.41,4.278171226813963,7.376049384104976,0.533,0.8721039384333384,1.0292384499350276,1.3484196712893397,1.09,1.215,1.049,0.852,1.094,0.902,2.561,1.089,3.7849693042474257,3.829,3.9901461103202296,3.83,3.792,0.97,1.23
2022-02-23,2.683,1.211,1.125,3.94477034112502,3.782,0.6921677852348994,1.622,1.3955,4.268850592332887,7.334670372556833,0.529,0.8597336698030783,1.0321541395949003,1.3562536272590673,1.101,1.183,1.039,0.843,1.079,0.905,2.582,1.082,3.827024518739064,3.829,3.965738301666675,3.823,3.783,0.96,1.232
2022-02-24,2.721,1.202,1.115,3.9658653696871857,3.79,0.6729127516778524,1.652,1.425,4.278171226813963,7.411654580088261,0.536,0.8539903307961719,1.0428450016810995,1.360170605243931,1.16,1.232,1.043,0.834,1.068,0.875,2.5,1.071,3.92083999722041,3.815,3.979534019601293,3.828,3.795,0.973,1.271
2022-02-25,2.732,1.186,1.095,3.969029623971511,3.838,0.6835536912751677,1.648,1.4195,4.243684879233981,7.3702755685401184,0.531,0.837202109083676,1.0389574154679362,1.3611498497401469,1.176,1.233,1.029,0.82,1.042,0.895,2.542,1.069,3.9952453767056166,3.884,3.999696991967274,3.872,3.8,0.959,1.284
2022-02-28,2.763,1.166,1.096,3.9806318896807023,3.806,0.6898875838926174,1.669,1.44,4.25207345026695,7.371237871134262,0.543,0.8305751794603223,1.0399293120212272,1.372900783694738,1.161,1.253,1.02,0.809,1.039,0.9,2.563,1.077,4.030830558198541,3.841,3.9805952286731863,3.849,3.798,0.962,1.29
2022-03-01,2.8,1.161,1.105,3.9500440982655616,3.78,0.6990083892617449,1.695,1.454,4.276307099917748,7.415503790464833,0.546,0.8323423606932165,1.0506201741074268,1.401298874085,1.169,1.262,1.023,0.818,1.028,0.914,2.594,1.087,4.156996201673455,3.819,3.9721055560980374,3.821,3.777,0.967,1.301
2022-03-02,2.777,1.154,1.126,3.998562663958543,3.817,0.6944479865771812,1.679,1.453,4.277239163365856,7.406843067117547,0.544,0.8394110856247938,1.041873105127809,1.3670253167174424,1.16,1.283,1.023,0.83,1.016,0.906,2.575,1.09,4.085825838687606,3.843,4.012431500829997,3.888,3.826,0.97,1.28
2022-03-03,2.76,1.149,1.124,3.999617415386651,3.829,0.7028087248322148,1.672,1.441,4.278171226813963,7.463618920171976,0.544,0.8416200621659118,1.0515920706607176,1.3954234071077043,1.158,1.266,1.029,0.835,1.008,0.918,2.608,1.077,4.0664157396914655,3.872,4.026227218764615,3.872,3.83,0.975,1.285
2022-03-04,2.681,1.12,1.095,4.014383935380168,3.843,0.6868473154362416,1.625,1.4015,4.198945833724816,7.373162476322547,0.531,0.8526649448715011,1.0243789671685737,1.3768177616796018,1.119,1.233,1.018,0.844,0.979,0.896,2.573,1.053,3.914369964221697,3.872,4.04214535484302,3.88,3.85,0.973,1.25
2022-03-07,2.641,1.094,1.086,4.102983055341264,3.922,0.6726593959731543,1.601,1.384,4.156070915111865,7.351991819251404,0.53,0.8455962199399238,1.0175756912955372,1.3660460722212266,1.131,1.228,1.005,0.836,0.924,0.88,2.544,1.044,3.882019799228129,3.939,4.1259808715226205,3.945,3.937,0.964,1.249
2022-03-08,2.54,1.082,1.06,4.101928303913156,3.94,0.6640453020134228,1.548,1.329,4.051679808923812,7.198985706782691,0.514,0.8274826123027573,0.99813776022972,1.3523366492742035,1.098,1.198,0.985,0.832,0.903,0.866,2.53,1.028,3.775264254749356,3.966,4.120674826163152,3.971,3.927,0.954,1.217
2022-03-09,2.515,1.067,1.031,4.231662729570476,4.039,0.6582181208053691,1.528,1.3055,3.9817750503157407,6.957447755652835,0.501,0.8040674609669078,0.9680089670777032,1.270080111592065,1.111,1.16,0.968,0.805,0.901,0.856,2.489,1.007,3.7364440567570743,4.05,4.245897496646607,4.061,4.046,0.925,1.191
2022-03-10,2.552,1.077,1.046,4.075559518210448,3.906,0.679246644295302,1.534,1.318,4.007872826862754,6.909332625945692,0.498,0.7983241219600012,0.9748122429507392,1.2514744661639623,1.14,1.151,0.955,0.812,0.973,0.885,2.546,1.026,3.833494551737778,3.859,4.084593717718768,3.95,3.89,0.918,1.202
2022-03-11,2.502,1.036,1.03,4.13040659247208,3.933,0.6686057046979865,1.514,1.3105,3.9407642585990055,6.838122233979121,0.495,0.7969987360353306,0.9641213808645396,1.2416820212018032,1.099,1.141,0.921,0.78,0.945,0.872,2.53,1.009,3.797909370244853,3.966,4.140837798529132,3.976,3.945,0.913,1.185
2022-03-14,2.547,1.039,1.044,4.106147309625589,3.934,0.6637919463087248,1.54,1.339,3.961269654457374,6.95263624268212,0.519,0.8076018234326964,0.9718965532908664,1.2338480652320756,1.104,1.147,0.939,0.8,0.964,0.868,2.53,1.016,3.791439337246139,3.92,4.122797244306939,3.98,3.921,0.914,1.199
2022-03-15,2.455,0.98,0.996,4.050245483935849,3.88,0.6516308724832215,1.483,1.287,3.8540823579249968,6.787120196489549,0.502,0.7908136017202005,0.9514867256717584,1.1917405518947906,1.066,1.146,0.932,0.793,0.99,0.853,2.514,1.012,3.671743726769939,3.905,4.080348881431193,3.948,3.878,0.9,1.158
2022-03-16,2.46,0.974,0.97,4.050245483935849,3.82,0.6678456375838926,1.498,1.2885,3.760876013114235,6.536921522012407,0.494,0.7457504802813958,0.925245518732905,1.1731349064666876,1.063,1.121,0.919,0.749,0.986,0.874,2.55,1.02,3.7202689742602906,3.842,4.026227218764615,3.876,3.824,0.862,1.155
2022-03-17,2.595,1.08,0.988,4.001726918242868,3.825,0.6924211409395973,1.563,1.349,3.9361039413584673,6.736118158999978,0.511,0.7572371582952088,0.9495429325651766,1.2093669528266773,1.12,1.158,0.974,0.77,1.034,0.904,2.614,1.05,3.878784782728773,3.855,4.013492709901891,3.863,3.83,0.886,1.189
2022-03-18,2.61,1.081,1.011,4.034424212514225,3.857,0.6964748322147651,1.58,1.364,3.923987116533069,6.737080461594121,0.519,0.7704910175419161,0.954402415331631,1.2025122413531657,1.108,1.15,0.96,0.77,1.03,0.909,2.628,1.052,3.830259535238421,3.881,4.047451400202489,3.894,3.86,0.888,1.18
2022-03-21,2.639,1.12,1.019,4.004891172527193,3.841,0.7131963087248322,1.594,1.3745,3.973386479282772,6.851594470297121,0.53,0.7952315548024363,0.9796717257171936,1.2358065542245076,1.111,1.142,0.965,0.804,1.022,0.931,2.673,1.061,3.846434617735205,3.881,4.019859964333253,3.884,3.839,0.9,1.189
2022-03-22,2.623,1.093,1.014,4.027040952517467,3.853,0.7109161073825503,1.586,1.373,3.944492512391436,6.848707562514692,0.528,0.7903718064119769,0.9777279326106116,1.2446197546904507,1.108,1.153,0.951,0.788,1.023,0.927,2.667,1.072,3.856139667233275,3.878,4.040022936699232,3.89,3.854,0.903,1.194
2022-03-23,2.619,1.13,1.024,4.018602941092601,3.845,0.7291577181208054,1.584,1.3645,3.968726162042234,6.886237363686263,0.521,0.8076018234326964,0.9816155188237752,1.25441219965261,1.104,1.142,0.959,0.804,1.033,0.953,2.71,1.085,3.862609700231989,3.899,4.032594473195977,3.907,3.841,0.91,1.186
2022-03-24,2.605,1.129,1.016,4.060792998216932,3.883,0.7220637583892617,1.578,1.3585,3.961269654457374,6.872765127368264,0.526,0.8084854140491435,0.9767560360573208,1.2504952216677463,1.089,1.16,0.95,0.805,1.017,0.942,2.683,1.075,3.791439337246139,4.259,4.085654926790661,3.918,3.885,0.909,1.182
2022-03-25,2.612,1.119,1.007,4.095599795344506,3.914,0.736758389261745,1.578,1.364,3.956609337216835,6.855443680673692,0.542,0.8045092562751314,0.9728684498441572,1.2622461556223377,1.082,1.154,0.947,0.803,1.019,0.96,2.712,1.088,3.7720292382499983,3.934,4.107940317300428,3.946,3.912,0.906,1.182
2022-03-28,2.54,1.096,0.98,4.0871617839196395,3.905,0.7352382550335571,1.543,1.33,3.85315029447689,6.73323125121755,0.521,0.8023002797340135,0.954402415331631,1.2328688207358596,1.048,1.133,0.927,0.803,1.021,0.959,2.729,1.082,3.629688512278302,3.942,4.103695481012854,3.948,3.906,0.892,1.143
2022-03-29,2.517,,0.979,4.023876698233142,3.842,0.7489194630872483,1.529,1.3125,3.87272362688715,6.793856314648549,0.522,0.8093690046655907,0.9592618980980852,1.2289518427509958,1.052,1.129,0.94,0.821,,0.975,,,3.6329235287776576,3.884,4.05063502741817,3.906,3.86,0.899,1.14
2022-03-30,2.527,1.135,0.982,4.016493438236384,3.84,0.7628540268456376,1.53,1.315,3.8717915634390416,6.779421775736407,0.529,0.8058346421998022,0.954402415331631,1.2348273097282914,1.032,1.132,0.936,0.819,1.06,0.992,1.395,1.079,3.6393935617763713,3.874,4.037900518555445,3.879,3.84,0.9,1.132
2022-03-31,2.595,1.135,1.003,4.015438686808276,3.841,0.7577869127516779,1.572,1.355,3.951016956528189,6.881425850715549,0.534,0.8235064545287452,0.968980863630994,1.2475574881790987,1.041,1.145,0.96,0.83,1.054,0.984,1.386,1.086,3.7493841227545017,3.876,4.031533264124083,3.882,3.843,0.911,1.155
2022-04-01,2.55,1.106,0.999,4.023876698233142,3.847,0.7461325503355705,1.549,1.3355,3.9025496572265936,6.789044801677835,0.53,0.831016974768546,0.946627242905304,1.212304686315325,1.013,1.12,0.951,0.839,1.04,0.967,1.365,1.074,3.6038083802834473,3.876,4.037900518555445,3.89,3.85,0.903,1.128
2022-04-06,2.566,1.136,1.012,4.019657692520709,3.846,0.7410654362416107,1.558,1.34,3.95474521032062,6.880463548121407,0.534,0.8389692903165703,0.95343051877834,1.2220971312774844,1.018,1.123,0.962,0.855,1.028,0.964,1.36,1.063,3.6329235287776576,3.88,4.038961727627339,3.918,3.842,0.908,1.132
2022-04-07,2.535,1.123,1.003,4.007000675383409,3.835,0.7261174496644296,1.535,1.3245,3.949152829631974,6.849669865108835,0.525,0.8601754651113019,0.9485710360118856,1.2113254418191093,0.98,1.097,0.968,0.868,1.001,0.944,1.351,1.031,3.519697951300171,3.868,4.027288427836509,3.881,3.838,0.91,1.096
2022-04-08,2.496,1.113,0.993,4.029150455373683,3.852,0.7271308724832215,1.512,1.3045,3.922122989636853,6.732268948623407,0.521,0.8438290387070295,0.9359363808191044,1.2044707303455977,0.971,1.087,0.952,0.852,0.997,0.946,1.356,1.031,3.497052835804673,3.877,4.0442677729868075,3.89,3.858,0.895,1.082
2022-04-11,2.46,1.111,0.984,4.057628743932607,3.884,0.718010067114094,1.496,1.2975,3.9193267992925303,6.697626055234264,0.513,0.854873921412619,0.9223298290730324,1.2054499748418137,0.961,1.068,0.96,0.864,1.008,0.934,1.355,1.035,3.4291174893181813,3.905,4.072920417927937,3.915,3.885,0.895,1.062
2022-04-12,2.386,1.094,0.97,4.07450476678234,3.892,0.7002751677852348,1.446,1.247,3.824256327585553,6.523449285694407,0.506,0.8354349278507817,0.8970605186874698,1.1447368160764255,0.917,1.019,0.936,0.853,0.986,0.91,1.33,1.001,3.264131647850985,3.931,4.117491198947471,3.941,3.901,0.869,1.026
2022-04-13,2.418,1.088,1.003,4.090326038203965,3.908,0.7010352348993288,1.461,1.259,3.868995373094718,6.601395795819979,0.515,0.8354349278507817,0.8980324152407607,1.167259439489392,0.924,1.029,0.958,0.846,0.99,0.912,1.329,1.009,3.296481812844553,3.939,4.1005118537971725,3.952,3.914,0.885,1.028
2022-04-14,2.42,1.1,1.01,4.118804326762889,3.93,0.7129429530201342,1.463,1.254,3.8922969592974095,6.572526717995693,0.509,0.8248318404534158,0.896088622134179,1.2044707303455977,0.915,1.016,0.965,0.844,0.996,0.927,1.345,1.022,3.332066994337478,3.964,4.123858453378833,3.974,3.94,0.879,1.012
2022-04-15,2.36,1.096,1.029,4.1124758181942385,3.933,0.6992617449664429,1.434,1.241,3.877383944127688,6.593697375066836,0.506,0.8363185184672288,0.889285346261143,1.1907613073985746,0.912,1.007,0.965,0.864,0.996,0.906,1.327,1.035,3.225311449858704,3.965,4.130225707810196,3.978,3.938,0.883,1.005
2022-04-18,2.361,1.091,1.025,4.1409541067531626,3.962,0.6906476510067114,1.429,1.2355,3.863402992406073,6.505165536405693,0.512,0.837202109083676,0.8795663807282342,1.168238683985608,0.919,1.005,0.953,0.858,0.981,0.898,1.328,1.018,3.170316169369639,3.991,4.169490443470261,4.007,3.963,0.871,1.01
2022-04-19,2.398,1.081,1.043,4.123023332475322,3.945,0.6992617449664429,1.45,1.25,3.877383944127688,6.567715205024979,0.513,0.8199720920629565,0.889285346261143,1.1750933954591196,0.956,1.039,0.938,0.844,0.986,0.909,1.334,1.01,3.277071713848412,4.0,4.145082634816707,4.009,3.939,0.877,1.041
2022-04-20,2.376,1.081,1.04,4.08083327535099,3.903,0.7121828859060403,1.437,1.246,3.851286167580674,6.59177276987855,0.502,0.8265990216863102,0.8941448290275973,1.1750933954591196,0.938,1.041,0.933,0.85,0.995,0.923,1.355,1.011,3.241486532355488,3.912,4.084593717718768,3.972,3.897,0.882,1.033
2022-04-21,2.27,1.07,1.033,4.09349029248829,3.914,0.7104093959731543,1.376,1.185,3.776721091732064,6.428181328874264,0.492,0.8058346421998022,0.8747068979617799,1.1280896596407548,0.922,1.018,0.913,0.84,1.014,0.923,1.361,1.052,3.1088508558818604,3.936,4.105817899156641,3.937,3.921,0.857,1.005
2022-04-22,2.221,1.05,1.018,4.121968581047214,3.937,0.6954614093959731,1.344,1.16,3.695631571746702,6.216474758162837,0.478,0.7753507659323753,0.8387467254900178,1.0693349898677988,0.901,0.987,0.91,0.82,1.018,0.901,1.336,1.021,2.9794501959075896,3.971,4.13447054409777,3.977,3.941,0.835,0.998
2022-04-25,2.177,1.068,1.001,4.107202061053697,3.94,0.6820335570469799,1.321,1.14,3.67699030278455,6.107734565024695,0.472,0.7859538533297411,0.8163931047643279,1.0477916109510483,0.865,0.96,0.901,0.827,0.995,0.885,1.317,1.02,2.9082798329217403,3.95,4.132348125953983,3.987,3.924,0.826,0.965
2022-04-26,2.103,1.049,0.983,4.078723772494773,3.908,0.6992617449664429,1.273,1.1015,3.556754117978667,5.810383063434553,0.456,0.7439832990485015,0.7658544839932029,0.9831614742007968,0.821,0.906,0.888,0.796,1.0,0.905,1.327,1.02,2.7627040904506854,3.929,4.084593717718768,3.969,3.896,0.786,0.924
2022-04-27,2.066,1.043,0.981,4.073450015354232,3.902,0.6739261744966443,1.252,1.0685,3.5148112628138244,5.690095239166696,0.457,0.720568147712652,0.7405851736076403,0.9400747163672956,0.783,0.853,0.834,0.797,0.993,0.875,1.299,1.003,2.652713529472555,3.929,4.088838554006342,3.942,3.899,0.765,0.899
2022-04-28,2.172,1.058,1.008,4.048135981079633,3.883,0.6802600671140939,1.311,1.134,3.608949671072694,5.831553720505695,0.47,0.7461922755896194,0.7736296564195299,1.024289743041866,0.84,0.915,0.851,0.798,0.986,0.882,1.306,1.014,2.9179848824198107,3.922,4.0707979997841495,3.924,3.871,0.793,0.935
2022-04-29,2.166,1.077,1.019,4.1124758181942385,3.933,0.6967281879194631,1.315,1.132,3.662077287614828,5.882555757995267,0.469,0.7519356145965258,0.7823767253991476,1.0321236990115934,0.851,0.937,0.862,0.82,0.995,0.902,1.336,1.024,2.972980162908876,3.95,4.122797244306939,3.985,3.937,0.804,0.948
2022-05-05,2.2,1.122,1.014,4.105092558197481,3.936,0.7023020134228187,1.33,1.1475,3.7096125234683166,6.085601605359408,0.476,0.7665148597679039,0.8076460357847101,1.0771689458375264,0.862,0.987,0.867,0.833,1.013,0.915,1.354,1.037,3.044150525894725,3.963,4.130225707810196,3.984,3.926,0.826,0.984
2022-05-06,2.16,1.083,1.0,4.081888026779098,3.9,0.6696191275167784,1.312,1.1335,3.658349033822397,6.024014239334266,0.47,0.7691656316172454,0.8086179323380009,1.0419161439737528,0.85,0.997,0.852,0.823,0.988,0.873,1.3,1.033,3.0085653444018003,3.935,4.106879108228535,3.973,3.9,0.836,0.971
2022-05-09,2.165,1.068,0.981,4.119859078190997,3.935,0.6673389261744966,1.312,1.128,3.61454205176134,5.992258253727552,0.467,0.7510520239800786,0.8086179323380009,1.024289743041866,0.846,1.007,0.84,0.8,0.973,0.868,1.295,1.008,3.002095311403087,3.96,4.1281032896664085,3.965,3.942,0.818,0.977
2022-05-10,2.136,1.038,0.972,4.09349029248829,3.927,0.6460570469798658,1.295,1.1115,3.5725991965964967,5.995145161509981,0.46,0.7554699770623144,0.8134774151044553,1.0193935205607862,0.831,1.015,0.838,0.809,0.959,0.84,1.272,1.002,3.002095311403087,3.946,4.103695481012854,3.974,3.919,0.823,0.975
2022-05-11,2.206,1.057,0.993,4.050245483935849,3.87,0.6577114093959732,1.331,1.149,3.6434360186526753,6.167397325861551,0.47,0.7563535676787616,0.8426343117031813,1.0468123664548323,0.876,1.046,0.857,0.817,0.982,0.856,1.274,1.007,3.1606111198715685,3.9,4.075042836071724,3.946,3.873,0.839,1.013
2022-05-12,2.256,1.057,0.989,4.099818801056939,3.9,0.6394697986577181,1.366,1.1795,3.686310937265626,6.189530285526837,0.476,0.7563535676787616,0.8406905185965996,1.0605217894018557,0.9,1.029,0.858,0.815,0.983,0.837,1.256,1.005,3.2479565653542015,3.933,4.109001526372322,3.958,3.919,0.84,1.038
2022-05-13,2.29,1.067,1.001,4.055519241076391,3.92,0.6435234899328859,1.384,1.1895,3.7170690310531778,6.229946994480837,0.488,0.7572371582952088,0.8572127600025443,1.067376500875367,0.92,1.043,0.869,0.822,0.987,0.838,1.268,1.026,3.2673666643503423,3.919,4.089899763078236,3.956,3.886,0.842,1.065
2022-05-16,2.295,1.095,1.0,4.041807472510983,3.87,0.6630318791946309,1.387,1.195,3.728253792430469,6.327139556489265,0.486,0.7753507659323753,0.8630441393222895,1.0761897013413104,0.918,1.051,0.877,0.843,1.006,0.864,1.297,1.05,3.2803067303477693,3.89,4.063369536280894,3.923,3.877,0.85,1.063
2022-05-17,2.256,1.097,0.988,4.046026478223416,3.869,0.6554312080536913,1.367,1.1795,3.690971254506164,6.267476795652408,0.475,0.7828612861721762,0.8591565531091261,1.0712934788602309,0.901,1.037,0.861,0.844,1.001,0.854,1.286,1.042,3.2285464663580608,3.893,4.053818654633851,3.902,3.872,0.846,1.036
2022-05-18,2.291,1.115,0.993,4.0365337153704415,3.86,0.662525167785235,1.386,1.196,3.7347782365672217,6.296345873476694,0.472,0.7762343565488224,0.8659598289821621,1.108504769716436,0.935,1.05,0.869,0.836,1.018,0.867,1.302,1.046,3.357947126332332,3.875,4.028349636908402,3.862,3.841,0.853,1.054
2022-05-19,2.255,1.093,0.975,4.023876698233142,3.85,0.6333892617449665,1.364,1.185,3.678854429680765,6.206851732221408,0.461,0.7718164034665869,0.8533251737893809,1.0840236573110378,0.918,1.041,0.857,0.82,0.998,0.825,1.25,1.034,3.325596961338764,3.868,4.027288427836509,3.875,3.852,0.838,1.041
2022-05-20,2.317,1.108,0.977,4.041807472510983,3.87,0.6374429530201342,1.403,1.203,3.7468950613926206,6.347347910966265,0.468,0.7709328128501397,0.8747068979617799,1.125151926152107,0.951,1.066,0.872,0.837,1.003,0.831,1.249,1.038,3.519697951300171,3.89,4.060185909065213,3.92,3.87,0.851,1.084
2022-05-23,2.347,1.106,1.002,4.049190732507741,3.875,0.6346560402684563,1.416,1.2245,3.8018868048309704,6.447427380757122,0.483,0.781977695555729,0.8863696566012703,1.150612283053721,0.956,1.059,0.88,0.84,1.012,0.832,1.246,1.049,3.5261679842988847,3.905,4.067614372568468,3.911,3.875,0.869,1.088
2022-05-24,2.331,1.093,0.998,4.049190732507741,3.872,0.623761744966443,1.412,1.217,3.7711287110434193,6.451276591133693,0.48,0.7771179471652696,0.8941448290275973,1.169217928481824,0.957,1.057,0.883,0.834,0.999,0.83,1.245,1.047,3.503522868803387,3.904,4.065491954424681,3.915,3.872,0.872,1.085
2022-05-25,2.246,1.08,0.98,4.067121506785582,3.887,0.6169211409395973,1.359,1.1745,3.690971254506164,6.235720810045694,0.46,0.7572371582952088,0.8611003462157077,1.1300481486331866,0.922,1.019,0.86,0.818,1.008,0.813,1.241,1.043,3.3741222088291156,3.917,4.079287672359299,3.925,3.892,0.843,1.038
2022-05-26,2.254,1.091,0.985,4.060792998216932,3.891,0.6260419463087249,1.366,1.175,3.71240871381264,6.333875674648265,0.464,0.7669566550761274,0.8747068979617799,1.1447368160764255,0.926,1.028,0.865,0.835,1.022,0.823,1.256,1.052,3.416177423320754,3.924,4.079287672359299,3.93,3.888,0.857,1.047
2022-05-27,2.268,1.116,0.985,4.085052281063423,3.913,0.6432701342281879,1.379,1.18,3.7487591882888367,6.428181328874264,0.461,0.7731417893912576,0.8873415531545612,1.154529261038585,0.926,1.079,0.883,0.841,1.029,0.841,1.285,1.058,3.4517626048136782,3.937,4.1015730628690665,3.95,3.913,0.869,1.052
2022-05-30,2.262,1.128,0.985,4.068176258213691,3.902,0.6688590604026846,1.369,1.178,3.7468950613926206,6.428181328874264,0.465,0.7749089706241518,0.8795663807282342,1.140819838091562,0.916,1.067,0.878,0.846,1.056,0.878,1.318,1.07,3.4226474563194675,3.951,4.112185153588003,3.964,3.893,0.867,1.037
2022-05-31,2.276,1.129,0.998,4.051300235363958,3.876,0.6645520134228189,1.379,1.1875,3.75155537863316,6.438766657409836,0.467,0.7775597424734932,0.889285346261143,1.1457160605726415,0.927,1.075,0.872,0.846,1.056,0.871,1.303,1.065,3.4679376873104624,3.888,4.0707979997841495,3.921,3.873,0.871,1.042
2022-06-01,2.333,1.149,1.026,4.021767195376926,3.853,0.6615117449664429,1.41,1.211,3.811207439312047,6.538846127200693,0.477,0.7771179471652696,0.8941448290275973,1.1417990825877775,0.939,1.077,0.883,0.84,1.045,0.87,1.305,1.059,3.516462934800814,3.876,4.053818654633851,3.915,3.846,0.878,1.07
2022-06-02,2.341,1.135,1.015,4.049190732507741,3.873,0.6594848993288591,1.417,1.225,3.789769980005571,6.532110009041693,0.473,0.7841866720968469,0.9019200014539244,1.1349443711142664,0.94,1.08,0.877,0.846,1.043,0.863,1.295,1.054,3.519697951300171,3.893,4.065491954424681,3.907,3.876,0.882,1.071
2022-06-06,2.38,1.137,1.013,4.049190732507741,3.874,0.6564446308724833,1.436,1.242,3.8140036296563697,6.60524500619655,0.469,0.7757925612405989,0.9096951738802512,1.155508505534801,0.985,1.114,0.883,0.838,1.036,0.858,1.289,1.052,3.626453495778944,3.897,4.067614372568468,3.909,3.867,0.889,1.132
2022-06-07,2.474,1.15,1.022,4.027040952517467,3.849,0.6541644295302013,1.498,1.292,3.878316007575795,6.725532830464407,0.482,0.7833030814803997,0.9349644842658136,1.2162216643001889,1.01,1.125,0.903,0.839,1.056,0.856,1.292,1.064,3.843199601235848,3.878,4.0463901911305955,3.896,3.85,0.906,1.166
2022-06-08,2.477,1.169,1.036,4.040752721082875,3.862,0.659991610738255,1.491,1.289,3.9006855303303776,6.724570527870264,0.491,0.7894882157955297,0.932048794605941,1.2181801532926206,0.987,1.12,0.908,0.835,1.053,0.865,1.305,1.06,3.8140844527416378,3.887,4.051696236490064,3.899,3.87,0.906,1.155
2022-06-09,2.477,1.188,1.047,4.0629025010731485,3.88,0.6584714765100671,1.499,1.293,3.9286474337736066,6.755364210882835,0.498,0.7930225782613184,0.9301050014993592,1.2289518427509958,0.984,1.11,0.924,0.844,1.048,0.862,1.296,1.058,3.794674353745497,3.909,4.075042836071724,3.929,3.891,0.913,1.152
2022-06-10,2.408,1.159,1.034,4.049190732507741,3.874,0.6437768456375839,1.451,1.262,3.87645188067958,6.647586320338836,0.483,0.7881628298708591,0.9145546566467052,1.2113254418191093,0.947,1.08,0.915,0.844,1.015,0.842,1.268,1.045,3.7202689742602906,3.916,4.066553163496574,3.92,3.87,0.903,1.12
2022-06-13,2.458,1.16,1.037,4.116694823906672,3.944,0.6146409395973155,1.474,1.285,3.923987116533069,6.773647960171549,0.484,0.793464373569542,0.9359363808191044,1.2446197546904507,0.96,1.118,0.933,0.848,0.984,0.818,1.23,1.019,3.830259535238421,3.954,4.117491198947471,3.976,3.94,0.919,1.135
2022-06-14,2.443,1.136,1.029,4.0439169753672,3.875,0.602226510067114,1.476,1.28,3.882044261368226,6.738042764188264,0.477,0.7855120580215176,0.9407958635855588,1.2602876666299057,0.945,1.111,0.92,0.831,0.959,0.788,1.2,1.01,3.856139667233275,3.896,4.085654926790661,3.941,3.865,0.91,1.121
2022-06-15,2.476,1.151,1.058,4.009110178239626,3.83,0.604253355704698,1.492,1.289,3.945424575839543,6.856405983267835,0.485,0.7961151454188834,0.9446834497987222,1.272038600584497,0.934,1.102,0.99,0.846,0.964,0.798,1.196,1.004,3.8917248487262,3.856,4.033655682267871,3.889,3.832,0.924,1.117
2022-06-16,2.498,1.165,1.063,4.014383935380168,3.837,0.6141342281879194,1.508,1.303,4.0060086999665385,6.846782957326407,0.492,0.8023002797340135,0.9427396566921404,1.2661631336072012,0.947,1.104,1.011,0.851,0.973,0.817,1.21,1.017,3.846434617735205,3.869,4.031533264124083,3.883,3.843,0.919,1.113
2022-06-17,2.482,1.126,1.064,4.041807472510983,3.866,0.5867718120805369,1.507,1.3025,3.952881083424405,6.812140063937263,0.494,0.7961151454188834,0.9437115532454314,1.256370688645042,0.951,1.1,0.96,0.838,0.929,0.778,1.166,0.993,3.8529046507339184,3.912,4.064430745352787,3.917,3.869,0.917,1.114
2022-06-20,2.59,1.136,1.09,4.0386432182266585,3.87,0.5918389261744966,1.562,1.3485,4.03676679375409,6.907408020757406,0.515,0.7939061688777656,0.9631494843112488,1.3072914024482705,0.963,1.118,0.962,0.836,0.936,0.793,1.167,0.985,4.08259082218825,3.896,4.0707979997841495,3.91,3.868,0.928,1.144
2022-06-21,2.626,1.147,1.094,4.029150455373683,3.856,0.5963993288590604,1.582,1.3705,4.047019491683273,6.900671902598407,0.521,0.7956733501106599,0.9709246567375756,1.2847687790353042,0.968,1.124,0.961,0.833,0.946,0.797,1.173,0.993,4.121411020180531,3.888,4.051696236490064,3.899,3.859,0.927,1.139
2022-06-22,2.614,1.16,1.092,4.02493144966125,3.847,0.6027332214765101,1.578,1.364,4.045155364787059,6.851594470297121,0.517,0.796556940727107,0.960233794651376,1.240702776705587,0.959,1.105,0.958,0.836,0.944,0.808,1.186,0.993,4.053475673694038,3.885,4.036839309483551,3.889,3.847,0.921,1.131
2022-06-23,2.601,1.148,1.083,4.030205206801792,3.857,0.6050134228187919,1.566,1.351,3.9994842558297856,6.750552697912121,0.51,0.7837448767886234,0.9475991394585948,1.2367857987207234,0.924,1.081,0.942,0.828,0.937,0.806,1.188,0.988,4.098765904685033,3.88,4.053818654633851,3.897,3.859,0.909,1.11
2022-06-24,2.697,1.163,1.092,4.007000675383409,3.825,0.6121073825503356,1.629,1.4,4.077777585470825,6.909332625945692,0.513,0.7952315548024363,0.9718965532908664,1.2495159771715303,0.953,1.15,0.98,0.828,0.934,0.817,1.198,0.988,4.208756465663163,3.879,4.03047205505219,3.877,3.822,0.925,1.132
2022-06-27,2.751,1.184,1.114,4.015438686808276,3.839,0.6316157718120805,1.659,1.428,4.128109011668637,6.991128346447834,0.527,0.799649507884672,0.9845312084836476,1.2455989991866667,0.965,1.176,0.983,0.825,0.937,0.84,1.23,0.996,4.318747026641294,3.86,4.028349636908402,3.865,3.842,0.935,1.159
2022-06-28,2.739,1.198,1.136,4.0112196810958425,3.842,0.6303489932885906,1.651,1.43,4.157002978559973,7.007487490548263,0.535,0.8062764375080257,0.9942501740165564,1.2945612239974635,0.974,1.171,0.977,0.834,0.94,0.833,1.235,0.994,4.296101911145796,3.869,4.026227218764615,3.889,3.835,0.94,1.151
2022-06-29,2.734,1.204,1.143,3.999617415386651,3.826,0.6108406040268456,1.652,1.4235,4.192421389588063,7.109491565527406,0.533,0.8106943905902614,1.0029972429961742,1.3121876249293505,1.004,1.193,0.981,0.84,0.935,0.805,1.208,0.99,4.360802241132932,3.86,4.016676337117572,3.867,3.83,0.954,1.16
2022-06-30,2.689,1.188,1.126,4.001726918242868,3.828,0.6095738255033557,1.622,1.4,4.151410597871327,7.005562885359978,0.533,0.8062764375080257,0.9816155188237752,1.2651838891109854,0.991,1.161,0.968,0.845,0.93,0.806,1.207,0.984,4.179641317168953,3.854,4.019859964333253,3.868,3.827,0.941,1.139
2022-07-01,2.728,1.187,1.16,3.974303381112052,3.797,0.602986577181208,1.647,1.424,4.212926785446429,7.0546403176612635,0.549,0.8120197765149322,0.9903625878033928,1.286727268027736,1.012,1.172,0.977,0.85,0.908,0.801,1.196,0.977,4.286396861647726,3.846,3.993329737535911,3.842,3.798,0.949,1.152
2022-07-04,2.682,1.18,1.148,3.9648106182590777,3.791,0.6017197986577181,1.622,1.4,4.17378012062591,7.05367801506712,0.549,0.8137869577478265,0.9952220705698474,1.296519712989895,0.99,1.167,0.962,0.849,0.91,0.8,1.197,0.969,4.270221779150942,3.82,3.986962483104549,3.831,3.794,0.947,1.135
2022-07-05,2.758,1.198,1.164,3.9711391268277274,3.798,0.601,1.66,1.4305,4.218519166135075,7.153757484857977,0.573,0.8177631155218387,1.0029972429961742,1.3327517593498848,0.978,1.202,0.968,0.842,0.908,0.806,1.213,0.974,4.376977323629716,3.83,3.986962483104549,3.838,3.799,0.964,1.145
2022-07-06,2.734,1.19,1.151,3.913127798281771,3.737,0.612,1.649,1.428,4.194285516484277,7.1056423551508345,0.572,0.8137869577478265,0.9991096567830108,1.3249178033801574,0.975,1.187,0.953,0.849,0.888,0.822,1.216,0.971,4.370507290631002,3.793,3.9243511478628217,3.78,3.733,0.961,1.136
2022-07-07,2.721,1.166,1.128,3.8361309440298657,3.673,0.613,1.64,1.4265,4.143022026838358,7.029620450213549,0.559,0.7992077125764484,0.9884187946968112,1.3072914024482705,0.995,1.18,0.942,0.831,0.878,0.821,1.214,0.968,4.373742307130359,3.72,3.85749497633352,3.711,3.68,0.95,1.153
2022-07-08,2.779,1.19,1.135,3.840349949742299,3.673,0.626,1.669,1.44,4.185896945451309,7.096981631803549,0.552,0.8009748938093427,1.0010534498895929,1.3249178033801574,0.998,1.203,0.946,0.836,0.887,0.839,1.236,0.982,4.525788082600128,3.702,3.85749497633352,3.703,3.67,0.954,1.165
2022-07-11,2.729,1.175,1.13,3.8392951983141903,3.666,0.622,1.648,1.425,4.143954090286466,6.994977556824406,0.553,0.7983241219600012,0.9893906912501022,1.301415935470975,0.99,1.189,0.932,0.834,0.884,0.832,1.23,0.988,4.3381571256374345,3.704,3.8553725581897327,3.708,3.665,0.948,1.145
2022-07-12,2.682,1.148,1.116,3.822419175464458,3.657,0.612,1.615,1.4,4.084302029607579,6.926654072640264,0.549,0.7881628298708591,0.9796717257171936,1.2524537106601783,0.966,1.173,0.927,0.832,0.873,0.815,1.219,0.97,4.231401581158662,3.692,3.839454422111328,3.701,3.654,0.937,1.126
2022-07-13,2.628,1.146,1.111,3.8245286783206742,3.654,0.611,1.587,1.3725,4.059136316508673,6.852556772891264,0.528,0.7912553970284241,0.9631494843112488,1.2328688207358596,0.939,1.15,0.928,0.836,0.874,0.815,1.215,0.966,4.176406300669596,3.68,3.84582167654269,3.706,3.654,0.928,1.096
2022-07-14,2.653,1.139,1.114,3.8245286783206742,3.651,0.609,1.6,1.3855,4.059136316508673,6.866029009209263,0.53,0.7855120580215176,0.968980863630994,1.2338480652320756,0.922,1.15,0.924,0.836,0.868,0.814,1.21,0.966,4.276691812149656,3.678,3.8341483767518594,3.69,3.659,0.931,1.097
2022-07-15,2.729,1.131,1.107,3.8023788983304,3.64,0.613,1.652,1.425,4.054475999268135,6.897784994815978,0.54,0.7868374439461883,0.9816155188237752,1.2358065542245076,0.932,1.176,0.917,0.824,0.858,0.818,1.21,0.965,4.386682373127787,3.661,3.822475076961029,3.685,3.635,0.932,1.124
2022-07-18,2.685,1.124,1.101,3.798159892617967,3.629,0.625,1.623,1.394,4.019057588240046,6.813102366531407,0.53,0.7665148597679039,0.9728684498441572,1.2240556202699162,0.932,1.16,0.9,0.807,0.878,0.834,1.229,0.976,4.351097191634862,3.668,3.815046613457773,3.671,3.636,0.917,1.127
2022-07-19,2.715,1.137,1.1,3.789721881193101,3.629,0.621,1.632,1.4145,4.042359174442735,6.933390190799264,0.53,0.7828612861721762,0.991334484356684,1.2377650432169394,0.928,1.163,0.914,0.826,0.884,0.829,1.222,0.982,4.367272274131646,3.669,3.815046613457773,3.673,3.623,0.93,1.117
2022-07-20,2.682,1.146,1.107,3.794995638333642,3.626,0.639,1.62,1.4,4.045155364787059,6.991128346447834,0.527,0.7872792392544119,1.0010534498895929,1.243640510194235,0.935,1.175,0.926,0.827,0.922,0.852,1.255,0.998,4.276691812149656,3.653,3.811862986242092,3.666,3.628,0.933,1.115
2022-07-21,2.674,1.142,1.103,3.77179110691526,3.606,0.647,1.614,1.397,4.021853778584369,7.04020577874912,0.527,0.7903718064119769,1.011744311975792,1.2504952216677463,0.933,1.212,0.92,0.828,0.919,0.861,1.261,1.002,4.270221779150942,3.649,3.78533275944475,3.648,3.605,0.944,1.128
2022-07-22,2.694,1.138,1.095,3.8076526554709416,3.649,0.652,1.621,1.398,4.008804890310862,6.980543017912263,0.529,0.7841866720968469,1.0068848292093378,1.2289518427509958,0.964,1.196,0.917,0.818,0.919,0.868,1.27,1.015,4.237871614157375,3.661,3.8299035404642847,3.672,3.647,0.93,1.148
2022-07-25,2.647,1.127,1.093,3.8266381811768913,3.653,0.645,1.595,1.384,3.99389187514114,6.909332625945692,0.522,0.7780015377817168,0.9971658636764292,1.2260141092623482,0.938,1.201,0.915,0.814,0.915,0.858,1.258,1.02,4.205521449163807,3.678,3.8341483767518594,3.709,3.656,0.921,1.136
2022-07-26,2.628,1.133,1.1,3.828747684033108,3.658,0.638,1.587,1.371,3.986435367556279,6.847745259920549,0.524,0.7806523096310582,0.9864750015902296,1.2181801532926206,0.93,1.177,0.906,0.816,0.911,0.847,1.259,1.017,4.140821119176671,3.697,3.847944094686477,3.697,3.663,0.915,1.122
2022-07-27,2.629,1.139,1.104,3.82136442403635,3.663,0.638,1.588,1.376,3.998552192381678,6.918955651887121,0.519,0.7877210345626354,0.9991096567830108,1.2387442877131551,0.933,1.185,0.908,0.825,0.909,0.846,1.259,1.014,4.19258138316638,3.684,3.841576840255115,3.695,3.66,0.925,1.13
2022-07-28,2.653,1.139,1.096,3.855116469735815,3.687,0.652,1.602,1.3775,4.0004163192778925,6.985354530882978,0.512,0.7894882157955297,1.011744311975792,1.2475574881790987,0.934,1.202,0.914,0.823,0.914,0.867,1.279,1.021,4.28316184514837,3.714,3.871290694268138,3.728,3.691,0.929,1.154
2022-07-29,2.633,1.131,1.086,3.8909780182914977,3.718,0.669,1.59,1.375,3.992027748244925,6.993052951636121,0.506,0.7939061688777656,1.0175756912955372,1.2397235322093711,0.945,1.209,0.916,0.825,0.923,0.884,1.3,1.034,4.224931548159947,3.743,3.9084330117844166,3.751,3.724,0.932,1.162
2022-08-01,2.58,1.097,1.07,3.912073046853663,3.743,0.671,1.565,1.346,3.9202588627406385,6.91221953372812,0.489,0.7859538533297411,1.0059129326560468,1.2289518427509958,0.916,1.195,0.904,0.817,0.933,0.888,1.309,1.057,4.176406300669596,3.775,3.934963238581759,3.785,3.747,0.917,1.131
2022-08-02,2.627,1.094,1.069,3.9563726068342113,3.783,0.672,1.59,1.375,3.923987116533069,6.930503283016835,0.489,0.7797687190146111,1.0098005188692103,1.2348273097282914,0.921,1.205,0.89,0.81,0.932,0.888,1.31,1.067,4.254046696654158,3.805,3.977411601457506,3.824,3.79,0.925,1.135
2022-08-03,2.613,1.089,1.064,3.90785404114123,3.75,0.67,1.572,1.358,3.89602521308984,6.810215458748978,0.483,0.7647476785350096,0.9884187946968112,1.2064292193380295,0.936,1.166,0.872,0.801,0.929,0.886,1.306,1.052,4.186111350167666,3.799,3.9243511478628217,3.813,3.741,0.903,1.152
2022-08-04,2.56,1.098,1.058,3.919456306850422,3.757,0.688,1.551,1.341,3.857810611717428,6.789044801677835,0.488,0.7550281817540909,0.9845312084836476,1.198595263368302,0.972,1.23,0.872,0.791,0.941,0.909,1.321,1.05,4.069650756190822,3.774,3.944514120228802,3.791,3.752,0.898,1.154
2022-08-05,2.566,1.109,1.073,3.9574273582623194,3.78,0.693,1.558,1.339,3.873655690335257,6.781346380924692,0.497,0.7607715207609974,0.9855031050369388,1.212304686315325,0.986,1.191,0.875,0.796,0.944,0.916,1.322,1.05,4.063180723192109,3.807,3.9699831379542503,3.817,3.789,0.9,1.167
2022-08-08,2.588,1.103,1.08,3.9352775782720455,3.787,0.686,1.57,1.3515,3.915598545500099,6.89874729741012,0.51,0.7647476785350096,1.0068848292093378,1.2318895762396438,1.072,1.205,0.892,0.799,0.939,0.907,1.32,1.07,4.063180723192109,3.79,3.961493465379101,3.812,3.761,0.914,1.216
2022-08-09,2.596,1.1,1.073,3.9542631039779943,3.783,0.686,1.57,1.355,3.9165306089482073,6.957447755652835,0.501,0.7766761518570461,1.0175756912955372,1.2504952216677463,1.037,1.224,0.893,0.807,0.943,0.906,1.32,1.048,4.124646036679887,3.804,3.9721055560980374,3.816,3.786,0.922,1.207
2022-08-10,2.606,1.095,1.063,3.9669201211152942,3.798,0.678,1.574,1.3635,3.9165306089482073,6.96610847900012,0.498,0.7793269237063876,1.0166037947422464,1.2622461556223377,1.043,1.246,0.89,0.811,0.933,0.895,1.316,1.038,4.199051416165093,3.82,3.984840064960762,3.833,3.797,0.926,1.206
2022-08-11,2.59,1.085,1.052,3.9510988496936696,3.794,0.697,1.568,1.3465,3.898821403434163,6.991128346447834,0.493,0.7749089706241518,1.0292384499350276,1.2661631336072012,1.053,1.249,0.896,0.807,0.952,0.92,1.341,1.051,4.169936267670882,3.807,3.9689219288823567,3.833,3.784,0.929,1.215
2022-08-12,2.633,1.101,1.065,3.952153601121778,3.781,0.693,1.596,1.378,3.963133781353588,7.0921701188328345,0.503,0.7890464204873062,1.034097932701482,1.2612669111261217,1.06,1.252,0.929,0.815,0.953,0.914,1.338,1.073,4.182876333668309,3.801,3.9689219288823567,3.82,3.783,0.943,1.224
2022-08-15,2.606,1.103,1.068,3.977467635396377,3.804,0.703,1.577,1.3625,3.953813146872512,7.06041413322612,0.504,0.7956733501106599,1.0234070706152825,1.2632254001185537,1.036,1.224,0.929,0.821,0.959,0.929,1.356,1.078,4.144056135676028,3.826,3.9922685284640176,3.837,3.806,0.941,1.197
2022-08-16,2.639,1.11,1.067,3.958482109690428,3.8,0.713,1.593,1.375,3.961269654457374,7.1056423551508345,0.498,0.7947897594942127,1.034097932701482,1.288685757020168,1.03,1.23,0.93,0.819,0.961,0.941,1.372,1.09,4.29286689464644,3.819,3.9880236921764425,3.832,3.789,0.949,1.193
2022-08-17,2.653,1.102,1.066,3.9542631039779943,3.792,0.713,1.605,1.3825,3.948220766183866,7.116227683686405,0.49,0.7925807829530949,1.041873105127809,1.270080111592065,1.021,1.23,0.927,0.824,0.963,0.941,1.376,1.096,4.299336927645153,3.807,3.971044347026144,3.832,3.783,0.948,1.189
2022-08-18,2.687,1.103,1.068,3.934222826843937,3.767,0.702,1.626,1.4005,3.979910923419525,7.1508705770755485,0.494,0.796556940727107,1.0370136223613546,1.2465782436828827,1.023,1.226,0.94,0.826,0.946,0.928,1.365,1.081,4.31227699364258,3.812,3.9519425837320576,3.818,3.762,0.948,1.186
2022-08-19,2.693,1.089,1.052,3.9226205611347456,3.751,0.706,1.63,1.4045,3.9472887027357593,7.1210391966571205,0.483,0.7939061688777656,1.0457606913409725,1.2387442877131551,1.028,1.235,0.935,0.821,0.949,0.933,1.373,1.079,4.341392142136792,3.781,3.93814686579744,3.783,3.756,0.948,1.197
2022-08-22,2.65,1.088,1.058,3.9236753125628545,3.751,0.691,1.6,1.386,3.914666482051993,7.032507357995977,0.479,0.7961151454188834,1.0243789671685737,1.215242419803973,0.996,1.205,0.93,0.832,0.929,0.915,1.353,1.065,4.1893463666670225,3.783,3.943452911156908,3.786,3.753,0.94,1.153
2022-08-23,2.69,1.096,1.064,3.92578481541907,3.759,0.682,1.63,1.4065,3.945424575839543,7.1210391966571205,0.482,0.8005330985011192,1.031182243041609,1.2622461556223377,0.997,1.222,0.927,0.835,0.911,0.898,1.339,1.061,4.270221779150942,3.78,3.943452911156908,3.791,3.76,0.95,1.159
2022-08-24,2.714,1.086,1.056,3.940551335412587,3.771,0.678,1.643,1.415,3.946356639287651,7.1296999200044056,0.476,0.802742075042237,1.0350698292547729,1.2622461556223377,0.996,1.221,0.929,0.839,0.906,0.896,1.334,1.053,4.364037257632289,3.788,3.957248629091526,3.805,3.774,0.953,1.16
2022-08-25,2.604,1.083,1.05,3.962701115402861,3.792,0.683,1.571,1.361,3.870859499990934,6.924729467451977,0.473,0.7908136017202005,1.0000815533363017,1.2220971312774844,0.949,1.173,0.92,0.828,0.904,0.901,1.34,1.062,4.169936267670882,3.819,3.9827176468169743,3.857,3.795,0.929,1.122
2022-08-26,2.581,1.12,1.07,3.960591612546645,3.792,0.693,1.565,1.3515,3.895093149641733,6.955523150464549,0.478,0.7969987360353306,0.996193967123138,1.2240556202699162,0.948,1.175,0.936,0.846,0.914,0.916,1.355,1.07,4.08259082218825,3.823,3.977411601457506,3.824,3.795,0.935,1.111
2022-08-29,2.541,1.113,1.08,3.93844183255637,3.764,0.659,1.538,1.3295,3.8596747386136423,5.966276083685695,0.474,0.7899300111037534,0.9806436222704844,1.212304686315325,0.913,1.14,0.918,0.844,0.884,0.872,1.311,1.033,3.9952453767056166,3.821,3.961493465379101,3.83,3.755,0.927,1.08
2022-08-30,2.551,1.127,1.07,3.9532083525498862,3.782,0.663,1.545,1.3345,3.8717915634390416,6.06250634309998,0.472,0.7947897594942127,0.996193967123138,1.2211178867812686,0.929,1.173,0.921,0.851,0.893,0.878,1.314,1.046,4.053475673694038,3.801,3.971044347026144,3.813,3.784,0.929,1.102
2022-08-31,2.525,1.113,1.066,3.93844183255637,3.768,0.659,1.526,1.3215,3.843829659995813,6.033637265275694,0.47,0.7881628298708591,0.9864750015902296,1.2054499748418137,0.929,1.166,0.919,0.854,0.9,0.873,1.302,1.041,3.9952453767056166,3.807,3.9583098381634194,3.821,3.769,0.925,1.097
2022-09-01,2.487,1.113,1.078,3.90785404114123,3.735,0.646,1.504,1.296,3.849422040684459,5.9181609539785525,0.479,0.7797687190146111,0.9553743118849218,1.169217928481824,0.931,1.135,0.926,0.848,0.892,0.859,1.284,1.037,3.827024518739064,3.776,3.930718402294184,3.781,3.737,0.907,1.078
2022-09-02,2.466,1.101,1.063,3.8951970240039304,3.718,,,1.284,3.8307807717223072,,0.479,,,1.160404728015881,0.918,1.13,0.916,,0.887,,1.29,1.02,3.8140844527416378,3.758,,3.751,3.72,0.904,1.077
2022-09-05,2.454,1.086,1.051,3.917346803994204,3.746,0.644,1.484,1.282,3.798158551038541,5.9046887176605525,0.473,0.781977695555729,2.622176900778758,1.142778327083994,0.926,1.146,0.912,0.854,0.887,0.853,1.281,1.02,3.7461491062551446,3.765,3.9275347750785032,3.784,3.75,0.903,1.077
2022-09-06,2.466,1.093,1.034,3.943715589696912,3.774,0.65,1.491,1.2895,3.816799820000692,5.9470300318028375,0.466,0.7930225782613184,2.648418107717611,1.155508505534801,0.926,1.155,0.924,0.874,0.886,0.861,1.294,1.025,3.8043794032435665,3.798,3.9583098381634194,3.812,3.776,0.908,1.075
2022-09-07,2.45,1.08,1.035,3.9236753125628545,3.759,0.639,1.487,1.2825,3.818663946896908,6.027863449710837,0.463,0.796556940727107,2.6814625905295006,1.1760726399553356,0.934,1.178,0.927,0.88,0.879,0.848,1.278,1.006,3.875549766229416,3.78,3.946636538372589,3.812,3.754,0.926,1.083
2022-09-08,2.494,1.084,1.028,3.9500440982655616,3.78,0.655,1.504,1.3005,3.842897596547706,6.067317856070694,0.464,0.7899300111037534,2.7077037974683544,1.2034914858493817,0.949,1.188,0.927,0.881,0.902,0.868,1.303,1.009,3.9467201292152647,3.8,3.9689219288823567,3.81,3.786,0.929,1.1
2022-09-09,2.453,1.073,1.025,3.9489893468374535,3.783,0.661,1.481,1.277,3.827984581377984,6.038448778246409,0.465,0.7881628298708591,2.6824344870827916,1.198595263368302,0.943,1.206,0.923,0.883,0.903,0.874,1.312,1.017,3.904664914723627,3.804,3.9689219288823567,3.819,3.78,0.921,1.091
2022-09-13,2.485,1.098,1.039,3.9510988496936696,3.783,0.678,1.498,1.2925,3.8829763248163336,6.092337723518409,0.472,0.8031838703504607,2.6950691422755733,1.2289518427509958,0.942,1.202,0.94,0.894,0.939,0.894,1.338,1.032,3.917604980721054,3.813,3.9721055560980374,3.821,3.782,0.929,1.084
2022-09-14,2.445,1.075,1.042,3.9352775782720455,3.775,0.646,1.478,1.279,3.85315029447689,5.995145161509981,0.461,0.7952315548024363,2.6532775904840658,1.2093669528266773,0.925,1.195,0.925,0.889,0.914,0.854,1.291,1.002,3.843199601235848,3.8,3.956187420019632,3.82,3.766,0.927,1.067
2022-09-15,2.431,1.071,1.046,3.9247300639909626,3.76,0.65,1.472,1.27,3.85315029447689,6.027863449710837,0.466,0.7921389876448712,2.6542494870373563,1.2181801532926206,0.939,1.221,0.927,0.881,0.912,0.859,1.29,1.019,3.8205544857403506,3.784,3.943452911156908,3.791,3.752,0.919,1.08
2022-09-16,2.341,1.067,1.045,3.899416029716363,3.732,0.638,1.417,1.228,3.8000226779347552,5.860422798329981,0.46,0.7837448767886234,2.5522003489418155,1.169217928481824,0.908,1.178,0.918,0.89,0.901,0.845,1.273,1.0,3.5876332977866627,3.769,3.914800266215779,3.78,3.728,0.899,1.041
2022-09-19,2.292,1.063,1.025,3.904689786856905,3.736,0.637,1.388,1.203,3.7226614117418233,5.725700435149982,0.447,0.7594461348363267,2.504577417830563,1.1329858821218346,0.904,1.18,0.867,0.859,0.9,0.842,1.271,1.005,3.5261679842988847,3.755,3.91798389343146,3.773,3.738,0.876,1.047
2022-09-20,2.295,1.066,1.038,3.9247300639909626,3.756,0.644,1.388,1.193,3.733846173119115,5.703567475484696,0.443,0.7634222926103388,2.496802245404236,1.1447368160764255,0.892,1.162,0.863,0.859,0.905,0.851,1.281,1.007,3.577928248288593,3.771,3.9423917020850143,3.782,3.759,0.875,1.024
2022-09-21,2.284,1.064,1.038,3.913127798281771,3.751,0.642,1.383,1.1985,3.7096125234683166,5.706454383267124,0.439,0.7572371582952088,2.513324486810181,1.1653009504969605,0.883,1.155,0.856,0.849,0.902,0.85,1.269,0.998,3.623218479279587,3.772,3.932840820437971,3.783,3.75,0.885,1.022
2022-09-22,2.25,1.039,1.02,3.927894318275288,3.75,0.627,1.358,1.165,3.67699030278455,5.717039711802696,0.425,0.7638640879185624,2.4958303488509452,1.17019717297804,0.864,1.153,0.853,0.862,0.873,0.83,1.24,0.997,3.6005733637840898,3.772,3.940269283941227,3.787,3.752,0.878,1.01
2022-09-23,2.245,1.035,1.009,3.937387081128262,3.765,0.626,1.359,1.174,3.664873477959151,5.733398855903125,0.42,0.7603297254527739,2.524015348896381,1.1721556619704718,0.868,1.177,0.855,0.855,0.874,0.829,1.244,0.995,3.613513429781517,3.781,3.9519425837320576,3.804,3.769,0.891,1.019
2022-09-26,2.226,1.026,1.005,3.909963543997446,3.733,0.618,1.342,1.16,3.635047447619707,5.637168596488839,0.415,0.752819205212973,2.4559825901660197,1.1280896596407548,0.836,1.166,0.851,0.845,0.864,0.818,1.218,0.996,3.542343066795668,3.796,3.930718402294184,3.801,3.738,0.87,1.0
2022-09-27,2.258,1.031,1.02,3.9025802840006887,3.735,0.621,1.365,1.177,3.644368082100784,5.594827282346554,0.417,0.7395653459662657,2.44529172807982,1.1222141926634592,0.846,1.139,0.841,0.834,0.849,0.823,1.22,0.985,3.629688512278302,3.758,3.9243511478628217,3.767,3.732,0.866,1.007
2022-09-28,2.294,1.028,1.051,3.912073046853663,3.743,0.625,1.384,1.1995,3.667669668303474,5.672773792472124,0.435,0.7510520239800786,2.4783362108917095,1.113400992197516,0.86,1.152,0.842,0.845,0.843,0.826,1.223,0.98,3.629688512278302,3.77,3.9296571932222903,3.78,3.743,0.873,1.015
2022-09-29,2.269,1.022,1.055,3.947934595409345,3.78,0.632,1.372,1.191,3.649960462789429,5.590978071969982,0.439,0.7386817553498186,2.4346008659936205,1.0771689458375264,0.846,1.12,0.836,0.841,0.849,0.834,1.239,0.98,3.5261679842988847,3.802,3.9689219288823567,3.815,3.779,0.855,1.006
2022-09-30,2.259,0.996,1.043,3.9542631039779943,3.784,0.613,1.366,1.182,3.630387130379169,5.564995901928125,0.441,0.7364727788087008,2.4239100039074213,1.0712934788602309,0.837,1.116,0.819,0.829,0.837,0.812,1.215,0.969,3.522932967799527,3.814,3.9827176468169743,3.824,3.781,0.854,1.001
2022-10-10,2.219,0.998,1.041,4.005945923955301,3.835,0.605,1.342,1.162,3.604289353832156,5.505333141091268,0.444,0.73514739288403,2.371427590029714,1.0654180118829353,0.808,1.083,0.816,0.835,0.846,0.799,1.21,0.974,3.4194124398201104,3.821,4.016676337117572,3.832,3.833,0.847,0.979
2022-10-11,2.183,0.994,1.01,3.973248629683944,3.813,0.601,1.315,1.134,3.5334525317759766,5.437009656907126,0.429,0.7289622585688998,2.3257484520250435,1.0497500999434803,0.754,1.065,0.811,0.841,0.853,0.796,1.209,0.976,3.3838272583271864,3.831,4.00181941011106,3.844,3.804,0.84,0.938
2022-10-12,2.191,0.976,1.015,3.972193878255836,3.807,0.598,1.323,1.1435,3.5297242779835463,5.468765642513839,0.425,0.7254278961031113,2.330607934791498,1.0566048114169917,0.745,1.071,0.815,0.837,0.854,0.791,1.206,0.972,3.4452925718149645,3.83,4.002880619182954,3.84,3.802,0.844,0.932
2022-10-13,2.255,0.968,1.008,3.985905646821243,3.814,0.596,1.364,1.185,3.556754117978667,5.571732020087125,0.426,0.7373563694251479,2.3869779348823683,1.066397256379151,0.77,1.087,0.83,0.849,0.856,0.789,1.202,0.97,3.545578083295025,3.836,4.006064246398635,3.851,3.814,0.867,0.959
2022-10-14,2.315,0.971,1.015,3.9658653696871857,3.81,0.607,1.393,1.198,3.5903084021105416,5.66796227950141,0.443,0.7329384163429121,2.441404141866657,1.0761897013413104,0.785,1.109,0.838,0.844,0.871,0.804,1.228,0.984,3.59086831428602,3.826,4.000758201039167,3.841,3.804,0.877,0.981
2022-10-17,2.349,0.96,1.02,3.972193878255836,3.791,0.596,1.422,1.224,3.630387130379169,5.729549645526553,0.479,0.7523774099047494,2.477364314338419,1.0840236573110378,0.784,1.13,0.84,0.84,0.87,0.791,1.212,0.978,3.623218479279587,3.818,3.9901461103202296,3.849,3.8,0.89,0.991
2022-10-18,2.38,0.978,1.018,3.9648106182590777,3.793,0.616,1.442,1.237,3.65741697037429,5.8074961556521245,0.482,0.7554699770623144,2.517212073023344,1.095774591265629,0.812,1.154,0.853,0.846,0.897,0.816,1.243,0.983,3.645863594775085,3.814,3.983778855888868,3.828,3.796,0.89,1.01
2022-10-19,2.366,0.978,1.005,3.967974872543403,3.794,0.628,1.433,1.2365,3.625726813138631,5.793061616739981,0.479,0.7550281817540909,2.5162401764700535,1.0879406352959016,0.798,1.152,0.844,0.84,0.915,0.829,1.26,0.991,3.6167484462808743,3.826,3.9901461103202296,3.836,3.799,0.895,0.998
2022-10-20,2.34,0.95,0.974,3.9489893468374535,3.786,0.613,1.416,1.22,3.5604823717710974,5.738210368873839,0.47,0.7492848427471844,2.490970866084491,1.067376500875367,0.792,1.141,0.833,0.834,0.894,0.809,1.237,0.988,3.555283132793095,3.81,3.9784728105294,3.838,3.775,0.886,0.988
2022-10-21,2.337,0.951,0.976,3.947934595409345,3.777,0.612,1.411,1.217,3.5763274503889275,5.744946487032839,0.473,0.7422161178156071,2.497774141957527,1.067376500875367,0.83,1.153,0.859,0.827,0.899,0.81,1.232,0.975,3.493817819305317,3.803,3.9678607198104623,3.815,3.779,0.884,1.006
2022-10-24,2.323,0.93,0.96,3.985905646821243,3.81,0.632,1.408,1.212,3.540909039360838,5.73532346109141,0.471,0.7422161178156071,2.497774141957527,1.0605217894018557,0.821,1.16,0.844,0.825,0.911,0.836,1.264,0.985,3.506757885302744,3.814,4.006064246398635,3.838,3.815,0.885,1.012
2022-10-25,2.252,0.897,0.914,4.004891172527193,3.827,0.641,1.367,1.1825,3.441178250413323,5.66796227950141,0.454,0.7294040538771235,2.463757762592347,1.050729344439696,0.82,1.19,0.826,0.814,0.931,0.844,1.283,0.989,3.4291174893181813,3.859,4.026227218764615,3.873,3.832,0.884,1.009
2022-10-26,2.251,0.887,0.925,3.998562663958543,3.828,0.641,1.358,1.172,3.4393141235171076,5.658339253559982,0.446,0.7254278961031113,2.4676453488055103,1.0477916109510483,0.821,1.191,0.812,0.813,0.945,0.847,1.292,1.018,3.5261679842988847,3.853,4.0187987552613595,3.864,3.827,0.872,1.017
2022-10-27,2.319,0.905,0.907,3.9816866411088103,3.824,0.633,1.404,1.2045,3.4849852324743806,5.784400893392696,0.47,0.7249861007948878,2.5366500040891617,1.066397256379151,0.839,1.206,0.818,0.803,0.953,0.836,1.291,1.005,3.59086831428602,3.838,3.9986357828953794,3.855,3.814,0.884,1.053
2022-10-28,2.247,0.893,0.88,3.9911794039617847,3.82,0.622,1.366,1.17,3.4271972986917083,5.718964316990981,0.453,0.726753282027782,2.4938865557443632,1.0575840559132077,0.84,1.193,0.818,0.808,0.955,0.823,1.286,1.009,3.487347786306603,3.84,4.011370291758103,3.856,3.822,0.882,1.04
2022-10-31,2.166,0.862,0.852,3.978522386824485,3.814,0.64,1.313,1.133,3.3367871442252697,5.551523665610125,0.443,0.7077560837741683,2.4015563831817315,1.0164557870721385,0.827,1.171,0.799,0.793,0.96,0.845,1.315,1.035,3.3514770933336187,3.826,4.000758201039167,3.849,3.807,0.853,1.038
2022-11-01,2.208,0.871,0.855,3.977467635396377,3.809,0.642,1.336,1.149,3.341447461465808,5.604450308287982,0.448,0.709081469698839,2.448207417739693,1.02331049854565,0.852,1.212,0.806,0.772,0.968,0.848,1.321,1.025,3.3514770933336187,3.823,3.993329737535911,3.842,3.808,0.855,1.058
2022-11-02,2.261,0.897,0.901,3.9848508953931354,3.814,0.635,1.369,1.1825,3.4346538062765695,5.725700435149982,0.46,0.725869691411335,2.507493107490436,1.0585633004094237,0.856,1.199,0.825,0.779,0.964,0.841,1.315,1.026,3.4647026708111053,3.836,4.002880619182954,3.844,3.816,0.874,1.065
2022-11-03,2.283,0.906,0.906,3.9806318896807023,3.812,0.613,1.387,1.191,3.464479836616013,5.74205957925041,0.465,0.7307294398017942,2.5210996592365076,1.0654180118829353,0.853,1.187,0.826,0.79,0.951,0.812,1.285,1.019,3.503522868803387,3.717,4.000758201039167,3.849,3.807,0.876,1.075
2022-11-04,2.307,0.906,0.902,3.976412883968269,3.8,0.603,1.392,1.202,3.4532950752387217,5.773815564857124,0.467,0.7232189195619935,2.548312762728652,1.0732519678526626,0.889,1.201,0.827,0.785,0.944,0.801,1.275,1.009,3.545578083295025,3.824,3.993329737535911,3.832,3.805,0.886,1.096
2022-11-07,2.372,0.935,0.936,4.005945923955301,3.831,0.604,1.43,1.239,3.5511617372900215,5.9220101643551235,0.476,0.7377981647333715,2.6114860386925582,1.149633038557505,0.893,1.211,0.844,0.797,0.954,0.803,1.277,1.005,3.7202689742602906,3.846,4.015615128045678,3.857,3.834,0.897,1.118
2022-11-08,2.379,0.973,0.945,4.003836421099084,3.834,0.615,1.438,1.242,3.5735312600446045,5.9027641124722665,0.477,0.7430997084320543,2.5978794869464865,1.1417990825877775,0.885,1.18,0.849,0.801,0.979,0.82,1.297,1.025,3.713798941261577,3.856,4.023043591548934,3.868,3.834,0.9,1.108
2022-11-09,2.356,0.966,0.932,4.077669021066665,3.902,0.615,1.426,1.2315,3.5520938007381293,5.9229724669492665,0.468,0.7484012521307373,2.6017670731596496,1.1731349064666876,0.875,1.196,0.845,0.8,0.993,0.816,1.301,1.032,3.707328908262863,3.93,4.092022181222023,3.933,3.903,0.9,1.097
2022-11-10,2.313,0.941,0.913,4.091380789632073,3.922,0.607,1.4,1.2125,3.4952379304035643,5.8758196398362665,0.465,0.7439832990485015,2.57941345243396,1.1339651266180504,0.86,1.169,0.839,0.8,0.99,0.805,1.282,1.026,3.613513429781517,3.946,4.106879108228535,3.956,3.937,0.898,1.079
2022-11-11,2.4,0.991,0.955,4.152556372462354,3.97,0.644,1.429,1.2295,3.5809877676294652,6.033637265275694,0.48,0.7501684333636316,2.631895866311667,1.1711764174742558,0.879,1.172,0.874,0.803,1.03,0.856,1.349,1.058,3.671743726769939,3.994,4.181163743261092,4.006,3.977,0.916,1.098
2022-11-14,2.333,1.024,0.954,4.120913829619106,3.948,0.647,1.419,1.225,3.633183320723492,5.920085559166838,0.467,0.7585625442198796,2.5774696593273783,1.1653009504969605,0.855,1.157,0.872,0.823,1.043,0.856,1.338,1.063,3.5682231987905224,3.976,4.137654171313451,3.989,3.948,0.906,1.068
2022-11-15,2.297,1.002,0.945,4.101928303913156,3.95,0.638,1.386,1.2005,3.5809877676294652,5.9085379280371235,0.479,0.7651894738432331,2.550256555835234,1.1231934371596752,0.865,1.144,0.87,0.818,1.042,0.848,1.321,1.061,3.4679376873104624,3.947,4.118552408019365,3.961,3.927,0.894,1.069
2022-11-16,2.359,1.036,0.962,4.115640072478564,3.937,0.643,1.429,1.23,3.651824589685644,6.002843582263123,0.481,0.7788851283981639,2.6202331076721763,1.149633038557505,0.919,1.17,0.902,0.824,1.03,0.854,1.321,1.045,3.5520481162937387,3.957,4.130225707810196,3.972,3.944,0.912,1.1
2022-11-17,2.322,1.039,0.96,4.131461343900188,3.952,0.643,1.407,1.216,3.621998559346201,5.958577662932552,0.479,0.7687238363090217,2.5949637972866135,1.1290689041369708,0.897,1.163,0.888,0.821,1.042,0.852,1.327,1.061,3.4452925718149645,3.977,4.149327471104282,3.988,3.954,0.904,1.075
2022-11-18,2.317,1.056,0.96,4.132516095328296,3.956,0.645,1.402,1.2055,3.61827030555377,5.9903336485392655,0.483,0.7687238363090217,2.6075984524793947,1.113400992197516,0.918,1.175,0.896,0.818,1.058,0.854,1.33,1.068,3.425882472818824,3.976,4.149327471104282,3.992,3.953,0.908,1.084
2022-11-21,2.298,1.02,0.946,4.104037806769372,3.933,0.642,1.395,1.206,3.5763274503889275,5.932595492890695,0.481,0.7678402456925746,2.567750693794469,1.0869613907996858,0.89,1.154,0.879,0.816,1.064,0.85,1.328,1.064,3.3935323078252564,3.976,4.148266262032388,3.995,3.929,0.897,1.067
2022-11-22,2.312,1.026,0.935,4.106147309625589,3.935,0.637,1.398,1.2075,3.567006815907851,5.9518415447735515,0.48,0.7691656316172454,2.5881605214135774,1.1016500582429247,0.894,1.167,0.868,0.81,1.058,0.846,1.335,1.067,3.4323525058175375,3.952,4.1270420805945145,3.964,3.936,0.902,1.075
2022-11-23,2.269,1.009,0.935,4.107202061053697,3.929,0.642,1.374,1.183,3.5604823717710974,5.8710081268655525,0.471,0.7625387019938916,2.551228452388525,1.0918576132807654,0.884,1.166,0.869,0.823,1.058,0.85,1.346,1.07,3.357947126332332,3.953,4.130225707810196,3.961,3.93,0.898,1.06
2022-11-24,2.276,1.027,0.935,4.131461343900188,3.95,0.652,1.378,1.186,3.5884442752143264,5.9085379280371235,0.464,0.7598879301445502,2.5541441420483975,1.1065462807240043,0.88,1.163,0.878,0.828,1.074,0.863,1.362,1.092,3.438822538816251,3.963,4.140837798529132,3.977,3.955,0.894,1.063
2022-11-25,2.261,1.025,0.923,4.132516095328296,3.957,0.655,1.363,1.1815,3.55955030832299,5.8796688502128385,0.464,0.7625387019938916,2.5492846592819434,1.1026293027391405,0.869,1.152,0.865,0.83,1.081,0.868,1.366,1.092,3.4129424068213967,3.971,4.142960216672919,3.984,3.96,0.897,1.059
2022-11-28,2.203,0.997,0.909,4.148337366749921,3.971,0.648,1.336,1.1625,3.515743326261932,5.794023919334124,0.454,0.7678402456925746,2.4919427626377817,1.0761897013413104,0.848,1.127,0.861,0.84,1.08,0.858,1.365,1.099,3.2900117798458393,3.984,4.167368025326474,3.998,3.974,0.874,1.03
2022-11-29,2.233,1.025,0.93,4.132516095328296,3.955,0.643,1.35,1.1665,3.5548899910824523,5.8575358905475525,0.456,0.7673984503843511,2.5259591420029626,1.0791274348299582,0.855,1.134,0.863,0.841,1.068,0.851,1.349,1.099,3.312656895341337,3.974,4.158878352751325,3.99,3.95,0.89,1.04
2022-11-30,2.266,1.05,0.953,4.120913829619106,3.944,0.639,1.372,1.185,3.633183320723492,5.9364447032672665,0.467,0.7939061688777656,2.5599755213681425,1.0938161022731971,0.867,1.139,0.89,0.86,1.064,0.842,1.336,1.085,3.335302010836834,3.958,4.144021425744813,3.98,3.945,0.896,1.047
2022-12-01,2.312,1.096,0.983,4.12407808390343,3.947,0.655,1.394,1.2005,3.7096125234683166,6.004768187451409,0.472,0.7903718064119769,2.5891324179668684,1.1231934371596752,0.878,1.14,0.91,0.862,1.081,0.867,1.363,1.091,3.4032373573233268,4.0,4.139776589457238,3.977,3.945,0.9,1.054
2022-12-02,2.31,1.079,0.982,4.156775378174787,3.968,0.651,1.395,1.2045,3.686310937265626,5.9605022681208375,0.471,0.7886046251790826,2.570666383454342,1.1212349481672432,0.872,1.143,0.898,0.855,1.066,0.862,1.354,1.08,3.4064723738226834,3.996,4.170551652542155,4.01,3.976,0.902,1.05
2022-12-05,2.327,1.098,1.001,4.147282615321813,3.972,0.645,1.411,1.2115,3.704020142779671,5.9816729251919805,0.473,0.7890464204873062,2.6046827628195226,1.1153594811899477,0.873,1.137,0.905,0.85,1.07,0.857,1.345,1.085,3.425882472818824,3.998,4.175857697901623,4.008,3.968,0.901,1.059
2022-12-06,2.301,1.102,0.999,4.0871617839196395,3.932,0.635,1.394,1.2,3.720797284845608,5.979748320003695,0.47,0.8005330985011192,2.5959356938399045,1.1212349481672432,0.873,1.137,0.92,0.862,1.058,0.842,1.32,1.079,3.3644171593310457,3.95,4.118552408019365,3.977,3.905,0.909,1.049
2022-12-07,2.311,1.103,1.021,4.07450476678234,3.9,0.625,1.4,1.208,3.7468950613926206,5.9730122018446945,0.469,0.7939061688777656,2.598851383499777,1.124172681655891,0.887,1.141,0.918,0.86,1.048,0.83,1.299,1.061,3.357947126332332,3.809,4.095205808437704,3.939,3.9,0.905,1.046
2022-12-08,2.337,1.082,1.026,4.079778523922881,3.903,0.625,1.419,1.2205,3.742234744152083,5.9730122018446945,0.471,0.7894882157955297,2.598851383499777,1.1212349481672432,0.881,1.132,0.912,0.855,1.032,0.83,1.29,1.053,3.4129424068213967,3.92,4.095205808437704,3.942,3.907,0.901,1.045
2022-12-09,2.337,1.103,1.02,4.091380789632073,3.915,0.63,1.417,1.2195,3.749691251736944,5.9566530577442665,0.47,0.7912553970284241,2.584272935200414,1.1202557036710272,0.868,1.118,0.912,0.864,1.047,0.837,1.3,1.066,3.425882472818824,3.935,4.106879108228535,3.951,3.918,0.902,1.043
2022-12-12,2.342,1.121,1.04,4.104037806769372,3.926,0.623,1.417,1.22,3.770196647595311,5.9614645707149805,0.471,0.7987659172682249,2.5949637972866135,1.1417990825877775,0.878,1.11,0.912,0.85,1.042,0.825,1.292,1.056,3.4097073903220405,3.944,4.120674826163152,3.957,3.933,0.905,1.048
2022-12-13,2.334,1.108,1.024,4.096654546772615,3.919,0.631,1.41,1.217,3.745030934496406,5.9479923343969805,0.474,0.7868374439461883,2.5803853489872504,1.109484014212652,0.889,1.122,0.897,0.84,1.051,0.833,1.312,1.064,3.354712109832975,3.936,4.112185153588003,3.955,3.919,0.892,1.046
2022-12-14,2.309,1.121,1.04,4.138844603896946,3.969,0.638,1.397,1.206,3.7375744269115447,5.9171986513844095,0.471,0.7881628298708591,2.555116038601688,1.1173179701823797,0.909,1.103,0.899,0.843,1.06,0.844,1.322,1.073,3.29971682934391,3.971,4.1546335164637505,3.983,3.965,0.892,1.041
2022-12-15,2.299,1.118,1.064,4.12407808390343,3.953,0.635,1.391,1.195,3.7431668076001903,5.8873672709659814,0.47,0.7793269237063876,2.5444251765154884,1.109484014212652,0.874,1.095,0.9,0.84,1.063,0.84,1.314,1.086,3.264131647850985,3.963,4.147205052960494,3.993,3.943,0.889,1.025
2022-12-16,2.312,1.098,1.04,4.083997529635314,3.916,0.612,1.399,1.205,3.738506490359653,5.8787065476186955,0.467,0.7731417893912576,2.548312762728652,1.1055670362277883,0.888,1.096,0.891,0.831,1.034,0.812,1.282,1.068,3.30942187884198,3.956,4.112185153588003,3.959,3.91,0.887,1.028
2022-12-19,2.304,1.109,1.049,4.105092558197481,3.931,0.611,1.391,1.201,3.7487591882888367,5.8642720087065525,0.471,0.7806523096310582,2.5385937971957437,1.0908783687845496,0.87,1.084,0.895,0.839,1.028,0.814,1.271,1.052,3.2576616148522715,3.936,4.120674826163152,3.951,3.933,0.88,1.018
2022-12-20,2.27,1.093,1.032,4.106147309625589,3.936,0.608,1.37,1.185,3.67699030278455,5.724738132555839,0.457,0.7616551113774446,2.483195693658164,1.0781481903337422,0.847,1.072,0.865,0.825,1.03,0.806,1.26,1.046,3.2608966313516285,3.952,4.1281032896664085,3.969,3.936,0.862,0.994
2022-12-21,2.244,1.087,1.002,4.16099438388722,3.98,0.607,1.361,1.1725,3.6359795110678146,5.687208331384268,0.453,0.7537027958294201,2.463757762592347,1.0712934788602309,0.853,1.073,0.866,0.819,1.028,0.806,1.262,1.048,3.2479565653542015,3.992,4.179041325117305,3.99,3.991,0.855,0.994
2022-12-22,2.249,1.103,1.022,4.1652133895996535,3.983,0.617,1.36,1.175,3.649960462789429,5.670849187283839,0.455,0.7545863864458673,2.4520950039528566,1.0654180118829353,0.843,1.058,0.869,0.82,1.038,0.816,1.282,1.053,3.1929612848651363,3.99,4.1843473704767735,4.016,3.987,0.852,0.983
2022-12-23,2.216,1.102,1.031,4.128297089615863,3.959,0.602,1.344,1.1615,3.620134432449986,5.564995901928125,0.457,0.7417743225073836,2.396696900415277,1.0301652100191616,0.818,1.039,0.857,0.811,1.037,0.798,1.261,1.04,3.0894407568857196,3.975,4.166306816254581,4.002,3.952,0.834,0.966
2022-12-26,2.224,1.113,1.037,4.125132835331539,3.948,0.608,1.344,1.163,3.625726813138631,5.576543533057839,0.465,0.746634070897843,2.392809314202114,1.0301652100191616,0.807,1.039,0.865,0.81,1.033,0.802,1.27,1.037,3.057090591892152,3.974,4.144021425744813,3.99,3.95,0.843,0.961
2022-12-27,2.268,1.112,1.036,4.128297089615863,3.945,0.606,1.371,1.184,3.672329985544012,5.662188463936554,0.465,0.7439832990485015,2.44529172807982,1.050729344439696,0.83,1.067,0.867,0.81,1.031,0.805,1.276,1.043,3.2059013508625633,3.974,4.142960216672919,3.981,3.951,0.848,0.994
2022-12-28,2.278,1.122,1.044,4.150446869606138,3.97,0.602,1.378,1.192,3.671397922095904,5.664113069124839,0.467,0.7501684333636316,2.448207417739693,1.0585633004094237,0.836,1.07,0.869,0.82,1.036,0.797,1.26,1.035,3.2059013508625633,3.988,4.166306816254581,4.0,3.978,0.854,0.999
2022-12-29,2.255,1.118,1.031,4.144118361037488,3.969,0.595,1.367,1.182,3.652756653133752,5.64775392502441,0.468,0.749726638055408,2.418078624587676,1.0497500999434803,0.828,1.055,0.863,0.817,1.029,0.793,1.245,1.021,3.186491251866423,3.989,4.1631231890389,4.002,3.97,0.85,0.994
2022-12-30,2.287,1.134,1.035,4.150446869606138,3.969,0.604,1.385,1.1925,3.6695337951996887,5.675660700254553,0.477,0.7391235506580421,2.4423760384199475,1.053667077928344,0.833,1.076,0.867,0.814,1.038,0.802,1.261,1.025,3.2285464663580608,3.999,4.172674070685942,4.009,3.97,0.849,1.005
2023-01-03,2.267,1.111,1.044,4.16099438388722,3.983,0.599,1.378,1.188,3.6695337951996887,5.650640832806839,0.478,0.7461922755896194,2.4346008659936205,1.0409368994775368,0.823,1.075,0.861,0.819,1.031,0.797,1.25,1.02,3.1897262683657797,3.992,4.1822249523329855,4.01,3.983,0.855,1.001
2023-01-04,2.28,1.139,1.026,4.178925158165062,3.999,0.597,1.381,1.19,3.679786493128873,5.751682605191839,0.476,0.7514938192883023,2.4919427626377817,1.0605217894018557,0.835,1.1,0.861,0.822,1.031,0.801,1.247,1.021,3.2156064003606337,4.01,4.186469788620561,4.022,4.0,0.868,1.023
2023-01-05,2.276,1.19,1.027,4.1926369267304695,4.01,0.598,1.374,1.184,3.7049522062277784,5.759381025944982,0.482,0.7523774099047494,2.496802245404236,1.053667077928344,0.829,1.095,0.871,0.827,1.055,0.804,1.25,1.023,3.1767862023683526,4.024,4.2087551791303275,4.038,4.016,0.87,1.017
2023-01-06,2.321,1.188,1.06,4.153611123890463,3.979,0.594,1.402,1.2115,3.7562156958736974,5.7997977348989815,0.494,0.7554699770623144,2.517212073023344,1.0615010338980717,0.834,1.101,0.881,0.827,1.047,0.799,1.237,1.011,3.2350164993567745,4.018,4.181163743261092,4.016,3.97,0.877,1.025
2023-01-09,2.361,1.181,1.06,4.195801181014795,4.013,0.601,1.429,1.2295,3.788837916557464,5.8200060893759815,0.492,0.7590043395281031,2.526931038556253,1.0859821463034698,0.839,1.096,0.887,0.826,1.056,0.805,1.254,1.021,3.3773572253284727,4.0,4.213000015417903,4.046,4.016,0.883,1.035
2023-01-10,2.365,1.179,1.075,4.187363169589928,4.009,0.603,1.436,1.2345,3.7916341069017863,5.82289299715841,0.495,0.7590043395281031,2.5308186247694167,1.1075255252202203,0.84,1.084,0.9,0.825,1.064,0.808,1.248,1.027,3.370887192329759,4.036,4.2087551791303275,4.051,4.003,0.884,1.03
2023-01-11,2.401,1.181,1.074,4.203184441011552,4.017,0.606,1.45,1.2525,3.8000226779347552,5.8382898386646955,0.502,0.7532610005211966,2.5356781075358708,1.113400992197516,0.849,1.072,0.9,0.82,1.075,0.81,1.255,1.026,3.3870622748265427,4.033,4.214061224489797,4.051,4.017,0.885,1.031
2023-01-12,2.383,1.187,1.077,4.1926369267304695,4.02,0.615,1.442,1.2415,3.805615058623401,5.817119181593553,0.499,0.7563535676787616,2.517212073023344,1.1173179701823797,0.839,1.077,0.894,0.823,1.089,0.817,1.264,1.031,3.348242076834261,4.043,4.223612106136839,4.051,4.013,0.883,1.015
2023-01-13,2.397,1.179,1.069,4.203184441011552,4.028,0.618,1.448,1.254,3.811207439312047,5.814232273811124,0.498,0.7567953629869852,2.520127762683217,1.1192764591748114,0.838,1.065,0.903,0.823,1.092,0.819,1.263,1.028,3.4032373573233268,4.044,4.223612106136839,4.057,4.024,0.882,1.017
2023-01-16,2.421,1.19,1.097,4.232717480998584,4.045,0.615,1.462,1.2595,3.807479185519616,5.861385100924124,0.512,0.7638640879185624,2.5366500040891617,1.1212349481672432,0.829,1.063,0.921,0.83,1.1,0.817,1.263,1.027,3.3644171593310457,4.062,4.251203542006075,4.076,4.058,0.889,1.017
2023-01-17,2.465,1.181,1.117,4.247484000992101,4.055,0.614,1.491,1.2845,3.861538865509858,5.9277839799199805,0.53,0.7673984503843511,2.5619193144747245,1.1320066376256184,0.861,1.08,0.942,0.832,1.096,0.816,1.264,1.031,3.4064723738226834,4.083,4.25863200550933,4.087,4.07,0.901,1.035
2023-01-18,2.479,1.179,1.111,4.251703006704533,4.064,0.616,1.495,1.2875,3.864335055854181,5.920085559166838,0.527,0.7638640879185624,2.5648350041345966,1.1280896596407548,0.883,1.089,0.957,0.83,1.1,0.819,1.266,1.04,3.4291174893181813,4.083,4.269244096228267,4.101,4.07,0.895,1.047
2023-01-19,2.465,1.176,1.095,4.227443723858043,4.05,0.612,1.492,1.2865,3.841033469651491,5.9345200980789805,0.523,0.7629804973021153,2.5648350041345966,1.1388613490991302,0.878,1.088,0.951,0.834,1.098,0.811,1.25,1.043,3.4420575553156083,4.074,4.255448378293649,4.088,4.051,0.901,1.047
2023-01-20,2.505,1.195,1.1,4.284400300975891,4.089,0.608,1.517,1.3035,3.8895007689530865,6.0066927926396945,0.534,0.7687238363090217,2.5978794869464865,1.1437575715802095,0.9,1.111,0.977,0.837,1.093,0.807,1.243,1.044,3.4420575553156083,4.1,4.300019159313184,4.125,4.1,0.907,1.07
2023-01-30,2.577,1.236,1.112,4.275962289551025,4.095,0.635,1.551,1.3305,3.9705902889384497,6.110621472807122,0.539,0.7833030814803997,2.649390004270902,1.200553752360734,0.913,1.133,0.985,0.848,1.101,0.843,1.284,1.065,3.6005733637840898,4.038,4.289407068594247,4.152,4.09,0.93,1.091
2023-01-31,2.533,1.212,1.103,4.2685790295542665,4.093,0.627,1.532,1.3255,3.922122989636853,6.058657132723409,0.526,0.7735835846994811,2.631895866311667,1.1888028184061423,0.896,1.138,0.96,0.841,1.101,0.835,1.276,1.063,3.5488130997943816,4.1,4.289407068594247,4.127,4.087,0.917,1.07
2023-02-01,2.516,1.193,1.085,4.263305272413724,4.081,0.632,1.52,1.309,3.881112197920118,6.079827789794551,0.514,0.7828612861721762,2.643558624951157,1.2034914858493817,0.88,1.149,0.957,0.845,1.102,0.841,1.287,1.065,3.577928248288593,4.091,4.279856186947205,4.125,4.084,0.919,1.058
2023-02-02,2.544,1.209,1.092,4.305,4.117,0.647,1.539,1.324,3.922,6.151,0.518,0.784,2.686,1.233,0.899,1.163,0.995,0.85,1.122,0.864,1.301,1.057,3.594,4.131,4.32,4.146,4.124,0.928,1.074
2023-02-03,2.515,1.188,1.09,4.251,4.072,0.658,1.524,1.305,3.874,6.13,0.516,0.789,2.68,1.215,0.903,1.138,0.951,0.848,1.134,0.873,1.315,1.076,3.542,4.056,4.274,4.11,4.079,0.929,1.071
2023-02-06,2.486,1.165,1.07,4.202,4.027,0.657,1.505,1.301,3.823,6.096,0.508,0.783,2.672,1.186,0.902,1.153,0.945,0.843,1.129,0.87,1.315,1.073,3.478,4.126,4.234,4.08,4.021,0.917,1.071
2023-02-07,2.474,1.16,1.067,4.191,4.014,0.655,1.487,1.284,3.806,6.091,0.506,0.778,2.683,1.178,0.896,1.148,0.939,0.842,1.114,0.867,1.312,1.069,3.455,4.027,4.212,4.051,4.01,0.92,1.067
2023-02-08,2.466,1.163,1.07,4.189,4.008,0.665,1.496,1.289,3.812,6.096,0.505,0.787,2.688,1.188,0.896,1.143,0.94,0.85,1.119,0.878,1.321,1.062,3.458,4.028,4.206,4.044,4.01,0.927,1.064
2023-02-09,2.444,1.163,1.056,4.188,4.008,0.656,1.478,1.28,3.787,6.04,0.503,0.78,2.659,1.178,0.878,1.123,0.929,0.835,1.116,0.871,1.315,1.065,3.442,4.028,4.207,4.043,4.01,0.915,1.051
2023-02-10,2.493,1.18,1.082,4.177,3.998,0.651,1.51,1.302,3.848,6.14,0.51,0.788,2.719,1.186,0.92,1.146,0.941,0.846,1.121,0.863,1.302,1.071,3.481,4.012,4.195,4.052,3.997,0.928,1.08
2023-02-13,2.463,1.15,1.079,4.177,3.997,0.645,1.495,1.292,3.81,6.098,0.509,0.788,2.696,1.158,0.909,1.141,0.933,0.85,1.115,0.856,1.304,1.062,3.419,4.026,4.192,4.04,4.03,0.93,1.062
2023-02-14,2.502,1.168,1.111,4.179,4.005,0.655,1.513,1.304,3.861,6.164,0.514,0.796,2.736,1.168,0.92,1.144,0.943,0.854,1.113,0.869,1.322,1.066,3.436,4.014,4.208,4.043,3.999,0.936,1.071
2023-02-15,2.488,1.164,1.101,4.194,4.015,0.659,1.506,1.301,3.861,6.17,0.515,0.804,2.741,1.177,0.914,1.138,0.938,0.857,1.123,0.875,1.325,1.068,3.423,4.034,4.214,4.038,4.017,0.94,1.065
2023-02-16,2.473,1.157,1.091,4.175,4.002,0.669,1.493,1.292,3.84,6.164,0.507,0.796,2.74,1.161,0.924,1.143,0.932,0.855,1.127,0.888,1.336,1.06,3.397,4.016,4.193,4.03,3.995,0.939,1.066
2023-02-17,2.433,1.162,1.091,4.178,4.0,0.657,1.471,1.274,3.805,6.07,0.502,0.789,2.688,1.135,0.899,1.121,0.923,0.851,1.125,0.87,1.323,1.057,3.326,4.02,4.198,4.031,3.999,0.925,1.046
2023-02-20,2.372,1.148,1.084,4.182,4.006,0.652,1.429,1.241,3.754,6.042,0.501,0.79,2.662,1.128,0.869,1.11,0.919,0.848,1.127,0.863,1.317,1.05,3.251,4.013,4.202,4.03,4.008,0.915,1.027
2023-02-21,2.401,1.157,1.104,4.187,4.008,0.651,1.455,1.256,3.854,6.135,0.508,0.808,2.697,1.154,0.88,1.116,0.942,0.865,1.133,0.865,1.312,1.052,3.29,4.029,4.204,4.042,4.01,0.933,1.04
2023-02-22,2.385,1.14,1.099,4.188,3.997,0.641,1.445,1.245,3.843,6.143,0.503,0.821,2.704,1.171,0.871,1.12,0.943,0.872,1.121,0.851,1.293,1.04,3.297,4.023,4.204,4.045,4.011,0.943,1.033
2023-02-23,2.379,1.135,1.101,4.179,4.002,0.644,1.443,1.243,3.823,6.15,0.501,0.82,2.716,1.162,0.875,1.129,0.939,0.882,1.123,0.855,1.301,1.041,3.284,4.02,4.204,4.036,4.007,0.943,1.032
2023-02-24,2.388,1.13,1.088,4.197,4.011,0.647,1.444,1.246,3.818,6.128,0.499,0.817,2.702,1.168,0.878,1.122,0.946,0.872,1.128,0.86,1.303,1.051,3.335,4.03,4.208,4.042,4.013,0.942,1.037
2023-02-27,2.347,1.114,1.072,4.193,4.012,0.642,1.423,1.228,3.76,6.101,0.491,0.818,2.682,1.142,0.868,1.142,0.923,0.876,1.12,0.853,1.302,1.055,3.261,4.03,4.215,4.051,4.02,0.93,1.029
2023-02-28,2.35,1.125,1.087,4.201,4.013,0.646,1.422,1.224,3.777,6.093,0.49,0.817,2.676,1.145,0.859,1.133,0.923,0.869,1.125,0.857,1.307,1.057,3.277,4.034,4.212,4.051,4.017,0.931,1.033
2023-03-01,2.358,1.12,1.09,4.205,4.026,0.64,1.429,1.233,3.787,6.13,0.494,0.82,2.698,1.146,0.86,1.135,0.927,0.873,1.121,0.85,1.293,1.047,3.274,4.039,4.223,4.052,4.029,0.942,1.033
2023-03-02,2.368,1.14,1.097,4.198,4.023,0.636,1.433,1.24,3.83,6.18,0.494,0.824,2.717,1.158,0.871,1.144,0.938,0.881,1.118,0.845,1.282,1.048,3.267,4.036,4.222,4.055,4.02,0.945,1.038
2023-03-03,2.353,1.156,1.096,4.214,4.034,0.638,1.425,1.229,3.846,6.168,0.492,0.827,2.705,1.141,0.878,1.146,0.94,0.888,1.12,0.847,1.288,1.052,3.225,4.054,4.232,4.058,4.038,0.943,1.037
2023-03-06,2.356,1.146,1.09,4.24,4.06,0.651,1.425,1.233,3.845,6.166,0.492,0.829,2.698,1.143,0.887,1.175,0.944,0.894,1.135,0.865,1.312,1.07,3.225,4.081,4.259,4.089,4.063,0.939,1.043
2023-03-07,2.354,1.157,1.083,4.249,4.076,0.657,1.425,1.23,3.815,6.16,0.489,0.822,2.714,1.138,0.889,1.171,0.928,0.895,1.151,0.874,1.321,1.081,3.271,4.088,4.27,4.1,4.072,0.943,1.05
2023-03-08,2.303,1.143,1.061,4.214,4.04,0.651,1.396,1.204,3.75,6.045,0.48,0.812,2.643,1.124,0.862,1.146,0.911,0.885,1.152,0.866,1.306,1.08,3.232,4.05,4.234,4.068,4.032,0.924,1.03
2023-03-09,2.309,1.131,1.053,4.212,4.028,0.652,1.398,1.205,3.752,6.078,0.48,0.813,2.668,1.126,0.875,1.163,0.913,0.889,1.141,0.866,1.305,1.081,3.225,4.043,4.227,4.058,4.032,0.928,1.038
2023-03-10,2.295,1.109,1.044,4.236,4.055,0.639,1.393,1.202,3.71,6.03,0.477,0.808,2.66,1.115,0.876,1.15,0.903,0.889,1.133,0.851,1.279,1.088,3.196,4.071,4.256,4.086,4.059,0.926,1.035
2023-03-13,2.295,1.089,1.032,4.286,4.102,0.634,1.391,1.198,3.681,5.98,0.478,0.795,2.629,1.102,0.873,1.133,0.896,0.867,1.128,0.844,1.27,1.069,3.157,4.122,4.309,4.123,4.106,0.916,1.034
2023-03-14,2.285,1.088,1.053,4.307,4.124,0.635,1.384,1.193,3.72,6.002,0.477,0.802,2.649,1.114,0.875,1.147,0.898,0.883,1.101,0.846,1.251,1.045,3.135,4.148,4.328,4.288,4.125,0.917,1.039
2023-03-15,2.285,1.085,1.058,4.32,4.138,0.645,1.386,1.194,3.726,5.999,0.481,0.793,2.635,1.108,0.907,1.146,0.898,0.881,1.116,0.857,1.27,1.052,3.109,4.16,4.343,4.167,4.14,0.913,1.056
2023-03-16,2.257,1.072,1.04,4.35,4.16,0.65,1.367,1.18,3.68,5.978,0.473,0.798,2.63,1.094,0.9,1.133,0.891,0.89,1.091,0.864,1.265,1.042,3.073,4.163,4.366,4.186,4.168,0.914,1.043
2023-03-17,2.248,1.082,1.044,4.361,4.18,0.665,1.365,1.173,3.68,5.962,0.475,0.798,2.607,1.074,0.912,1.119,0.897,0.887,1.099,0.884,1.283,1.053,3.015,4.2,4.382,4.212,4.178,0.904,1.04
2023-03-20,2.229,1.077,1.028,4.46,4.267,0.664,1.351,1.165,3.674,5.97,0.461,0.801,2.617,1.08,0.92,1.125,0.904,0.896,1.086,0.881,1.275,1.056,2.967,4.279,4.478,4.29,4.269,0.908,1.057
2023-03-21,2.233,1.063,1.016,4.499,4.32,0.663,1.353,1.165,3.663,5.959,0.458,0.795,2.603,1.089,0.936,1.121,0.899,0.892,1.093,0.88,1.278,1.062,2.999,4.335,4.53,4.352,4.32,0.905,1.068
2023-03-22,2.27,1.083,1.037,4.418,4.232,0.672,1.375,1.185,3.705,6.015,0.472,0.796,2.642,1.102,0.936,1.129,0.904,0.891,1.118,0.893,1.293,1.071,3.054,4.284,4.447,4.313,4.226,0.914,1.073
2023-03-23,2.262,1.092,1.028,4.446,4.254,0.664,1.37,1.18,3.7,6.035,0.471,0.806,2.649,1.095,0.933,1.123,0.893,0.895,1.123,0.882,1.274,1.07,3.038,4.33,4.469,4.279,4.259,0.915,1.071
2023-03-24,2.292,1.103,1.039,4.468,4.281,0.67,1.387,1.195,3.743,6.08,0.473,0.812,2.66,1.109,0.98,1.134,0.909,0.897,1.124,0.888,1.273,1.07,3.051,4.305,4.485,4.307,4.28,0.927,1.1
2023-03-27,2.293,1.103,1.038,4.453,4.27,0.676,1.389,1.199,3.745,6.083,0.469,0.803,2.661,1.102,0.968,1.124,0.911,0.891,1.11,0.897,1.287,1.087,3.051,4.289,4.479,4.308,4.267,0.925,1.102
2023-03-28,2.322,1.1,1.037,4.424,4.235,0.674,1.407,1.213,3.726,6.081,0.474,0.798,2.676,1.103,0.954,1.112,0.913,0.88,1.12,0.891,1.287,1.083,3.077,4.266,4.447,4.268,4.233,0.924,1.098
2023-03-29,2.3,1.14,1.052,4.436,4.245,0.673,1.39,1.201,3.738,6.075,0.475,0.799,2.657,1.087,0.929,1.098,0.909,0.886,1.125,0.89,1.29,1.083,3.041,4.247,4.465,4.263,4.248,0.915,1.082
2023-03-30,2.3,1.128,1.05,4.427,4.237,0.683,1.389,1.199,3.718,6.039,0.471,0.793,2.635,1.08,0.96,1.083,0.901,0.883,1.141,0.902,1.306,1.085,3.051,4.25,4.448,4.273,4.241,0.916,1.105
2023-03-31,2.321,1.146,1.068,4.453,4.263,0.688,1.402,1.206,3.765,6.072,0.473,0.801,2.64,1.096,0.968,1.087,0.905,0.883,1.159,0.912,1.311,1.095,3.073,4.274,4.473,4.285,4.262,0.921,1.108
2023-04-03,2.327,1.133,1.066,4.426,4.264,0.693,1.413,1.211,3.77,6.13,0.469,0.804,2.667,1.101,0.991,1.091,0.905,0.889,1.161,0.919,1.325,1.095,3.086,4.271,4.454,4.274,4.27,0.926,1.13
2023-04-04,2.366,1.134,1.068,4.446,4.255,0.695,1.432,1.237,3.8,6.189,0.465,0.813,2.706,1.107,1.025,1.11,0.942,0.896,1.16,0.921,1.331,1.102,3.099,4.245,4.464,4.271,4.26,0.936,1.169
2023-04-06,2.334,1.122,1.067,4.526,4.329,0.684,1.416,1.223,3.805,6.174,0.469,0.81,2.691,1.099,1.036,1.107,0.943,0.902,1.157,0.907,1.322,1.098,3.009,4.34,4.542,4.353,4.329,0.932,1.164
2023-04-07,2.351,1.137,1.058,4.522,4.328,0.69,1.425,1.229,3.808,6.186,0.471,0.807,2.706,1.115,1.091,1.119,0.94,0.896,1.168,0.915,1.326,1.09,3.034,4.343,4.545,4.358,4.324,0.936,1.194
2023-04-10,2.379,1.144,1.051,4.49,4.308,0.688,1.439,1.239,3.848,6.242,0.484,0.806,2.736,1.107,1.104,1.132,0.958,0.893,1.167,0.914,1.326,1.085,3.064,4.319,4.525,4.342,4.301,0.947,1.208
2023-04-11,2.367,1.147,1.04,4.472,4.286,0.69,1.434,1.236,3.825,6.19,0.488,0.804,2.7,1.113,1.063,1.116,0.946,0.892,1.166,0.915,1.331,1.095,3.099,4.297,4.497,4.316,4.283,0.942,1.17
2023-04-12,2.364,1.144,1.029,4.515,4.32,0.686,1.431,1.233,3.813,6.205,0.485,0.808,2.71,1.141,1.056,1.106,0.95,0.905,1.17,0.91,1.332,1.096,3.086,4.344,4.536,4.348,4.327,0.945,1.163
2023-04-13,2.345,1.122,1.006,4.528,4.336,0.678,1.421,1.225,3.799,6.208,0.479,0.813,2.722,1.14,1.064,1.112,0.947,0.923,1.172,0.899,1.323,1.095,3.038,4.36,4.546,4.376,4.335,0.945,1.168
2023-04-14,2.342,1.136,1.012,4.572,4.375,0.69,1.418,1.219,3.795,6.191,0.492,0.818,2.707,1.142,1.045,1.108,0.942,0.923,1.187,0.915,1.338,1.11,3.022,4.388,4.593,4.402,4.382,0.941,1.149
2023-04-17,2.354,1.131,1.004,4.486,4.3,0.689,1.424,1.228,3.801,6.185,0.486,0.821,2.721,1.166,1.083,1.109,0.941,0.919,1.197,0.915,1.339,1.107,3.064,4.371,4.52,4.348,4.297,0.942,1.176
2023-04-18,2.362,1.147,1.014,4.492,4.303,0.688,1.429,1.232,3.864,6.23,0.487,0.833,2.712,1.18,1.07,1.112,0.966,0.929,1.186,0.914,1.34,1.11,3.102,4.318,4.51,4.342,4.301,0.953,1.178
2023-04-19,2.356,1.148,1.025,4.499,4.309,0.689,1.427,1.23,3.874,6.215,0.484,0.845,2.71,1.181,1.053,1.106,0.959,0.932,1.19,0.914,1.342,1.108,3.112,4.324,4.527,4.342,4.314,0.954,1.17
2023-04-20,2.337,1.133,1.01,4.483,4.297,0.688,1.418,1.223,3.838,6.185,0.48,0.838,2.696,1.172,1.047,1.097,0.945,0.934,1.193,0.913,1.341,1.108,3.077,4.315,4.509,4.333,4.298,0.949,1.177
2023-04-21,2.318,1.135,0.997,4.503,4.308,0.685,1.401,1.206,3.823,6.182,0.47,0.839,2.697,1.145,1.08,1.09,0.95,0.941,1.188,0.91,1.336,1.112,2.989,4.321,4.52,4.343,4.313,0.944,1.211
2023-04-24,2.267,1.12,0.992,4.47,4.282,0.684,1.373,1.181,3.749,6.033,0.465,0.826,2.63,1.123,1.01,1.091,0.911,0.929,1.19,0.908,1.336,1.119,2.957,4.291,4.487,4.318,4.29,0.923,1.156
2023-04-25,2.236,1.111,0.975,4.495,4.305,0.684,1.352,1.168,3.7,5.982,0.463,0.822,2.604,1.099,0.992,1.075,0.902,0.925,1.201,0.908,1.339,1.118,2.889,4.313,4.518,4.342,4.31,0.915,1.141
2023-04-26,2.187,1.098,0.986,4.517,4.323,0.683,1.324,1.149,3.678,5.884,0.452,0.814,2.557,1.06,0.96,1.051,0.9,0.932,1.207,0.907,1.333,1.116,2.789,4.345,4.542,4.36,4.328,0.898,1.115
2023-04-27,2.219,1.111,0.984,4.514,4.319,0.682,1.348,1.164,3.668,5.917,0.454,0.827,2.56,1.076,0.936,1.063,0.9,0.935,1.198,0.905,1.324,1.114,2.934,4.34,4.535,4.353,4.322,0.9,1.11
2023-04-28,2.247,1.117,0.994,4.498,4.296,0.696,1.362,1.172,3.717,5.957,0.461,0.822,2.574,1.077,0.937,1.087,0.912,0.94,1.202,0.921,1.343,1.116,2.95,4.345,4.516,4.348,4.3,0.911,1.107
2023-05-04,2.253,1.106,1.002,4.604,4.407,0.69,1.363,1.179,3.733,6.02,0.461,0.836,2.605,1.093,0.954,1.088,0.922,0.961,1.203,0.916,1.327,1.122,2.918,4.391,4.627,4.4,4.41,0.915,1.125
2023-05-05,2.228,1.124,0.992,4.612,4.41,0.689,1.348,1.165,3.746,6.038,0.463,0.847,2.602,1.088,0.933,1.088,0.939,0.988,1.196,0.915,1.326,1.133,2.905,4.415,4.632,4.442,4.416,0.915,1.107
2023-05-08,2.21,1.126,0.995,4.566,4.354,0.7,1.336,1.155,3.736,5.983,0.459,0.856,2.573,1.07,0.921,1.078,0.951,0.985,1.205,0.93,1.342,1.137,2.882,4.425,4.591,4.456,4.358,0.907,1.096
2023-05-09,2.209,1.133,0.983,4.561,4.365,0.701,1.338,1.155,3.779,6.022,0.457,0.873,2.601,1.087,0.925,1.112,0.976,1.011,1.205,0.931,1.344,1.135,2.886,4.376,4.579,4.397,4.371,0.922,1.102
2023-05-10,2.176,1.116,0.984,4.588,4.401,0.699,1.323,1.143,3.737,5.962,0.452,0.864,2.557,1.066,0.901,1.09,0.973,0.995,1.199,0.927,1.343,1.137,2.837,4.408,4.606,4.448,4.393,0.903,1.073
2023-05-11,2.201,1.115,0.981,4.593,4.4,0.709,1.33,1.152,3.718,5.959,0.454,0.851,2.569,1.071,0.9,1.083,0.958,0.972,1.201,0.94,1.351,1.134,2.895,4.402,4.614,4.435,4.403,0.905,1.077
2023-05-12,2.211,1.116,0.977,4.569,4.383,0.715,1.34,1.153,3.702,5.928,0.451,0.847,2.559,1.061,0.899,1.071,0.954,0.972,1.194,0.947,1.354,1.148,2.918,4.379,4.597,4.399,4.38,0.902,1.072
2023-05-15,2.192,1.106,0.97,4.569,4.376,0.709,1.328,1.145,3.654,5.869,0.449,0.838,2.532,1.031,0.88,1.056,0.941,0.959,1.192,0.943,1.349,1.17,2.889,4.398,4.59,4.405,4.382,0.896,1.054
2023-05-16,2.242,1.135,0.98,4.574,4.379,0.714,1.357,1.169,3.714,5.942,0.461,0.832,2.551,1.07,0.894,1.085,0.954,0.953,1.19,0.947,1.352,1.17,2.999,4.392,4.597,4.401,4.385,0.899,1.07
2023-05-17,2.23,1.129,0.969,4.54,4.35,0.72,1.351,1.165,3.691,5.886,0.463,0.832,2.526,1.057,0.895,1.077,0.945,0.944,1.188,0.954,1.353,1.183,2.989,4.365,4.574,4.376,4.352,0.898,1.066
2023-05-18,2.233,1.122,0.96,4.534,4.347,0.728,1.354,1.167,3.678,5.914,0.459,0.834,2.537,1.057,0.909,1.105,0.946,0.949,1.201,0.965,1.369,1.237,2.983,4.366,4.564,4.379,4.347,0.897,1.073
2023-05-19,2.212,1.118,0.949,4.506,4.33,0.748,1.341,1.159,3.66,5.905,0.454,0.832,2.549,1.046,0.915,1.102,0.938,0.952,1.22,0.992,1.393,1.305,2.921,4.345,4.54,4.372,4.327,0.893,1.081
2023-05-22,2.216,1.119,0.959,4.544,4.345,0.745,1.343,1.159,3.663,5.917,0.459,0.828,2.558,1.041,0.935,1.105,0.926,0.939,1.228,0.985,1.385,1.396,2.902,4.351,4.558,4.382,4.351,0.9,1.084
2023-05-23,2.216,1.129,0.977,4.525,4.34,0.751,1.342,1.157,3.687,5.909,0.463,0.823,2.559,1.045,0.917,1.099,0.927,0.941,1.226,0.993,1.395,1.299,2.931,4.34,4.551,4.369,4.339,0.901,1.071
2023-05-24,2.181,1.107,0.966,4.55,4.356,0.742,1.324,1.144,3.622,5.84,0.461,0.819,2.532,1.027,0.898,1.081,0.91,0.924,1.212,0.982,1.381,1.191,2.902,4.374,4.563,4.38,4.363,0.892,1.055
2023-05-25,2.179,1.09,0.952,4.516,4.322,0.746,1.321,1.142,3.568,5.8,0.454,0.806,2.523,1.018,0.906,1.073,0.896,0.912,1.194,0.987,1.377,1.199,2.908,4.362,4.542,4.356,4.327,0.884,1.055
2023-05-26,2.183,1.07,0.946,4.505,4.309,0.755,1.322,1.143,3.563,5.782,0.452,0.796,2.513,1.008,0.916,1.08,0.898,0.905,1.193,1.0,1.38,1.204,2.924,4.324,4.525,4.339,4.317,0.884,1.068
2023-05-29,2.171,1.079,0.945,4.501,4.302,0.777,1.317,1.134,3.578,5.85,0.454,0.803,2.551,1.008,0.939,1.088,0.905,0.926,1.202,1.029,1.403,1.201,2.869,4.322,4.521,4.326,4.31,0.887,1.086
2023-05-30,2.139,1.072,0.936,4.499,4.312,0.777,1.297,1.117,3.546,5.823,0.451,0.806,2.539,1.001,0.932,1.076,0.894,0.921,1.202,1.032,1.404,1.194,2.782,4.315,4.52,4.333,4.31,0.885,1.07
2023-05-31,2.149,1.06,0.925,4.53,4.338,0.779,1.304,1.128,3.548,5.85,0.445,0.813,2.55,1.001,0.938,1.07,0.895,0.928,1.194,1.034,1.406,1.194,2.795,4.343,4.59,4.358,4.341,0.884,1.087
2023-06-01,2.133,1.05,0.909,4.561,4.363,0.775,1.29,1.116,3.519,5.854,0.437,0.801,2.548,0.999,0.942,1.073,0.891,0.918,1.176,1.028,1.4,1.2,2.753,4.4,4.579,4.403,4.373,0.881,1.093
2023-06-02,2.156,1.068,0.919,4.572,4.378,0.785,1.306,1.128,3.55,5.88,0.441,0.799,2.562,1.014,0.949,1.085,0.896,0.933,1.194,1.041,1.414,1.212,2.763,4.381,4.593,4.4,4.382,0.882,1.102
2023-06-05,2.173,1.095,0.931,4.493,4.338,0.789,1.32,1.136,3.577,5.905,0.443,0.819,2.575,1.041,0.948,1.078,0.899,0.93,1.207,1.048,1.432,1.235,2.808,4.334,4.577,4.397,4.33,0.89,1.105
2023-06-06,2.14,1.101,0.918,4.544,4.351,0.792,1.299,1.12,3.566,5.902,0.441,0.818,2.575,1.032,0.938,1.068,0.893,0.939,1.198,1.05,1.434,1.253,2.743,4.355,4.564,4.38,4.357,0.891,1.093
2023-06-07,2.105,1.111,0.919,4.556,4.362,0.792,1.276,1.105,3.54,5.791,0.434,0.804,2.526,1.026,0.918,1.045,0.882,0.931,1.203,1.05,1.436,1.267,2.724,4.372,4.579,4.388,4.368,0.879,1.068
2023-06-08,2.075,1.112,0.906,4.528,4.344,0.782,1.256,1.082,3.516,5.794,0.425,0.812,2.519,1.01,0.913,1.036,0.883,0.941,1.203,1.036,1.436,1.245,2.672,4.37,4.553,4.366,4.341,0.873,1.063
2023-06-09,2.073,1.12,0.919,4.555,4.361,0.788,1.257,1.083,3.549,5.79,0.424,0.819,2.507,1.027,0.901,1.037,0.893,0.947,1.208,1.045,1.44,1.245,2.682,4.368,4.574,4.394,4.366,0.876,1.053
2023-06-12,2.08,1.125,0.914,4.556,4.364,0.795,1.262,1.089,3.56,5.835,0.427,0.818,2.525,1.024,0.909,1.036,0.889,0.949,1.211,1.055,1.448,1.258,2.685,4.38,4.581,4.389,4.368,0.881,1.076
2023-06-13,2.093,1.123,0.939,4.571,4.375,0.811,1.274,1.095,3.56,5.847,0.428,0.812,2.54,1.026,0.915,1.037,0.882,0.938,1.226,1.079,1.465,1.283,2.695,4.385,4.592,4.421,4.383,0.89,1.07
2023-06-14,2.115,1.138,0.944,4.553,4.363,0.818,1.282,1.104,3.599,5.874,0.43,0.81,2.549,1.031,0.941,1.039,0.889,0.936,1.245,1.089,1.478,1.306,2.708,4.398,4.584,4.381,4.362,0.888,1.083
2023-06-15,2.114,1.14,0.959,4.541,4.339,0.824,1.279,1.102,3.606,5.88,0.432,0.811,2.566,1.029,0.943,1.037,0.89,0.931,1.244,1.093,1.478,1.299,2.675,4.352,4.562,4.363,4.348,0.889,1.079
2023-06-16,2.185,1.153,0.975,4.548,4.355,0.828,1.323,1.138,3.669,5.927,0.441,0.811,2.57,1.037,0.933,1.048,0.903,0.935,1.249,1.098,1.482,1.282,2.811,4.368,4.566,4.371,4.36,0.898,1.082
2023-06-19,2.211,1.161,0.974,4.557,4.361,0.826,1.339,1.153,3.699,5.98,0.442,0.819,2.595,1.043,0.939,1.062,0.905,0.933,1.256,1.097,1.483,1.282,2.831,4.365,4.574,4.396,4.365,0.901,1.098
2023-06-20,2.203,1.156,0.958,4.555,4.363,0.827,1.338,1.153,3.661,5.963,0.439,0.81,2.608,1.021,0.943,1.072,0.897,0.916,1.248,1.096,1.484,1.275,2.808,4.374,4.578,4.392,4.368,0.897,1.098
2023-06-21,2.206,1.135,0.953,4.544,4.348,0.829,1.335,1.155,3.655,5.952,0.434,0.804,2.608,1.015,0.938,1.101,0.894,0.911,1.245,1.1,1.487,1.28,2.814,4.362,4.574,4.436,4.36,0.895,1.096
2023-06-26,2.14,1.11,0.938,4.54,4.349,0.823,1.296,1.115,3.586,5.804,0.422,0.801,2.544,0.995,0.895,1.085,0.872,0.898,1.227,1.091,1.478,1.279,2.747,4.36,4.563,4.377,4.353,0.882,1.059
2023-06-27,2.133,1.11,0.928,4.547,4.35,0.812,1.294,1.115,3.562,5.733,0.424,0.791,2.51,0.99,0.894,1.074,0.86,0.887,1.225,1.077,1.478,1.238,2.782,4.36,4.572,4.418,4.358,0.873,1.057
2023-06-28,2.134,1.121,0.93,4.523,4.323,0.821,1.296,1.117,3.583,5.773,0.424,0.799,2.533,1.004,0.891,1.089,0.865,0.905,1.236,1.088,1.485,1.251,2.779,4.336,4.544,4.356,4.33,0.883,1.059
2023-06-29,2.121,1.129,0.934,4.524,4.332,0.829,1.287,1.112,3.597,5.778,0.421,0.812,2.525,0.999,0.887,1.093,0.864,0.91,1.251,1.098,1.494,1.279,2.795,4.343,4.541,4.364,4.335,0.883,1.052
2023-06-30,2.126,1.115,0.926,4.541,4.339,0.829,1.288,1.112,3.578,5.771,0.421,0.812,2.533,0.993,0.881,1.105,0.862,0.906,1.245,1.099,1.506,1.254,2.795,4.354,4.561,4.386,4.35,0.884,1.045
2023-07-03,2.168,1.122,0.926,4.552,4.356,0.84,1.314,1.131,3.61,5.864,0.426,0.823,2.582,1.013,0.897,1.124,0.879,0.912,1.253,1.116,1.521,1.281,2.857,4.366,4.57,4.375,4.364,0.896,1.053
2023-07-04,2.169,1.137,0.943,4.549,4.355,0.84,1.319,1.134,3.645,5.879,0.428,0.829,2.569,1.035,0.901,1.13,0.89,0.922,1.25,1.114,1.52,1.27,2.86,4.366,4.568,4.388,4.358,0.907,1.053
2023-07-05,2.176,1.137,0.948,4.555,4.36,0.838,1.32,1.137,3.648,5.892,0.431,0.827,2.581,1.019,0.915,1.129,0.89,0.921,1.244,1.112,1.517,1.271,2.837,4.372,4.572,4.379,4.366,0.903,1.06
2023-07-06,2.15,1.122,0.929,4.555,4.365,0.841,1.305,1.126,3.62,5.86,0.428,0.822,2.56,1.045,0.906,1.118,0.884,0.919,1.233,1.115,1.517,1.251,2.805,4.378,4.575,4.39,4.365,0.9,1.048
2023-07-07,2.13,1.102,0.922,4.542,4.365,0.835,1.293,1.118,3.595,5.83,0.421,0.813,2.557,1.021,0.906,1.108,0.881,0.913,1.209,1.106,1.503,1.248,2.782,4.366,4.556,4.381,4.345,0.896,1.045
2023-07-10,2.127,1.111,0.93,4.556,4.36,0.83,1.288,1.109,3.606,5.838,0.423,0.821,2.554,1.026,0.898,1.102,0.894,0.922,1.215,1.101,1.494,1.239,2.766,4.375,4.575,4.389,4.367,0.908,1.039
2023-07-11,2.147,1.109,0.933,4.565,4.364,0.831,1.304,1.119,3.617,5.849,0.425,0.822,2.549,1.031,0.899,1.107,0.893,0.92,1.227,1.1,1.5,1.251,2.831,4.365,4.578,4.4,4.37,0.896,1.042
2023-07-12,2.162,1.112,0.928,4.563,4.371,0.834,1.311,1.128,3.634,5.889,0.427,0.824,2.568,1.036,0.92,1.113,0.895,0.922,1.236,1.104,1.505,1.237,2.818,4.383,4.584,4.408,4.375,0.906,1.046
2023-07-13,2.151,1.128,0.934,4.592,4.395,0.841,1.305,1.126,3.63,5.849,0.426,0.82,2.538,1.046,0.906,1.092,0.892,0.924,1.254,1.113,1.513,1.259,2.831,4.395,4.61,4.441,4.407,0.903,1.034
2023-07-14,2.184,1.147,0.955,4.589,4.397,0.855,1.324,1.143,3.68,5.915,0.433,0.829,2.56,1.055,0.924,1.1,0.904,0.934,1.268,1.129,1.519,1.267,2.847,4.391,4.622,4.427,4.399,0.907,1.044
2023-07-17,2.163,1.132,0.946,4.584,4.388,0.85,1.312,1.134,3.666,5.879,0.43,0.83,2.545,1.043,0.917,1.094,0.9,0.935,1.264,1.126,1.515,1.259,2.802,4.4,4.606,4.417,4.394,0.908,1.034
2023-07-18,2.155,1.135,0.94,4.602,4.41,,,1.124,3.645,,0.428,,,1.032,0.913,1.096,0.898,,1.272,,1.525,1.273,2.789,4.4,,4.432,4.41,0.901,1.029
2023-07-19,2.145,1.113,0.934,4.657,4.46,0.872,1.29,1.124,3.63,5.854,0.429,0.827,2.539,1.034,0.91,1.1,0.897,0.929,1.284,1.153,1.543,1.281,2.769,4.465,4.678,4.478,4.463,0.899,1.028
2023-07-20,2.129,1.127,0.937,4.67,4.471,0.87,1.289,1.115,3.643,5.865,0.428,0.829,2.537,1.038,0.905,1.091,0.907,0.938,1.28,1.152,1.549,1.277,2.73,4.458,4.692,4.495,4.477,0.9,1.021
2023-07-21,2.1,1.117,0.936,4.64,4.445,0.849,1.275,1.097,3.608,5.785,0.425,0.823,2.5,1.037,0.884,1.069,0.894,0.927,1.271,1.124,1.531,1.252,2.724,4.442,4.666,4.464,4.443,0.894,1.005
2023-07-24,2.1,1.104,0.949,4.638,4.437,0.849,1.277,1.098,3.59,5.76,0.428,0.825,2.494,1.027,0.879,1.065,0.895,0.931,1.266,1.124,1.535,1.255,2.692,4.444,4.66,4.452,4.45,0.889,1.0
2023-07-25,2.123,1.128,0.954,4.625,4.424,0.852,1.286,1.105,3.64,5.83,0.434,0.823,2.511,1.023,0.887,1.082,0.929,0.935,1.264,1.131,1.54,1.25,2.692,4.447,4.643,4.444,4.426,0.889,1.004
2023-07-26,2.13,1.134,0.966,4.618,4.424,0.855,1.295,1.115,3.7,5.877,0.435,0.842,2.53,1.046,0.889,1.082,0.942,0.947,1.259,1.13,1.541,1.248,2.721,4.423,4.638,4.448,4.425,0.899,1.009
2023-07-27,2.14,1.146,0.97,4.634,4.435,0.855,1.3,1.119,3.705,5.872,0.44,0.844,2.526,1.05,0.886,1.078,0.944,0.945,1.257,1.131,1.542,1.257,2.737,4.46,4.655,4.458,4.439,0.9,1.006
2023-07-28,2.12,1.144,0.973,4.608,4.417,0.856,1.29,1.111,3.673,5.8,0.44,0.84,2.492,1.032,0.872,1.068,0.933,0.946,1.265,1.133,1.535,1.254,2.695,4.418,4.635,4.438,4.421,0.894,0.994
2023-07-31,2.172,1.188,1.001,4.608,4.406,0.867,1.315,1.131,3.82,5.926,0.45,0.857,2.525,1.048,0.878,1.073,1.026,0.966,1.27,1.146,1.542,1.28,2.75,4.41,4.622,4.478,4.408,0.903,1.01
2023-08-01,2.18,1.189,1.0,4.617,4.414,0.869,1.325,1.139,3.8,5.956,0.436,0.856,2.543,1.064,0.887,1.077,1.001,0.969,1.271,1.151,1.546,1.262,2.759,4.436,4.634,4.452,4.423,0.907,1.016
2023-08-02,2.166,1.172,0.985,4.612,4.41,0.866,1.314,1.131,3.779,5.957,0.434,0.865,2.538,1.064,0.887,1.078,1.006,0.97,1.256,1.149,1.542,1.254,2.75,4.418,4.635,4.437,4.414,0.907,1.013
2023-08-03,2.158,1.148,0.98,4.602,4.409,0.847,1.31,1.129,3.751,5.936,0.427,0.846,2.532,1.052,0.884,1.071,1.027,0.958,1.232,1.121,1.525,1.223,2.73,4.41,4.625,4.432,4.41,0.906,1.009
2023-08-04,2.21,1.164,0.999,4.588,4.39,0.845,1.341,1.15,3.835,5.99,0.436,0.852,2.543,1.055,0.893,1.072,1.08,0.968,1.232,1.121,1.52,1.22,2.792,4.411,4.607,4.41,4.389,0.916,1.019
2023-08-07,2.198,1.149,0.986,4.606,4.41,0.844,1.336,1.152,3.796,5.994,0.429,0.848,2.547,1.054,0.885,1.068,1.041,0.962,1.235,1.121,1.517,1.226,2.789,4.415,4.624,4.44,4.416,0.916,1.019
2023-08-08,2.183,1.15,0.978,4.601,4.405,0.847,1.324,1.143,3.768,5.95,0.416,0.836,2.533,1.054,0.879,1.065,1.056,0.952,1.236,1.123,1.528,1.237,2.782,4.418,4.624,4.437,4.41,0.908,1.012
2023-08-09,2.17,1.13,0.976,4.599,4.404,0.844,1.317,1.136,3.758,5.925,0.419,0.836,2.52,1.055,0.875,1.051,1.047,0.955,1.229,1.119,1.528,1.23,2.756,4.417,4.624,4.437,4.412,0.903,1.008
2023-08-10,2.173,1.135,0.978,4.594,4.395,0.834,1.318,1.139,3.758,5.897,0.425,0.836,2.507,1.049,0.868,1.05,1.053,0.951,1.234,1.107,1.52,1.223,2.763,4.396,4.605,4.417,4.395,0.898,1.0
2023-08-11,2.187,1.144,0.978,4.588,4.393,0.836,1.326,1.141,3.765,5.896,0.427,0.839,2.505,1.05,0.87,1.05,1.066,0.951,1.242,1.111,1.521,1.228,2.776,4.412,4.607,4.418,4.401,0.902,1.004
2023-08-14,2.112,1.119,0.95,4.603,4.408,0.832,1.29,1.105,3.639,5.73,0.418,0.828,2.447,1.021,0.842,1.033,1.006,0.932,1.237,1.104,1.523,1.226,2.692,4.418,4.625,4.437,4.415,0.887,0.977
2023-08-15,2.112,1.116,0.944,4.613,4.414,0.844,1.283,1.107,3.647,5.77,0.422,0.826,2.461,1.015,0.843,1.04,1.011,0.938,1.238,1.119,1.538,1.223,2.679,4.42,4.626,4.437,4.421,0.887,0.974
2023-08-16,2.085,1.108,0.938,4.62,4.422,0.839,1.265,1.09,3.622,5.726,0.419,0.826,2.432,1.005,0.818,1.027,1.024,0.942,1.228,1.113,1.528,1.205,2.617,4.428,4.644,4.454,4.433,0.887,0.958
2023-08-17,2.078,1.086,0.936,4.614,4.42,0.828,1.26,1.087,3.591,5.682,0.419,0.829,2.408,0.996,0.801,1.012,1.028,0.935,1.219,1.098,1.513,1.186,2.604,4.434,4.643,4.444,4.422,0.877,0.94
2023-08-18,2.09,1.102,0.951,4.607,4.416,0.817,1.269,1.092,3.624,5.735,0.422,0.829,2.44,1.002,0.815,1.043,1.038,0.937,1.215,1.086,1.495,1.19,2.611,4.425,4.633,4.438,4.417,0.883,0.969
2023-08-21,2.061,1.073,0.931,4.611,4.414,0.818,1.255,1.08,3.563,5.631,0.413,0.821,2.381,0.984,0.801,1.04,1.01,0.936,1.21,1.084,1.497,1.193,2.585,4.42,4.632,4.441,4.422,0.871,0.942
2023-08-22,2.043,1.066,0.93,4.625,4.428,0.828,1.237,1.068,3.538,5.59,0.412,0.813,2.367,0.977,0.796,1.02,0.989,0.93,1.222,1.098,1.503,1.209,2.543,4.428,4.647,4.452,4.434,0.86,0.94
2023-08-23,2.023,1.065,0.923,4.63,4.43,0.832,1.233,1.063,3.53,5.594,0.408,0.808,2.363,0.979,0.8,1.03,0.995,0.936,1.225,1.104,1.507,1.203,2.481,4.444,4.652,4.446,4.44,0.861,0.94
2023-08-24,1.995,1.074,0.914,4.662,4.449,0.85,1.211,1.041,3.495,5.502,0.403,0.805,2.331,0.966,0.789,1.011,0.983,0.941,1.226,1.127,1.528,1.216,2.433,4.465,4.668,4.568,4.461,0.85,0.926
2023-08-25,2.0,1.079,0.925,4.649,4.452,0.826,1.218,1.048,3.496,5.494,0.41,0.804,2.32,0.97,0.79,1.006,0.988,0.932,1.204,1.097,1.503,1.198,2.442,4.466,4.669,4.474,4.452,0.853,0.923
2023-08-28,2.136,1.115,0.97,4.636,4.419,0.829,1.273,1.105,3.731,5.749,0.433,0.843,2.429,1.01,0.824,1.039,1.098,0.97,1.205,1.102,1.508,1.198,2.565,4.448,4.658,4.462,4.438,0.895,0.976
2023-08-29,2.002,1.092,0.928,4.651,4.449,0.841,1.217,1.05,3.54,5.502,0.414,0.815,2.309,0.965,0.778,1.0,1.011,0.945,1.22,1.113,1.523,1.212,2.446,4.452,4.675,4.478,4.459,0.855,0.921
2023-08-30,2.064,1.113,0.939,4.667,4.467,0.858,1.255,1.082,3.584,5.634,0.422,0.827,2.377,0.982,0.827,1.031,1.008,0.947,1.236,1.135,1.544,1.217,2.507,4.471,4.694,4.496,4.477,0.877,0.977
2023-08-31,2.062,1.11,0.935,4.68,4.481,0.861,1.251,1.078,3.578,5.629,0.419,0.827,2.387,0.981,0.83,1.039,0.986,0.937,1.237,1.141,1.549,1.223,2.497,4.487,4.703,4.547,4.488,0.878,0.98
2023-09-01,2.058,1.097,0.938,4.668,4.473,0.859,1.247,1.075,3.577,5.619,0.419,0.816,2.383,0.974,0.846,1.034,0.975,0.932,1.242,1.138,1.542,1.237,2.478,4.49,4.685,4.509,4.472,0.874,0.987
2023-09-04,2.058,1.114,0.949,4.683,4.494,0.86,1.249,1.074,3.61,5.641,0.417,0.837,2.384,0.999,0.841,1.031,0.973,0.938,1.223,1.14,1.546,1.233,2.481,4.498,4.708,4.525,4.491,0.88,0.98
2023-09-05,2.06,1.116,0.963,4.697,4.498,0.861,1.253,1.078,3.63,5.687,0.419,0.842,2.411,1.017,0.852,1.037,0.973,0.955,1.219,1.141,1.546,1.234,2.488,4.512,4.717,4.529,4.501,0.887,0.986
2023-09-06,2.05,1.106,0.952,4.701,4.502,0.866,1.246,1.072,3.6,5.636,0.417,0.832,2.392,1.017,0.844,1.034,0.962,0.946,1.214,1.146,1.548,1.243,2.497,4.514,4.729,4.489,4.504,0.88,0.971
2023-09-07,2.043,1.107,0.949,4.701,4.5,0.858,1.242,1.069,3.595,5.651,0.412,0.836,2.411,1.013,0.865,1.052,0.963,0.945,1.211,1.137,1.538,1.241,2.472,4.512,4.722,4.536,4.505,0.883,0.973
2023-09-08,2.0,1.09,0.936,4.727,4.521,0.854,1.215,1.044,3.535,5.555,0.404,0.823,2.366,0.999,0.832,1.037,0.956,0.941,1.207,1.131,1.538,1.223,2.41,4.536,4.742,4.543,4.531,0.87,0.937
2023-09-11,2.0,1.091,0.932,4.728,4.525,0.857,1.214,1.047,3.53,5.574,0.406,0.82,2.372,0.991,0.846,1.063,0.964,0.937,1.22,1.136,1.543,1.226,2.387,4.538,4.751,4.559,4.534,0.874,0.945
2023-09-12,2.007,1.086,0.941,4.735,4.533,0.86,1.22,1.051,3.554,5.634,0.414,0.832,2.403,1.006,0.846,1.051,0.973,0.944,1.216,1.141,1.539,1.225,2.394,4.581,4.753,4.558,4.542,0.881,0.95
2023-09-13,1.995,1.092,0.942,4.75,4.541,0.851,1.214,1.045,3.551,5.635,0.413,0.834,2.405,1.001,0.837,1.046,0.966,0.941,1.208,1.128,1.532,1.232,2.4,4.544,4.763,4.569,4.546,0.878,0.944
2023-09-14,1.969,1.088,0.941,4.763,4.555,0.855,1.198,1.026,3.526,5.573,0.41,0.835,2.375,0.997,0.829,1.03,0.958,0.945,1.202,1.133,1.533,1.23,2.362,4.6,4.786,4.585,4.566,0.867,0.93
2023-09-15,1.962,1.092,0.938,4.83,4.63,0.862,1.193,1.027,3.531,5.581,0.412,0.842,2.368,1.006,0.822,1.029,0.965,0.951,1.211,1.145,1.549,1.25,2.355,4.61,4.861,4.668,4.636,0.872,0.926
2023-09-18,1.951,1.086,0.927,4.743,4.551,0.847,1.185,1.018,3.498,5.56,0.417,0.841,2.359,0.998,0.824,1.025,0.951,0.948,1.205,1.124,1.528,1.24,2.32,4.561,4.774,4.576,4.545,0.87,0.925
2023-09-19,1.966,1.082,0.935,4.736,4.539,0.85,1.196,1.029,3.516,5.577,0.423,0.838,2.369,1.002,0.815,1.021,0.955,0.949,1.2,1.126,1.531,1.24,2.352,4.56,4.748,4.571,4.536,0.873,0.923
2023-09-20,1.947,1.082,0.932,4.776,4.571,0.846,1.183,1.02,3.505,5.542,0.421,0.846,2.348,0.995,0.809,1.006,0.954,0.954,1.197,1.122,1.528,1.24,2.323,4.586,4.791,4.592,4.574,0.871,0.914
2023-09-21,1.93,1.076,0.929,4.799,4.59,0.833,1.174,1.013,3.489,5.506,0.418,0.839,2.322,0.987,0.797,1.0,0.951,0.958,1.196,1.105,1.512,1.222,2.294,4.644,4.816,4.621,4.594,0.864,0.906
2023-09-22,1.913,1.064,0.914,4.778,4.576,0.818,1.161,1.0,3.456,5.463,0.414,0.831,2.31,0.976,0.795,0.994,0.943,0.95,1.175,1.085,1.489,1.205,2.271,4.616,4.807,4.606,4.587,0.858,0.902
2023-09-25,1.955,1.085,0.933,4.762,4.555,0.821,1.188,1.025,3.526,5.56,0.419,0.841,2.352,0.98,0.815,1.01,0.969,0.959,1.181,1.089,1.488,1.214,2.307,4.569,4.784,4.592,4.555,0.871,0.924
2023-09-26,1.951,1.069,0.928,4.785,4.573,0.823,1.186,1.021,3.506,5.532,0.425,0.839,2.347,0.973,0.805,0.998,0.949,0.958,1.171,1.092,1.489,1.208,2.297,4.592,4.807,4.614,4.58,0.866,0.918
2023-09-27,1.935,1.061,0.919,4.771,4.569,0.812,1.177,1.013,3.487,5.518,0.423,0.835,2.337,0.965,0.797,0.988,0.951,0.955,1.153,1.078,1.473,1.189,2.274,4.592,4.795,4.604,4.565,0.865,0.918
2023-09-28,1.958,1.065,0.925,4.652,4.485,0.819,1.191,1.025,3.505,5.55,0.432,0.84,2.353,0.968,0.801,0.991,0.955,0.953,1.153,1.085,1.477,1.193,2.323,4.5,4.688,4.541,4.463,0.872,0.926
2023-10-09,1.95,1.055,0.91,4.611,4.413,0.828,1.187,1.02,3.477,5.55,0.428,0.843,2.362,0.96,0.806,1.005,0.941,0.948,1.142,1.099,1.472,1.165,2.326,4.463,4.638,4.476,4.4,0.871,0.929
2023-10-10,1.954,1.068,0.904,4.602,4.405,0.837,1.186,1.018,3.486,5.526,0.433,0.835,2.363,0.96,0.816,1.011,0.939,0.95,1.149,1.109,1.489,1.182,2.3,4.405,4.618,4.44,4.4,0.869,0.932
2023-10-11,1.945,1.08,0.904,4.536,4.347,0.843,1.182,1.015,3.465,5.515,0.427,0.824,2.362,0.967,0.823,1.008,0.936,0.939,1.16,1.116,1.496,1.19,2.294,4.364,4.559,4.372,4.352,0.864,0.927
2023-10-12,1.969,1.096,0.905,4.548,4.357,0.854,1.195,1.028,3.49,5.516,0.439,0.821,2.37,0.959,0.837,0.998,0.944,0.94,1.174,1.129,1.507,1.2,2.297,4.336,4.59,4.395,4.368,0.864,0.94
2023-10-13,1.954,1.081,0.901,4.573,4.376,0.848,1.188,1.023,3.47,5.506,0.434,0.824,2.362,0.973,0.833,0.991,0.932,0.941,1.166,1.122,1.5,1.208,2.329,4.38,4.594,4.418,4.385,0.866,0.936
2023-10-16,1.945,1.073,0.888,4.671,4.47,0.84,1.181,1.018,3.456,5.5,0.437,0.826,2.372,0.969,0.836,0.98,0.93,0.946,1.15,1.112,1.492,1.185,2.3,4.478,4.693,4.49,4.479,0.858,0.934
2023-10-17,1.91,1.073,0.876,4.669,4.47,0.846,1.161,0.999,3.42,5.45,0.43,0.823,2.344,0.953,0.816,0.971,0.931,0.95,1.151,1.12,1.506,1.19,2.248,4.47,4.688,4.493,4.476,0.852,0.917
2023-10-18,1.906,1.069,0.878,4.692,4.491,0.842,1.16,0.996,3.419,5.444,0.426,0.821,2.331,0.95,0.822,0.973,0.938,0.957,1.15,1.115,1.504,1.187,2.258,4.49,4.718,4.509,4.5,0.856,0.924
2023-10-19,1.878,1.058,0.875,4.747,4.55,0.832,1.14,0.975,3.38,5.365,0.418,0.806,2.291,0.933,0.806,0.957,0.936,0.948,1.14,1.104,1.493,1.175,2.21,4.545,4.772,4.563,4.549,0.846,0.907
2023-10-20,1.86,1.04,0.847,4.791,4.585,0.82,1.13,0.972,3.303,5.301,0.412,0.797,2.268,0.919,0.819,0.948,0.93,0.928,1.124,1.086,1.471,1.152,2.18,4.573,4.807,4.603,4.591,0.835,0.907
2023-10-23,1.845,1.034,0.843,4.777,4.574,0.813,1.11,0.966,3.288,5.269,0.406,0.788,2.239,0.923,0.801,0.935,0.934,0.927,1.124,1.076,1.455,1.155,2.206,4.598,4.805,4.622,4.57,0.83,0.901
2023-10-24,1.818,1.029,0.844,4.771,4.569,0.815,1.108,0.952,3.273,5.155,0.409,0.771,2.192,0.899,0.79,0.929,0.919,0.916,1.125,1.081,1.453,1.143,2.158,4.58,4.796,4.603,4.574,0.817,0.887
2023-10-25,1.844,1.052,0.858,4.765,4.564,0.82,1.12,0.964,3.308,5.242,0.414,0.789,2.238,0.923,0.805,0.938,0.958,0.925,1.137,1.088,1.458,1.168,2.174,4.576,4.795,4.593,4.568,0.82,0.9
2023-10-26,1.802,1.032,0.862,4.783,4.579,0.794,1.099,0.945,3.275,5.206,0.406,0.787,2.238,0.917,0.799,0.943,0.935,0.927,1.117,1.053,1.433,1.139,2.132,4.586,4.804,4.599,4.584,0.821,0.885
2023-10-27,1.82,1.035,0.871,4.786,4.583,0.79,1.106,0.951,3.294,5.23,0.41,0.792,2.254,0.917,0.798,0.954,0.939,0.933,1.113,1.047,1.43,1.141,2.122,4.594,4.813,4.606,4.59,0.827,0.887
2023-10-30,1.874,1.047,0.891,4.831,4.626,0.795,1.14,0.979,3.342,5.335,0.425,0.807,2.292,0.941,0.818,0.959,0.942,0.935,1.112,1.053,1.426,1.142,2.203,4.644,4.855,4.656,4.635,0.842,0.901
2023-10-31,1.92,1.048,0.902,4.815,4.61,0.797,1.169,1.006,3.365,5.398,0.437,0.807,2.329,0.943,0.858,0.97,0.941,0.92,1.117,1.057,1.432,1.144,2.222,4.622,4.84,4.632,4.617,0.847,0.92
2023-11-01,1.921,1.041,0.929,4.804,4.597,0.8,1.168,1.007,3.4,5.413,0.438,0.809,2.329,0.944,0.855,0.972,0.951,0.922,1.126,1.061,1.44,1.168,2.213,4.602,4.817,4.615,4.596,0.844,0.918
2023-11-02,1.912,1.045,0.911,4.814,4.602,0.822,1.162,0.999,3.368,5.38,0.436,0.8,2.319,0.939,0.852,0.968,0.943,0.922,1.138,1.09,1.462,1.177,2.184,4.614,4.832,4.635,4.617,0.845,0.913
2023-11-03,1.894,1.05,0.903,4.804,4.598,0.831,1.15,0.99,3.351,5.325,0.434,0.797,2.301,0.929,0.839,0.951,0.937,0.924,1.154,1.102,1.485,1.191,2.142,4.609,4.832,4.629,4.605,0.835,0.904
2023-11-06,1.93,1.075,0.917,4.807,4.6,0.838,1.175,1.01,3.395,5.4,0.439,0.804,2.337,0.938,0.867,0.971,0.972,0.92,1.162,1.11,1.494,1.21,2.187,4.616,4.834,4.633,4.607,0.844,0.924
2023-11-07,1.974,1.073,0.91,4.778,4.578,0.839,1.206,1.034,3.412,5.447,0.444,0.811,2.364,0.935,0.873,0.979,0.978,0.916,1.157,1.112,1.492,1.196,2.232,4.583,4.796,4.581,4.573,0.849,0.93
2023-11-08,1.964,1.061,0.907,4.759,4.56,0.847,1.195,1.029,3.403,5.46,0.442,0.803,2.377,0.923,0.877,0.979,0.984,0.918,1.15,1.122,1.497,1.186,2.222,4.528,4.791,4.579,4.561,0.851,0.933
2023-11-09,1.968,1.055,0.905,4.728,4.528,0.848,1.196,1.028,3.391,5.46,0.444,0.805,2.385,0.917,0.88,0.977,0.975,0.918,1.15,1.123,1.498,1.186,2.229,4.524,4.753,4.574,4.534,0.851,0.942
2023-11-10,1.958,1.048,0.905,4.741,4.54,0.844,1.194,1.025,3.388,5.44,0.439,0.809,2.369,0.92,0.866,0.971,0.968,0.92,1.161,1.117,1.495,1.188,2.248,4.533,4.76,4.579,4.543,0.848,0.932
2023-11-13,1.965,1.044,0.9,4.724,4.528,0.86,1.192,1.027,3.379,5.44,0.442,0.815,2.379,0.92,0.875,0.978,0.975,0.916,1.162,1.14,1.512,1.198,2.239,4.516,4.744,4.552,4.523,0.848,0.934
2023-11-14,1.957,1.055,0.894,4.747,4.541,0.861,1.19,1.023,3.374,5.464,0.436,0.813,2.394,0.926,0.871,1.005,0.97,0.919,1.169,1.14,1.512,1.193,2.239,4.549,4.762,4.578,4.55,0.849,0.936
2023-11-15,1.98,1.07,0.9,4.763,4.565,0.878,1.199,1.032,3.4,5.533,0.44,0.817,2.427,0.931,0.889,1.015,0.993,0.922,1.199,1.166,1.543,1.215,2.252,4.566,4.782,4.591,4.563,0.855,0.955
2023-11-16,1.961,1.085,0.9,4.765,4.559,0.875,1.191,1.025,3.39,5.512,0.438,0.818,2.409,0.935,0.875,1.01,0.982,0.925,1.207,1.159,1.538,1.22,2.258,4.566,4.789,4.582,4.566,0.859,0.94
2023-11-17,1.92,1.058,0.89,4.778,4.57,0.874,1.167,1.007,3.35,5.449,0.432,0.816,2.391,0.922,0.863,1.0,0.973,0.925,1.217,1.16,1.542,1.219,2.197,4.57,4.802,4.594,4.578,0.849,0.926
2023-11-20,1.934,1.053,0.888,4.747,4.548,0.871,1.175,1.013,3.357,5.489,0.436,0.826,2.415,0.93,0.871,1.001,0.979,0.925,1.222,1.154,1.532,1.235,2.21,4.544,4.763,4.579,4.547,0.856,0.933
2023-11-21,1.949,1.064,0.895,4.707,4.516,0.875,1.181,1.016,3.375,5.529,0.44,0.829,2.44,0.931,0.867,1.018,0.977,0.927,1.22,1.159,1.53,1.221,2.21,4.51,4.738,4.535,4.516,0.856,0.935
2023-11-22,1.923,1.046,0.902,4.718,4.519,0.865,1.171,1.009,3.361,5.482,0.439,0.828,2.415,0.928,0.85,1.005,0.97,0.928,1.212,1.148,1.528,1.228,2.184,4.517,4.739,4.547,4.523,0.853,0.924
2023-11-23,1.898,1.046,0.897,4.695,4.496,0.873,1.155,0.992,3.329,5.421,0.433,0.829,2.392,0.911,0.839,0.993,0.964,0.926,1.215,1.158,1.534,1.221,2.138,4.496,4.718,4.514,4.498,0.845,0.912
2023-11-24,1.908,1.05,0.898,4.689,4.488,0.872,1.161,0.999,3.346,5.48,0.435,0.833,2.415,0.913,0.845,1.001,0.965,0.932,1.215,1.157,1.534,1.227,2.145,4.494,4.715,4.518,4.494,0.853,0.916
2023-11-27,1.883,1.045,0.899,4.723,4.52,0.869,1.146,0.988,3.324,5.418,0.434,0.841,2.383,0.904,0.83,0.983,0.952,0.931,1.225,1.151,1.534,1.227,2.112,4.513,4.744,4.541,4.531,0.845,0.905
2023-11-28,1.874,1.036,0.89,4.754,4.546,,,0.98,3.295,,0.43,,,0.899,0.846,0.985,0.946,,1.223,,1.533,1.228,2.08,4.56,,4.575,4.553,0.848,0.909
2023-11-29,1.886,1.03,0.889,4.796,4.59,0.87,1.145,0.987,3.306,5.44,0.436,0.838,2.393,0.905,0.848,0.987,0.946,0.926,1.224,1.155,1.532,1.23,2.087,4.582,4.816,4.614,4.6,0.852,0.913
2023-11-30,1.869,1.003,0.887,4.798,4.59,0.873,1.136,0.978,3.274,5.415,0.434,0.835,2.382,0.9,0.845,0.984,0.936,0.917,1.239,1.156,1.532,1.235,2.058,4.592,4.819,4.615,4.596,0.848,0.904
2023-12-01,1.873,1.005,0.892,4.785,4.586,0.866,1.139,0.979,3.281,5.391,0.436,0.839,2.368,0.897,0.843,0.976,0.938,0.92,1.25,1.148,1.535,1.245,2.045,4.588,4.814,4.622,4.589,0.843,0.907
2023-12-04,1.878,1.005,0.879,4.868,4.666,0.867,1.141,0.985,3.271,5.427,0.434,0.844,2.39,0.903,0.847,0.983,0.944,0.928,1.248,1.148,1.544,1.24,2.032,4.639,4.988,4.666,4.668,0.847,0.91
2023-12-05,1.854,0.984,0.872,4.785,4.58,0.861,1.127,0.971,3.239,5.4,0.421,0.844,2.372,0.898,0.836,0.984,0.94,0.927,1.242,1.141,1.539,1.235,2.012,4.58,4.808,4.662,4.58,0.844,0.904
2023-12-06,1.818,0.966,0.856,4.768,4.566,0.869,1.106,0.951,3.174,5.318,0.415,0.829,2.334,0.89,0.813,0.964,0.929,0.912,1.25,1.152,1.545,1.236,1.993,4.576,4.791,4.593,4.575,0.83,0.889
2023-12-07,1.828,0.974,0.865,4.781,4.577,0.861,1.112,0.957,3.181,5.328,0.416,0.834,2.339,0.907,0.813,0.964,0.925,0.911,1.257,1.143,1.536,1.24,2.032,4.582,4.808,4.593,4.585,0.833,0.891
2023-12-08,1.831,0.97,0.861,4.783,4.58,0.872,1.113,0.957,3.175,5.34,0.412,0.825,2.344,0.909,0.807,0.956,0.931,0.912,1.252,1.156,1.544,1.236,2.035,4.583,4.805,4.601,4.586,0.834,0.891
2023-12-11,1.836,0.961,0.856,4.753,4.552,0.88,1.116,0.961,3.16,5.329,0.415,0.82,2.327,0.89,0.813,0.942,0.921,0.909,1.267,1.164,1.557,1.247,1.999,4.53,4.772,4.573,4.547,0.833,0.907
2023-12-12,1.861,0.967,0.855,4.734,4.542,0.891,1.133,0.973,3.196,5.41,0.419,0.834,2.362,0.886,0.831,0.96,0.936,0.921,1.277,1.177,1.566,1.246,2.006,4.527,4.759,4.55,4.543,0.842,0.921
2023-12-13,1.85,0.973,0.86,4.73,4.521,0.898,1.122,0.971,3.202,5.417,0.417,0.838,2.371,0.884,0.829,0.965,0.936,0.922,1.274,1.188,1.575,1.249,2.006,4.531,4.751,4.56,4.533,0.843,0.915
2023-12-14,1.833,0.976,0.835,4.788,4.585,0.909,1.115,0.961,3.171,5.386,0.415,0.83,2.359,0.882,0.827,0.968,0.931,0.919,1.278,1.202,1.594,1.266,1.97,4.581,4.812,4.604,4.59,0.837,0.911
2023-12-15,1.82,0.98,0.824,4.794,4.591,0.902,1.103,0.953,3.15,5.36,0.413,0.83,2.344,0.876,0.823,0.96,0.925,0.917,1.284,1.193,1.587,1.291,1.954,4.598,4.815,4.65,4.59,0.835,0.905
2023-12-18,1.792,0.983,0.824,4.781,4.587,0.905,1.089,0.939,3.118,5.28,0.406,0.828,2.313,0.87,0.81,0.947,0.921,0.91,1.273,1.198,1.59,1.27,1.941,4.585,4.801,4.578,4.575,0.833,0.892
2023-12-19,1.771,0.979,0.823,4.783,4.579,0.911,1.076,0.928,3.117,5.243,0.407,0.816,2.285,0.859,0.799,0.932,0.919,0.912,1.268,1.208,1.598,1.282,1.905,4.58,4.809,4.608,4.584,0.821,0.885
2023-12-20,1.783,0.985,0.823,4.795,4.594,0.915,1.082,0.934,3.124,5.242,0.404,0.819,2.285,0.862,0.81,0.928,0.917,0.91,1.282,1.213,1.605,1.317,1.925,4.589,4.817,4.621,4.596,0.823,0.893
2023-12-21,1.749,0.972,0.811,4.789,4.595,0.903,1.063,0.913,3.075,5.15,0.399,0.814,2.231,0.853,0.796,0.906,0.889,0.908,1.27,1.2,1.587,1.313,1.886,4.609,4.819,4.621,4.595,0.815,0.878
2023-12-22,1.779,0.987,0.822,4.826,4.62,0.908,1.083,0.933,3.117,5.181,0.405,0.82,2.254,0.867,0.805,0.918,0.892,0.904,1.276,1.206,1.598,1.31,1.941,4.634,4.843,4.641,4.626,0.815,0.891
2023-12-25,1.777,0.971,0.825,4.831,4.626,0.909,1.08,0.929,3.125,5.168,0.402,0.817,2.231,0.878,0.793,0.934,0.889,0.908,1.277,1.21,1.6,1.315,1.977,4.701,4.853,4.653,4.631,0.812,0.886
2023-12-26,1.78,0.971,0.83,4.836,4.629,0.911,1.084,0.935,3.133,5.16,0.404,0.813,2.228,0.89,0.789,0.945,0.885,0.906,1.288,1.21,1.601,1.336,1.986,4.637,4.864,4.665,4.638,0.813,0.882
2023-12-27,1.762,0.975,0.825,4.85,4.643,0.917,1.071,0.923,3.116,5.119,0.401,0.807,2.202,0.888,0.773,0.936,0.875,0.904,1.291,1.218,1.608,1.38,1.99,4.645,4.881,4.665,4.65,0.81,0.87
2023-12-28,1.761,0.983,0.831,4.885,4.673,0.919,1.07,0.922,3.121,5.131,0.402,0.813,2.207,0.891,0.781,0.934,0.878,0.913,1.298,1.221,1.61,1.333,1.964,4.678,4.904,4.691,4.681,0.816,0.871
2023-12-29,1.828,1.0,0.855,4.832,4.635,0.912,1.112,0.96,3.208,5.238,0.409,0.825,2.26,0.914,0.798,0.948,0.9,0.909,1.282,1.212,1.602,1.314,2.096,4.637,4.866,4.657,4.638,0.829,0.891
2024-01-02,1.842,1.005,0.85,4.843,4.641,0.911,1.117,0.964,3.222,5.284,0.412,0.833,2.293,0.92,0.804,0.963,0.901,0.913,1.282,1.21,1.6,1.308,2.09,4.646,4.867,4.664,4.643,0.838,0.898
2024-01-03,1.802,0.982,0.837,4.856,4.656,0.897,1.095,0.946,3.166,5.25,0.406,0.832,2.271,0.917,0.787,0.963,0.889,0.922,1.277,1.193,1.597,1.313,2.038,4.664,4.89,4.68,4.658,0.834,0.884
2024-01-04,1.783,0.985,0.834,4.836,4.637,0.889,1.085,0.932,3.162,5.251,0.405,0.835,2.261,0.918,0.775,0.954,0.891,0.936,1.255,1.182,1.588,1.286,2.048,4.634,4.863,4.667,4.64,0.831,0.873
2024-01-05,1.751,0.98,0.819,4.864,4.657,0.888,1.063,0.918,3.124,5.198,0.4,0.838,2.245,0.909,0.762,0.94,0.882,0.949,1.264,1.179,1.586,1.318,2.006,4.659,4.882,4.679,4.659,0.829,0.863
2024-01-08,1.724,0.98,0.814,4.868,4.652,0.889,1.048,0.905,3.109,5.121,0.392,0.835,2.207,0.906,0.745,0.913,0.873,0.943,1.265,1.18,1.586,1.308,1.98,4.64,4.883,4.677,4.663,0.823,0.845
2024-01-09,1.702,0.962,0.802,4.853,4.645,0.905,1.035,0.893,3.071,5.012,0.389,0.824,2.16,0.894,0.729,0.889,0.862,0.935,1.28,1.203,1.605,1.347,1.967,4.647,4.878,4.666,4.651,0.809,0.825
2024-01-10,1.696,0.96,0.801,4.849,4.637,0.913,1.033,0.888,3.07,5.004,0.389,0.827,2.146,0.902,0.721,0.882,0.855,0.941,1.284,1.213,1.611,1.403,1.98,4.627,4.873,4.666,4.647,0.807,0.82
2024-01-11,1.694,0.955,0.803,4.831,4.624,0.919,1.032,0.89,3.061,5.0,0.39,0.825,2.137,0.897,0.714,0.873,0.853,0.936,1.283,1.221,1.62,1.405,2.003,4.629,4.855,4.663,4.632,0.808,0.817
2024-01-12,1.722,0.96,0.809,4.838,4.628,0.918,1.048,0.903,3.071,5.055,0.388,0.826,2.173,0.911,0.724,0.889,0.859,0.928,1.279,1.218,1.615,1.449,2.054,4.638,4.866,4.67,4.637,0.814,0.826
2024-01-15,1.702,0.962,0.807,4.857,4.652,0.919,1.036,0.893,3.05,5.035,0.382,0.833,2.155,0.911,0.708,0.883,0.849,0.935,1.283,1.221,1.619,1.475,2.038,4.654,4.882,4.689,4.664,0.808,0.813
2024-01-16,1.692,0.952,0.8,4.875,4.668,0.919,1.029,0.889,3.06,5.026,0.384,0.838,2.156,0.899,0.716,0.863,0.85,0.941,1.281,1.221,1.619,1.514,2.022,4.664,4.899,4.699,4.674,0.806,0.811
2024-01-17,1.7,0.939,0.803,4.859,4.66,0.923,1.032,0.891,3.077,5.014,0.383,0.84,2.143,0.899,0.716,0.856,0.859,0.945,1.265,1.224,1.619,1.605,2.051,4.657,4.882,4.681,4.661,0.81,0.814
2024-01-18,1.643,0.911,0.783,4.82,4.62,0.917,1.001,0.865,3.007,4.896,0.374,0.826,2.09,0.865,0.693,0.826,0.841,0.936,1.25,1.215,1.609,1.588,1.973,4.623,4.851,4.647,4.624,0.8,0.791
2024-01-19,1.675,0.918,0.794,4.838,4.633,0.932,1.019,0.877,3.038,4.879,0.379,0.819,2.072,0.867,0.711,0.833,0.849,0.925,1.27,1.237,1.623,1.5,2.035,4.635,4.863,4.65,4.636,0.792,0.803
2024-01-22,1.663,0.913,0.797,4.849,4.638,0.959,1.014,0.875,3.054,4.848,0.381,0.82,2.057,0.866,0.705,0.822,0.845,0.922,1.275,1.269,1.651,1.493,1.993,4.644,4.869,4.67,4.646,0.791,0.801
2024-01-23,1.62,0.894,0.777,4.824,4.62,0.969,0.983,0.851,2.988,4.604,0.372,0.787,1.93,0.823,0.674,0.785,0.826,0.893,1.301,1.277,1.651,1.552,1.954,4.621,4.848,4.645,4.623,0.752,0.772
2024-01-24,1.65,0.922,0.779,4.831,4.628,0.968,1.003,0.862,3.028,4.711,0.377,0.792,1.97,0.837,0.687,0.802,0.849,0.904,1.313,1.278,1.66,1.628,1.983,4.624,4.853,4.638,4.63,0.759,0.789
2024-01-25,1.641,0.941,0.785,4.819,4.595,0.965,0.999,0.86,3.059,4.778,0.378,0.804,1.992,0.847,0.68,0.81,0.873,0.925,1.339,1.276,1.672,1.526,1.954,4.606,4.832,4.624,4.607,0.771,0.785
2024-01-26,1.665,0.957,0.8,4.822,4.611,0.952,1.015,0.874,3.117,4.905,0.38,0.829,2.064,0.871,0.692,0.847,0.884,0.953,1.305,1.262,1.665,1.392,1.98,4.619,4.844,4.637,4.623,0.794,0.8
2024-01-29,1.638,0.953,0.793,4.834,4.63,0.95,0.996,0.859,3.12,4.875,0.371,0.837,2.041,0.876,0.675,0.842,0.888,0.97,1.296,1.261,1.654,1.415,1.954,4.629,4.852,4.66,4.636,0.786,0.791
2024-01-30,1.57,0.94,0.795,4.841,4.635,0.972,0.954,0.825,3.07,4.753,0.358,0.833,1.972,0.856,0.65,0.819,0.869,0.965,1.309,1.286,1.674,1.46,1.844,4.628,4.864,4.664,4.641,0.777,0.757
2024-01-31,1.544,0.926,0.777,4.851,4.647,0.958,0.937,0.81,3.022,4.66,0.349,0.817,1.923,0.838,0.625,0.802,0.86,0.957,1.316,1.268,1.67,1.502,1.812,4.645,4.877,4.668,4.654,0.762,0.731
2024-02-01,1.527,0.919,0.77,4.852,4.65,0.941,0.927,0.801,2.989,4.516,0.339,0.802,1.842,0.81,0.605,0.77,0.849,0.955,1.28,1.251,1.655,1.435,1.773,4.646,4.876,4.678,4.652,0.75,0.716
2024-02-02,1.546,0.933,0.772,4.872,4.666,0.962,0.94,0.81,3.007,4.524,0.345,0.797,1.835,0.817,0.618,0.775,0.852,0.946,1.29,1.278,1.677,1.438,1.789,4.655,4.893,4.688,4.671,0.747,0.726
2024-02-05,1.491,0.912,0.772,4.869,4.669,0.971,0.905,0.781,2.947,4.38,0.329,0.781,1.742,0.785,0.587,0.739,0.824,0.943,1.284,1.295,1.702,1.439,1.702,4.674,4.906,4.669,4.659,0.7,0.7
2024-02-06,1.508,0.926,0.778,4.84,4.639,0.97,0.915,0.788,2.974,4.243,0.338,0.78,1.623,0.766,0.573,0.716,0.808,0.941,1.275,1.289,1.692,1.426,1.685,4.6,4.872,4.662,4.641,0.705,0.7
2024-02-07,1.622,0.964,0.811,4.844,4.647,0.97,0.991,0.853,3.099,4.701,0.364,0.806,1.761,0.82,0.622,0.768,0.858,0.963,1.282,1.286,1.694,1.39,1.792,4.644,4.868,4.674,4.649,0.769,0.755
2024-02-08,1.67,0.95,0.829,4.853,4.647,0.979,1.014,0.87,3.141,5.057,0.372,0.834,1.882,0.853,0.644,0.814,0.883,0.974,1.273,1.298,1.715,1.378,1.857,4.654,4.88,4.68,4.655,0.815,0.784
2024-02-19,1.704,0.964,0.833,4.837,4.632,0.978,1.035,0.889,3.163,5.06,0.369,0.844,1.949,0.862,0.679,0.838,0.878,0.974,1.286,1.296,1.739,1.429,1.893,4.63,4.887,4.67,4.638,0.805,0.798
2024-02-20,1.688,0.969,0.822,4.838,4.632,0.979,1.025,0.881,3.172,4.946,0.368,0.855,1.924,0.862,0.67,0.828,0.868,0.998,1.288,1.298,1.738,1.474,1.867,4.632,4.863,4.662,4.645,0.801,0.792
2024-02-21,1.681,0.96,0.82,4.845,4.647,0.967,1.023,0.885,3.177,4.941,0.369,0.858,1.934,0.869,0.662,0.824,0.875,0.997,1.287,1.285,1.72,1.475,1.85,4.637,4.874,4.654,4.648,0.805,0.783
2024-02-22,1.7,0.981,0.845,4.841,4.635,0.981,1.034,0.891,3.236,4.972,0.374,0.861,1.955,0.877,0.673,0.833,0.886,1.007,1.296,1.301,1.729,1.488,1.883,4.631,4.865,4.653,4.639,0.806,0.791
2024-02-23,1.717,0.989,0.849,4.84,4.632,0.995,1.041,0.896,3.264,5.019,0.375,0.874,1.993,0.891,0.689,0.843,0.901,1.019,1.314,1.322,1.762,1.543,1.899,4.624,4.863,4.655,4.639,0.82,0.804
2024-02-26,1.706,0.992,0.851,4.845,4.639,0.99,1.037,0.895,3.265,5.03,0.374,0.876,2.024,0.895,0.687,0.851,0.9,1.02,1.317,1.311,1.764,1.554,1.918,4.625,4.865,4.649,4.647,0.82,0.8
2024-02-27,1.696,0.988,0.838,4.852,4.646,0.986,1.03,0.888,3.224,5.02,0.373,0.865,2.022,0.886,0.689,0.855,0.893,0.996,1.317,1.308,1.751,1.726,1.899,4.636,4.878,4.666,4.647,0.816,0.802
2024-02-28,1.749,0.999,0.843,4.844,4.638,0.987,1.064,0.915,3.276,5.159,0.378,0.874,2.095,0.897,0.727,0.882,0.916,1.003,1.33,1.309,1.762,1.546,1.938,4.641,4.872,4.66,4.647,0.835,0.836
2024-02-29,1.696,0.974,0.835,4.849,4.641,0.979,1.031,0.888,3.229,5.001,0.371,0.861,1.979,0.887,0.686,0.846,0.892,0.995,1.333,1.301,1.777,1.552,1.893,4.643,4.871,4.661,4.65,0.818,0.804
2024-03-01,1.757,0.976,0.849,4.862,4.651,0.989,1.069,0.922,3.29,5.183,0.378,0.875,2.07,0.909,0.74,0.885,0.911,1.001,1.34,1.314,1.782,1.58,1.977,4.652,4.885,4.684,4.659,0.839,0.85
2024-03-04,1.773,0.984,0.846,4.931,4.719,1.006,1.078,0.931,3.315,5.221,0.378,0.879,2.096,0.925,0.749,0.896,0.918,1.004,1.343,1.337,1.789,1.59,1.986,4.685,4.953,4.736,4.726,0.849,0.857
2024-03-05,1.771,0.97,0.839,4.986,4.782,1.0,1.079,0.932,3.304,5.194,0.384,0.887,2.088,0.926,0.744,0.895,0.902,1.007,1.34,1.326,1.784,1.575,1.977,4.766,5.011,4.8,4.782,0.847,0.851
2024-03-06,1.773,0.963,0.851,5.01,4.796,0.985,1.079,0.931,3.34,5.19,0.385,0.89,2.078,0.925,0.739,0.901,0.901,1.016,1.337,1.313,1.776,1.564,1.957,4.792,5.037,4.822,4.804,0.843,0.854
2024-03-07,1.779,0.976,0.843,5.051,4.842,0.991,1.082,0.933,3.33,5.192,0.379,0.894,2.084,0.933,0.739,0.899,0.899,1.018,1.342,1.321,1.784,1.574,1.999,4.838,5.078,4.865,4.848,0.845,0.851
2024-03-08,1.745,0.97,0.838,5.094,4.888,1.007,1.06,0.914,3.314,5.13,0.369,0.895,2.056,0.958,0.722,0.881,0.89,1.023,1.363,1.337,1.791,1.553,1.951,4.9,5.12,4.9,4.885,0.839,0.833
2024-03-11,1.76,0.977,0.836,5.123,4.91,0.991,1.07,0.92,3.32,5.192,0.37,0.902,2.072,0.963,0.731,0.89,0.893,1.024,1.357,1.317,1.79,1.526,2.019,4.896,5.153,4.92,4.912,0.851,0.837
2024-03-12,1.845,0.991,0.852,5.111,4.891,0.993,1.12,0.965,3.372,5.295,0.381,0.903,2.122,0.973,0.748,0.904,0.909,1.016,1.357,1.318,1.794,1.528,2.119,4.89,5.134,4.921,4.901,0.861,0.858
2024-03-13,1.854,1.011,0.878,5.07,4.852,1.003,1.126,0.97,3.374,5.266,0.389,0.89,2.13,0.95,0.756,0.907,0.911,0.991,1.372,1.335,1.8,1.546,2.093,4.848,5.093,4.9,4.861,0.855,0.859
2024-03-14,1.841,1.015,0.862,5.1,4.888,0.996,1.121,0.966,3.349,5.248,0.397,0.891,2.136,0.974,0.745,0.906,0.896,0.991,1.369,1.323,1.784,1.54,2.08,4.885,5.128,4.91,4.896,0.85,0.85
2024-03-15,1.825,0.996,0.863,5.089,4.872,0.991,1.11,0.959,3.331,5.223,0.384,0.888,2.118,0.965,0.736,0.89,0.888,0.996,1.369,1.316,1.778,1.54,2.054,4.88,5.113,4.894,4.879,0.849,0.841
2024-03-18,1.85,0.991,0.866,5.083,4.868,0.985,1.118,0.964,3.35,5.312,0.383,0.896,2.162,1.008,0.742,0.902,0.901,0.997,1.358,1.307,1.773,1.55,2.074,4.889,5.111,4.874,4.879,0.858,0.847
2024-03-19,1.87,0.989,0.869,5.087,4.866,0.988,1.138,0.981,3.375,5.37,0.384,0.899,2.188,1.005,0.76,0.922,0.913,0.998,1.361,1.311,1.775,1.541,2.1,4.859,5.106,4.921,4.877,0.864,0.862
2024-03-20,1.848,0.985,0.878,5.088,4.868,0.99,1.126,0.972,3.35,5.322,0.38,0.886,2.174,0.997,0.752,0.917,0.898,0.995,1.361,1.315,1.783,1.552,2.07,4.868,5.112,4.898,4.878,0.86,0.851
2024-03-21,1.86,0.999,0.88,5.183,4.952,1.007,1.13,0.973,3.369,5.348,0.379,0.891,2.2,1.015,0.761,0.92,0.905,0.998,1.377,1.337,1.801,1.558,2.083,4.947,5.2,4.972,4.97,0.863,0.86
2024-03-22,1.843,0.997,0.885,5.153,4.939,1.007,1.121,0.968,3.356,5.307,0.375,0.893,2.192,0.999,0.752,0.92,0.904,1.004,1.385,1.335,1.827,1.557,2.048,4.96,5.2,4.997,4.943,0.858,0.842
2024-03-25,1.809,0.99,0.866,5.176,4.976,1.011,1.1,0.951,3.319,5.219,0.371,0.884,2.165,0.977,0.744,0.905,0.881,1.0,1.38,1.34,1.838,1.555,1.996,4.96,5.202,4.979,4.964,0.844,0.831
2024-03-26,1.782,0.988,0.86,5.178,4.949,1.006,1.083,0.937,3.309,5.146,0.368,0.885,2.116,0.987,0.726,0.886,0.864,1.003,1.381,1.334,1.826,1.541,1.967,4.953,5.203,4.961,4.959,0.838,0.819
2024-03-27,1.787,0.99,0.871,5.189,4.963,1.006,1.088,0.94,3.315,5.118,0.367,0.883,2.102,0.984,0.716,0.883,0.864,1.003,1.395,1.335,1.827,1.547,2.009,4.951,5.211,5.048,4.977,0.837,0.809
2024-03-28,1.74,0.981,0.86,5.221,4.985,1.008,1.057,0.912,3.28,4.999,0.363,0.875,2.033,0.967,0.69,0.852,0.852,0.998,1.413,1.343,1.851,1.563,1.948,4.985,5.233,5.005,5.0,0.822,0.788
2024-03-29,1.756,0.99,0.86,5.317,5.077,1.007,1.072,0.919,3.296,5.055,0.363,0.884,2.08,0.997,0.702,0.886,0.852,0.998,1.404,1.338,1.868,1.573,1.967,5.11,5.337,5.09,5.1,0.826,0.798
2024-04-01,1.78,0.996,0.867,5.388,5.17,1.012,1.081,0.93,3.329,5.147,0.363,0.896,2.114,1.035,0.709,0.905,0.867,1.014,1.409,1.346,1.863,1.566,1.993,5.495,5.412,5.2,5.175,0.842,0.803
2024-04-02,1.822,1.006,0.882,5.367,5.137,1.006,1.107,0.956,3.372,5.243,0.368,0.906,2.152,1.042,0.716,0.908,0.869,1.016,1.411,1.337,1.844,1.562,2.051,5.145,5.394,5.174,5.137,0.855,0.813
2024-04-03,1.804,1.009,0.876,5.435,5.195,0.998,1.099,0.948,3.359,5.216,0.362,0.908,2.143,1.063,0.707,0.894,0.861,1.025,1.39,1.327,1.83,1.545,2.051,5.198,5.468,5.212,5.204,0.854,0.806
2024-04-08,1.785,0.993,0.878,5.517,5.27,0.998,1.085,0.934,3.339,5.21,0.359,0.915,2.125,1.094,0.695,0.881,0.85,1.029,1.38,1.327,1.807,1.534,2.048,5.291,5.53,5.29,5.289,0.857,0.792
2024-04-09,1.759,1.002,0.852,5.616,5.37,0.998,1.069,0.922,3.316,5.134,0.356,0.908,2.09,1.079,0.677,0.867,0.843,1.033,1.39,1.327,1.806,1.523,2.006,5.425,5.65,5.394,5.383,0.847,0.776
2024-04-10,1.774,1.009,0.855,5.61,5.365,1.003,1.081,0.932,3.313,5.181,0.359,0.909,2.114,1.094,0.684,0.868,0.844,1.029,1.379,1.331,1.815,1.523,2.051,5.36,5.631,5.39,5.38,0.852,0.786
2024-04-11,1.725,1.006,0.84,5.606,5.354,0.995,1.05,0.904,3.27,5.096,0.353,0.908,2.066,1.075,0.662,0.85,0.824,1.029,1.37,1.321,1.79,1.51,1.999,5.363,5.624,5.41,5.37,0.842,0.771
2024-04-12,1.73,1.012,0.84,5.688,5.452,1.011,1.052,0.905,3.283,5.146,0.352,0.92,2.078,1.105,0.668,0.851,0.826,1.041,1.363,1.342,1.801,1.51,2.006,5.437,5.719,5.539,5.456,0.849,0.776
2024-04-15,1.712,0.988,0.823,5.641,5.408,0.996,1.042,0.9,3.255,5.11,0.348,0.914,2.06,1.091,0.669,0.848,0.806,1.041,1.354,1.323,1.776,1.505,1.954,5.465,5.683,5.461,5.39,0.852,0.773
2024-04-16,1.74,0.978,0.848,5.707,5.461,0.979,1.056,0.914,3.313,5.156,0.35,0.931,2.039,1.097,0.671,0.864,0.818,1.064,1.338,1.299,1.76,1.472,1.973,5.45,5.733,5.476,5.471,0.861,0.78
2024-04-17,1.718,0.971,0.839,5.709,5.469,0.978,1.043,0.9,3.296,5.048,0.348,0.92,1.973,1.054,0.66,0.835,0.81,1.061,1.324,1.297,1.742,1.428,1.922,5.461,5.726,5.485,5.469,0.847,0.772
2024-04-18,1.739,0.97,0.842,5.658,5.417,0.965,1.059,0.911,3.333,5.17,0.353,0.941,2.037,1.073,0.677,0.858,0.823,1.078,1.32,1.281,1.725,1.419,1.954,5.4,5.68,5.485,5.421,0.86,0.782
2024-04-19,1.725,0.968,0.85,5.697,5.458,0.953,1.052,0.906,3.334,5.173,0.349,0.945,2.033,1.094,0.669,0.86,0.828,1.074,1.314,1.264,1.71,1.399,1.948,5.464,5.727,5.482,5.464,0.869,0.776
2024-04-22,1.695,0.98,0.843,5.684,5.455,0.942,1.032,0.888,3.319,5.146,0.347,0.951,2.027,1.092,0.643,0.881,0.825,1.084,1.317,1.25,1.702,1.382,1.905,5.461,5.722,5.498,5.447,0.868,0.759
2024-04-23,1.708,0.995,0.859,5.555,5.31,0.948,1.038,0.895,3.313,5.108,0.348,0.936,2.027,1.039,0.658,0.886,0.831,1.056,1.341,1.26,1.722,1.392,1.902,5.32,5.576,5.311,5.325,0.857,0.768
2024-04-24,1.709,1.011,0.863,5.511,5.27,0.968,1.039,0.895,3.294,5.056,0.352,0.916,2.015,1.004,0.658,0.875,0.828,1.042,1.363,1.287,1.75,1.426,1.87,5.256,5.54,5.28,5.281,0.843,0.765
2024-04-25,1.71,1.024,0.862,5.508,5.28,0.957,1.041,0.898,3.292,5.09,0.349,0.925,2.054,1.015,0.665,0.892,0.825,1.043,1.355,1.274,1.749,1.42,1.85,5.266,5.532,5.312,5.275,0.85,0.77
2024-04-26,1.717,1.035,0.862,5.517,5.287,0.97,1.045,0.9,3.313,5.107,0.35,0.929,2.056,1.034,0.67,0.88,0.846,1.047,1.351,1.288,1.754,1.42,1.854,5.285,5.543,5.312,5.29,0.852,0.768
2024-04-29,1.78,1.059,0.88,5.525,5.288,0.979,1.084,0.934,3.366,5.229,0.359,0.93,2.107,1.059,0.692,0.892,0.877,1.035,1.364,1.301,1.758,1.425,1.899,5.318,5.563,5.33,5.299,0.864,0.79
2024-04-30,1.837,1.063,0.883,5.525,5.296,0.977,1.12,0.963,3.404,5.325,0.368,0.933,2.148,1.054,0.714,0.902,0.884,1.03,1.359,1.297,1.755,1.445,1.977,5.282,5.554,5.32,5.296,0.876,0.81
2024-05-06,1.852,1.097,0.889,5.45,5.222,0.98,1.127,0.965,3.429,5.36,0.372,0.945,2.159,1.035,0.716,0.897,0.884,1.042,1.35,1.301,1.758,1.439,1.98,5.199,5.474,5.269,5.224,0.882,0.817
2024-05-07,1.851,1.102,0.905,5.507,5.275,0.99,1.124,0.972,3.434,5.37,0.378,0.954,2.168,1.057,0.711,0.897,0.876,1.048,1.364,1.314,1.772,1.454,1.98,5.258,5.526,5.288,5.278,0.885,0.812
2024-05-08,1.847,1.1,0.899,5.487,5.256,0.994,1.125,0.968,3.432,5.37,0.376,0.956,2.172,1.051,0.704,0.92,0.872,1.044,1.378,1.319,1.779,1.44,1.986,5.251,5.508,5.28,5.258,0.885,0.804
2024-05-09,1.828,1.093,0.898,5.485,5.246,0.991,1.111,0.957,3.409,5.299,0.371,0.95,2.14,1.049,0.695,0.91,0.863,1.051,1.383,1.315,1.786,1.431,1.97,5.242,5.502,5.27,5.252,0.872,0.797
2024-05-10,1.858,1.114,0.904,5.559,5.338,0.995,1.129,0.973,3.452,5.407,0.374,0.963,2.189,1.091,0.714,0.942,0.87,1.06,1.4,1.319,1.789,1.426,2.009,5.313,5.602,5.341,5.33,0.89,0.815
2024-05-13,1.819,1.127,0.894,5.573,5.343,0.997,1.111,0.955,3.426,5.346,0.374,0.962,2.149,1.073,0.689,0.925,0.872,1.062,1.406,1.323,1.801,1.41,1.964,5.342,5.605,5.373,5.34,0.889,0.798
2024-05-14,1.821,1.149,0.892,5.554,5.319,0.999,1.108,0.957,3.444,5.353,0.371,0.974,2.142,1.078,0.69,0.922,0.877,1.068,1.401,1.325,1.801,1.408,1.967,5.321,5.574,5.355,5.33,0.888,0.801
2024-05-15,1.814,1.143,0.894,5.592,5.357,1.008,1.104,0.948,3.436,5.348,0.375,0.976,2.149,1.076,0.685,0.916,0.888,1.066,1.408,1.336,1.817,1.411,1.96,5.348,5.618,5.383,5.36,0.89,0.795
2024-05-16,1.806,1.148,0.885,5.674,5.435,1.022,1.097,0.943,3.419,5.315,0.371,0.974,2.135,1.081,0.683,0.906,0.861,1.068,1.422,1.356,1.849,1.424,1.938,5.401,5.712,5.447,5.445,0.879,0.786
2024-05-17,1.795,1.165,0.889,5.635,5.403,1.02,1.096,0.941,3.424,5.286,0.37,0.97,2.127,1.057,0.677,0.902,0.858,1.068,1.412,1.355,1.844,1.424,1.925,5.401,5.671,5.413,5.406,0.876,0.779
2024-05-20,1.828,1.173,0.904,5.764,5.513,1.022,1.111,0.955,3.471,5.354,0.368,0.974,2.162,1.105,0.689,0.918,0.869,1.076,1.412,1.357,1.844,1.45,1.948,5.496,5.794,5.58,5.519,0.89,0.789
2024-05-21,1.826,1.169,0.912,5.79,5.543,1.027,1.112,0.956,3.468,5.353,0.368,0.978,2.166,1.118,0.688,0.924,0.87,1.085,1.41,1.365,1.836,1.436,1.954,5.543,5.821,5.571,5.549,0.895,0.787
2024-05-22,1.819,1.152,0.911,5.738,5.495,1.031,1.107,0.952,3.459,5.326,0.365,0.976,2.144,1.079,0.685,0.914,0.866,1.089,1.411,1.369,1.84,1.415,1.941,5.48,5.77,5.52,5.5,0.889,0.784
2024-05-23,1.837,1.143,0.902,5.611,5.378,1.035,1.116,0.964,3.46,5.312,0.363,0.974,2.143,1.043,0.689,0.912,0.866,1.085,1.405,1.375,1.843,1.42,1.996,5.354,5.64,5.457,5.38,0.885,0.787
2024-05-24,1.804,1.126,0.892,5.531,5.295,1.028,1.096,0.947,3.421,5.208,0.359,0.958,2.091,1.031,0.673,0.898,0.849,1.074,1.398,1.364,1.829,1.415,1.948,5.353,5.543,5.313,5.287,0.873,0.776
2024-05-27,1.784,1.117,0.883,5.55,5.315,1.032,1.084,0.934,3.394,5.192,0.355,0.957,2.081,1.034,0.658,0.885,0.843,1.077,1.4,1.371,1.829,1.407,1.935,5.298,5.577,5.34,5.323,0.869,0.76
2024-05-28,1.784,1.13,0.888,5.598,5.363,1.038,1.088,0.939,3.42,5.224,0.356,0.972,2.091,1.059,0.682,0.887,0.846,1.095,1.415,1.377,1.836,1.414,1.935,5.333,5.616,5.373,5.367,0.877,0.77
2024-05-29,1.768,1.123,0.876,5.601,5.338,1.039,1.077,0.927,3.397,5.177,0.355,0.961,2.072,1.049,0.68,0.886,0.839,1.089,1.409,1.38,1.835,1.411,1.931,5.343,5.626,5.4,5.368,0.868,0.768
2024-05-30,1.772,1.109,0.877,5.571,5.335,1.027,1.077,0.928,3.392,5.194,0.355,0.965,2.065,1.076,0.674,0.877,0.838,1.087,1.38,1.364,1.807,1.375,1.97,5.35,5.598,5.381,5.33,0.873,0.768
2024-05-31,1.781,1.106,0.866,5.576,5.325,1.016,1.084,0.934,3.391,5.194,0.355,0.959,2.077,1.043,0.693,0.894,0.842,1.083,1.385,1.348,1.793,1.379,1.954,5.325,5.598,5.358,5.334,0.865,0.778
2024-06-03,1.769,1.101,0.865,5.545,5.339,1.024,1.078,0.928,3.369,5.176,0.351,0.956,2.076,1.032,0.693,0.906,0.836,1.084,1.401,1.359,1.826,1.392,1.935,5.3,5.592,5.366,5.319,0.868,0.778
2024-06-04,1.778,1.101,0.867,5.571,5.333,1.025,1.082,0.93,3.374,5.136,0.349,0.953,2.042,1.019,0.702,0.9,0.828,1.069,1.407,1.359,1.835,1.384,1.928,5.313,5.595,5.366,5.34,0.862,0.784
2024-06-05,1.805,1.113,0.873,5.53,5.305,1.028,1.097,0.944,3.402,5.212,0.356,0.966,2.059,1.015,0.7,0.906,0.833,1.076,1.395,1.364,1.841,1.383,1.954,5.282,5.56,5.324,5.306,0.873,0.788
2024-06-06,1.804,1.118,0.866,5.674,5.41,1.05,1.097,0.943,3.395,5.171,0.358,0.95,2.043,1.017,0.715,0.917,0.832,1.06,1.411,1.393,1.874,1.394,1.948,5.378,5.66,5.416,5.396,0.863,0.792
2024-06-07,1.784,1.118,0.859,5.648,5.41,1.05,1.085,0.935,3.391,5.138,0.355,0.946,2.012,1.028,0.705,0.9,0.822,1.065,1.411,1.392,1.87,1.392,1.912,5.384,5.68,5.422,5.413,0.862,0.779
2024-06-11,1.735,1.097,0.849,5.478,5.234,1.053,1.061,0.911,3.356,5.074,0.351,0.948,1.992,0.995,0.703,0.899,0.813,1.073,1.397,1.396,1.884,1.401,1.867,5.258,5.54,5.3,5.25,0.856,0.774
2024-06-12,1.746,1.095,0.84,5.479,5.258,1.062,1.064,0.915,3.333,5.092,0.353,0.939,2.013,0.991,0.73,0.907,0.815,1.053,1.374,1.408,1.896,1.386,1.87,5.233,5.502,5.257,5.253,0.854,0.797
2024-06-13,1.752,1.098,0.839,5.495,5.265,1.082,1.065,0.92,3.344,5.126,0.354,0.947,2.033,1.005,0.734,0.91,0.817,1.068,1.396,1.434,1.908,1.393,1.863,5.238,5.524,5.285,5.261,0.857,0.795
2024-06-14,1.745,1.091,0.823,5.48,5.254,1.082,1.061,0.915,3.316,5.082,0.348,0.937,2.008,0.981,0.732,0.912,0.814,1.054,1.364,1.434,1.907,1.382,1.86,5.228,5.507,5.277,5.249,0.854,0.794
2024-06-17,1.746,1.083,0.825,5.533,5.295,1.087,1.064,0.917,3.326,5.094,0.345,0.939,2.011,0.989,0.729,0.898,0.824,1.057,1.347,1.439,1.903,1.356,1.847,5.278,5.556,5.31,5.302,0.861,0.788
2024-06-18,1.769,1.092,0.824,5.514,5.281,1.1,1.078,0.928,3.338,5.102,0.347,0.936,2.018,0.978,0.748,0.905,0.832,1.043,1.353,1.457,1.906,1.362,1.867,5.274,5.541,5.302,5.283,0.862,0.794
2024-06-19,1.781,1.096,0.814,5.528,5.293,1.103,1.084,0.931,3.346,5.134,0.344,0.938,2.039,0.989,0.75,0.911,0.839,1.047,1.365,1.461,1.904,1.37,1.863,5.293,5.553,5.31,5.301,0.864,0.794
2024-06-20,1.75,1.12,0.806,5.542,5.31,1.105,1.067,0.919,3.332,5.066,0.341,0.929,2.005,0.991,0.746,0.897,0.826,1.05,1.354,1.465,1.905,1.362,1.834,5.3,5.578,5.334,5.313,0.855,0.789
2024-06-21,1.725,1.106,0.798,5.621,5.375,1.095,1.053,0.907,3.306,4.986,0.335,0.913,1.964,0.986,0.74,0.879,0.822,1.048,1.368,1.453,1.907,1.372,1.795,5.368,5.641,5.388,5.383,0.842,0.787
2024-06-24,1.711,1.09,0.788,5.528,5.303,1.089,1.043,0.897,3.291,4.987,0.333,0.917,1.956,0.962,0.747,0.88,0.818,1.048,1.351,1.443,1.912,1.361,1.773,5.35,5.569,5.337,5.3,0.84,0.793
2024-06-25,1.694,1.098,0.795,5.527,5.297,1.076,1.034,0.89,3.284,4.897,0.332,0.903,1.902,0.955,0.728,0.86,0.812,1.036,1.362,1.426,1.901,1.362,1.753,5.285,5.554,5.313,5.3,0.831,0.773
2024-06-26,1.665,1.089,0.79,5.512,5.281,1.091,1.012,0.869,3.259,4.839,0.33,0.903,1.882,0.951,0.703,0.848,0.797,1.04,1.363,1.447,1.92,1.398,1.728,5.268,5.544,5.305,5.287,0.825,0.751
2024-06-27,1.689,1.092,0.795,5.463,5.24,1.089,1.031,0.888,3.279,4.9,0.334,0.911,1.933,0.958,0.714,0.863,0.807,1.045,1.357,1.45,1.933,1.408,1.75,5.255,5.493,5.27,5.236,0.835,0.76
2024-06-28,1.665,1.074,0.785,5.512,5.274,1.103,1.015,0.875,3.263,4.825,0.328,0.898,1.889,0.942,0.705,0.852,0.8,1.046,1.364,1.466,1.955,1.439,1.718,5.265,5.535,5.3,5.283,0.819,0.749
2024-07-01,1.648,1.08,0.78,5.528,5.293,1.101,1.005,0.865,3.276,4.843,0.326,0.904,1.901,0.97,0.707,0.877,0.78,1.058,1.373,1.467,1.965,1.431,1.702,5.288,5.556,5.316,5.297,0.825,0.745
2024-07-02,1.643,1.08,0.781,5.546,5.308,1.109,1.003,0.864,3.283,4.899,0.326,0.925,1.92,0.985,0.704,0.878,0.783,1.077,1.376,1.482,1.975,1.44,1.715,5.294,5.568,5.325,5.311,0.838,0.741
2024-07-03,1.633,1.089,0.788,5.545,5.31,1.125,0.995,0.857,3.283,4.85,0.323,0.912,1.905,0.972,0.692,0.87,0.781,1.078,1.371,1.496,1.99,1.466,1.689,5.297,5.564,5.321,5.31,0.829,0.733
2024-07-04,1.633,1.106,0.783,5.611,5.382,1.15,0.995,0.856,3.282,4.827,0.322,0.903,1.897,0.981,0.7,0.857,0.783,1.068,1.387,1.52,2.018,1.51,1.692,5.361,5.645,5.388,5.381,0.822,0.735
2024-07-05,1.615,1.103,0.77,5.6,5.364,1.138,0.986,0.848,3.259,4.737,0.316,0.894,1.85,0.965,0.688,0.844,0.767,1.064,1.407,1.512,1.974,1.535,1.663,5.352,5.633,5.44,5.365,0.803,0.721
2024-07-08,1.615,1.087,0.768,5.664,5.425,1.157,0.986,0.848,3.24,4.762,0.324,0.895,1.864,0.991,0.694,0.846,0.766,1.057,1.405,1.547,2.004,1.502,1.656,5.417,5.688,5.437,5.427,0.814,0.729
2024-07-09,1.594,1.074,0.756,5.601,5.364,1.161,0.973,0.842,3.218,4.687,0.317,0.884,1.822,0.978,0.687,0.834,0.749,1.051,1.406,1.559,2.001,1.56,1.627,5.356,5.622,5.389,5.365,0.802,0.722
2024-07-10,1.609,1.082,0.756,5.608,5.368,1.161,0.985,0.845,3.253,4.773,0.318,0.892,1.862,1.001,0.716,0.844,0.758,1.062,1.393,1.57,1.995,1.578,1.634,5.353,5.641,5.392,5.374,0.815,0.74
2024-07-11,1.64,1.085,0.764,5.641,5.396,1.161,0.999,0.859,3.279,4.811,0.323,0.89,1.883,0.995,0.73,0.854,0.772,1.047,1.403,1.568,1.999,1.596,1.66,5.385,5.663,5.412,5.397,0.82,0.754
2024-07-12,1.648,1.105,0.778,5.698,5.46,1.127,1.007,0.866,3.3,4.846,0.329,0.898,1.906,1.031,0.717,0.867,0.775,1.046,1.404,1.505,1.984,1.533,1.702,5.442,5.726,5.483,5.464,0.821,0.747
2024-07-15,1.644,1.12,0.779,5.691,5.447,1.133,1.005,0.865,3.3,4.817,0.327,0.892,1.894,1.003,0.73,0.863,0.772,1.045,1.416,1.505,1.983,1.504,1.689,5.442,5.724,5.463,5.452,0.819,0.749
2024-07-16,1.638,1.102,0.778,5.72,5.479,1.156,0.999,0.859,3.309,4.786,0.325,0.89,1.874,1.011,0.728,0.858,0.774,1.055,1.41,1.544,2.029,1.53,1.682,5.461,5.747,5.495,5.484,0.815,0.746
2024-07-17,1.66,1.099,0.778,5.838,5.628,1.15,1.013,0.872,3.338,4.809,0.327,0.885,1.88,1.027,0.75,0.865,0.78,1.054,1.411,1.534,2.039,1.543,1.721,5.563,5.866,5.6,5.599,0.82,0.763
2024-07-18,1.653,1.089,0.792,5.79,5.541,1.103,1.008,0.868,3.33,4.764,0.334,0.877,1.857,0.987,0.735,0.855,0.784,1.045,1.408,1.466,2.002,1.486,1.708,5.56,5.836,5.592,5.555,0.809,0.757
2024-07-19,1.673,1.089,0.794,5.69,5.48,1.108,1.024,0.881,3.354,4.775,0.337,0.881,1.86,0.978,0.744,0.872,0.787,1.048,1.405,1.477,2.01,1.49,1.724,5.494,5.773,5.52,5.458,0.809,0.765
2024-07-22,1.693,1.078,0.806,5.659,5.422,1.096,1.03,0.887,3.384,4.795,0.341,0.88,1.876,0.969,0.769,0.891,0.809,1.042,1.378,1.46,1.955,1.459,1.747,5.41,5.686,5.441,5.427,0.815,0.784
2024-07-23,1.691,1.088,0.792,5.665,5.426,1.116,1.03,0.887,3.355,4.778,0.342,0.874,1.88,0.962,0.77,0.894,0.801,1.031,1.401,1.483,1.979,1.469,1.75,5.409,5.695,5.495,5.43,0.808,0.786
2024-07-24,1.634,1.072,0.765,5.662,5.425,1.103,0.997,0.86,3.284,4.635,0.331,0.858,1.824,0.916,0.73,0.866,0.784,1.027,1.408,1.465,1.975,1.472,1.705,5.406,5.691,5.444,5.429,0.783,0.754
2024-07-25,1.61,1.059,0.753,5.626,5.399,1.063,0.981,0.846,3.253,4.571,0.326,0.847,1.791,0.9,0.716,0.871,0.776,1.026,1.377,1.41,1.912,1.423,1.689,5.392,5.67,5.414,5.388,0.771,0.743
2024-07-26,1.617,1.047,0.758,5.547,5.313,1.054,0.985,0.848,3.249,4.58,0.328,0.849,1.801,0.888,0.714,0.866,0.788,1.022,1.37,1.396,1.901,1.42,1.724,5.307,5.581,5.345,5.312,0.775,0.749
2024-07-29,1.622,1.054,0.758,5.63,5.385,1.075,0.989,0.853,3.259,4.648,0.328,0.856,1.832,0.913,0.719,0.899,0.797,1.014,1.392,1.428,1.948,1.462,1.747,5.38,5.655,5.414,5.395,0.783,0.754
2024-07-30,1.6,1.052,0.742,5.611,5.384,1.072,0.974,0.842,3.235,4.614,0.322,0.85,1.817,0.903,0.706,0.9,0.792,1.019,1.374,1.422,1.963,1.467,1.711,5.347,5.631,5.376,5.379,0.778,0.738
2024-07-31,1.594,1.044,0.742,5.642,5.4,1.063,0.973,0.838,3.22,4.619,0.319,0.847,1.829,0.903,0.716,0.906,0.798,1.012,1.379,1.412,1.959,1.46,1.698,5.427,5.67,5.425,5.41,0.774,0.742
2024-08-01,1.659,1.06,0.767,5.738,5.49,1.098,1.01,0.87,3.291,4.822,0.335,0.871,1.912,0.945,0.748,0.918,0.834,1.023,1.388,1.463,1.979,1.468,1.744,5.471,5.762,5.55,5.501,0.806,0.779
2024-08-02,1.621,1.04,0.749,5.713,5.476,1.059,0.99,0.852,3.249,4.741,0.331,0.864,1.886,0.918,0.741,0.915,0.83,1.021,1.344,1.411,1.928,1.433,1.718,5.465,5.741,5.495,5.475,0.798,0.767
2024-08-05,1.592,1.01,0.752,5.635,5.38,0.991,0.973,0.838,3.22,4.687,0.333,0.855,1.86,0.907,0.719,0.908,0.814,1.022,1.3,1.33,1.84,1.339,1.692,5.49,5.648,5.506,5.39,0.786,0.756
2024-08-06,1.594,1.022,0.765,5.595,5.359,1.002,0.971,0.833,3.217,4.666,0.335,0.852,1.843,0.897,0.707,0.89,0.821,1.014,1.309,1.335,1.813,1.37,1.698,5.353,5.639,5.383,5.35,0.772,0.747
2024-08-07,1.593,1.013,0.763,5.552,5.312,1.0,0.972,0.837,3.19,4.665,0.338,0.85,1.843,0.894,0.699,0.907,0.814,1.006,1.304,1.332,1.807,1.346,1.715,5.314,5.574,5.349,5.307,0.779,0.748
2024-08-08,1.582,1.018,0.758,5.578,5.339,0.987,0.967,0.834,3.185,4.658,0.335,0.851,1.84,0.892,0.689,0.907,0.809,1.012,1.307,1.312,1.793,1.334,1.711,5.331,5.594,5.353,5.345,0.78,0.739
2024-08-09,1.59,1.039,0.775,5.641,5.4,1.017,0.97,0.834,3.205,4.705,0.338,0.859,1.858,0.896,0.708,0.884,0.818,1.015,1.322,1.355,1.836,1.361,1.711,5.372,5.663,5.419,5.406,0.784,0.751
2024-08-12,1.566,1.037,0.761,5.647,5.404,1.018,0.955,0.822,3.18,4.637,0.331,0.855,1.826,0.891,0.692,0.871,0.803,1.013,1.331,1.355,1.842,1.357,1.702,5.394,5.665,5.418,5.41,0.778,0.739
2024-08-13,1.562,1.041,0.767,5.712,5.472,1.024,0.951,0.819,3.18,4.641,0.335,0.856,1.821,0.9,0.691,0.865,0.805,1.018,1.332,1.368,1.862,1.381,1.666,5.455,5.741,5.483,5.476,0.777,0.742
2024-08-14,1.575,1.046,0.762,5.711,5.47,1.052,0.961,0.825,3.184,4.653,0.332,0.858,1.827,0.894,0.699,0.875,0.812,1.018,1.337,1.412,1.914,1.403,1.692,5.47,5.74,5.497,5.473,0.779,0.746
2024-08-15,1.551,1.029,0.75,5.668,5.445,1.051,0.946,0.815,3.154,4.571,0.327,0.846,1.802,0.881,0.685,0.863,0.806,1.017,1.348,1.417,1.936,1.422,1.656,5.45,5.698,5.45,5.431,0.77,0.734
2024-08-16,1.564,1.048,0.754,5.703,5.458,1.083,0.954,0.82,3.193,4.619,0.329,0.856,1.826,0.901,0.693,0.869,0.815,1.027,1.373,1.462,1.994,1.488,1.679,5.439,5.731,5.475,5.465,0.773,0.742
2024-08-19,1.56,1.063,0.748,5.747,5.505,1.095,0.953,0.82,3.198,4.588,0.33,0.852,1.81,0.896,0.689,0.852,0.81,1.033,1.38,1.47,1.978,1.488,1.66,5.485,5.77,5.525,5.502,0.766,0.74
2024-08-20,1.561,1.069,0.742,5.752,5.506,1.099,0.951,0.818,3.213,4.609,0.326,0.857,1.816,0.909,0.691,0.854,0.813,1.048,1.386,1.468,1.968,1.495,1.66,5.493,5.779,5.529,5.512,0.77,0.739
2024-08-21,1.532,1.049,0.729,5.758,5.512,1.097,0.935,0.805,3.18,4.514,0.322,0.844,1.775,0.896,0.675,0.836,0.803,1.038,1.388,1.462,1.957,1.488,1.634,5.497,5.787,5.537,5.514,0.755,0.726
2024-08-22,1.53,1.056,0.725,5.775,5.528,1.106,0.934,0.802,3.179,4.512,0.321,0.838,1.772,0.908,0.672,0.834,0.804,1.027,1.399,1.477,1.978,1.52,1.64,5.525,5.803,5.554,5.535,0.754,0.727
2024-08-23,1.512,1.059,0.713,5.746,5.503,1.085,0.924,0.794,3.16,4.45,0.317,0.834,1.747,0.889,0.66,0.829,0.786,1.032,1.398,1.449,1.95,1.496,1.618,5.494,5.774,5.526,5.504,0.747,0.717
2024-08-26,1.517,1.066,0.717,5.765,5.52,1.098,0.926,0.797,3.184,4.459,0.318,0.836,1.749,0.9,0.659,0.83,0.795,1.027,1.41,1.47,1.988,1.491,1.614,5.51,5.789,5.544,5.526,0.745,0.718
2024-08-27,1.511,1.067,0.71,5.772,5.527,1.08,0.921,0.795,3.176,4.444,0.314,0.832,1.752,0.9,0.656,0.822,0.794,1.029,1.411,1.447,1.971,1.491,1.634,5.516,5.801,5.548,5.528,0.744,0.714
2024-08-28,1.499,1.077,0.703,5.788,5.545,1.076,0.914,0.787,3.159,4.413,0.314,0.827,1.734,0.887,0.645,0.81,0.787,1.035,1.42,1.441,1.982,1.485,1.621,5.523,5.821,5.598,5.545,0.741,0.706
2024-08-29,1.488,1.064,0.694,5.78,5.53,1.056,0.911,0.783,3.138,4.403,0.313,0.823,1.732,0.876,0.644,0.818,0.787,1.028,1.422,1.41,1.971,1.485,1.618,5.515,5.809,5.55,5.539,0.739,0.701
2024-08-30,1.511,1.07,0.7,5.775,5.527,1.059,0.921,0.793,3.131,4.475,0.319,0.83,1.765,0.889,0.655,0.833,0.792,1.009,1.415,1.413,1.977,1.492,1.65,5.512,5.799,5.552,5.528,0.748,0.711
2024-09-02,1.547,1.075,0.717,5.754,5.507,1.074,0.943,0.813,3.17,4.547,0.322,0.837,1.799,0.891,0.677,0.84,0.809,1.002,1.415,1.429,1.99,1.491,1.673,5.497,5.784,5.512,5.505,0.757,0.725
2024-09-03,1.504,1.067,0.7,5.725,5.478,1.076,0.919,0.79,3.119,4.463,0.315,0.83,1.76,0.872,0.653,0.818,0.792,1.005,1.419,1.431,2.001,1.49,1.637,5.473,5.754,5.506,5.486,0.746,0.702
2024-09-04,1.512,1.058,0.709,5.726,5.481,1.03,0.925,0.796,3.12,4.487,0.318,0.832,1.766,0.87,0.651,0.818,0.794,0.991,1.39,1.374,1.925,1.426,1.647,5.474,5.757,5.517,5.479,0.75,0.703
2024-09-05,1.525,1.056,0.704,5.72,5.475,1.024,0.931,0.8,3.115,4.527,0.319,0.83,1.774,0.857,0.654,0.822,0.798,0.991,1.39,1.366,1.933,1.42,1.66,5.455,5.743,5.485,5.483,0.751,0.705
2024-09-06,1.535,1.052,0.706,5.754,5.5,1.015,0.937,0.805,3.124,4.537,0.321,0.831,1.791,0.857,0.655,0.826,0.822,0.99,1.389,1.351,1.92,1.411,1.666,5.489,5.782,5.517,5.51,0.753,0.706
2024-09-09,1.5,1.043,0.696,5.748,5.51,1.01,0.916,0.79,3.081,4.447,0.316,0.822,1.747,0.846,0.639,0.812,0.801,0.981,1.379,1.349,1.894,1.38,1.624,5.483,5.753,5.517,5.485,0.741,0.692
2024-09-10,1.514,1.042,0.691,5.75,5.504,1.026,0.923,0.794,3.052,4.434,0.316,0.813,1.742,0.837,0.64,0.811,0.809,0.966,1.382,1.375,1.92,1.417,1.624,5.513,5.776,5.55,5.512,0.736,0.689
2024-09-11,1.51,1.038,0.69,5.777,5.528,1.035,0.92,0.791,3.042,4.403,0.313,0.809,1.738,0.83,0.642,0.813,0.804,0.964,1.372,1.381,1.908,1.408,1.608,5.513,5.802,5.55,5.536,0.73,0.689
2024-09-12,1.536,1.043,0.691,5.775,5.525,1.06,0.936,0.804,3.048,4.443,0.315,0.807,1.75,0.844,0.647,0.817,0.805,0.944,1.383,1.414,1.927,1.43,1.64,5.523,5.801,5.54,5.528,0.735,0.697
2024-09-13,1.525,1.052,0.677,5.855,5.597,1.074,0.929,0.8,3.034,4.421,0.311,0.805,1.741,0.849,0.635,0.814,0.804,0.951,1.392,1.432,1.944,1.437,1.643,5.607,5.878,5.638,5.613,0.734,0.689
2024-09-18,1.505,1.066,0.667,5.866,5.62,1.07,0.923,0.792,3.016,4.374,0.31,0.798,1.717,0.841,0.63,0.803,0.803,0.946,1.406,1.433,1.95,1.431,1.6,5.61,5.897,5.642,5.621,0.727,0.685
2024-09-19,1.511,1.069,0.659,5.843,5.585,1.07,0.923,0.792,3.032,4.393,0.31,0.812,1.715,0.845,0.628,0.81,0.809,0.96,1.415,1.429,1.944,1.44,1.6,5.585,5.862,5.624,5.591,0.731,0.68
2024-09-20,1.516,1.093,0.67,5.864,5.611,1.087,0.925,0.796,3.047,4.432,0.312,0.819,1.741,0.87,0.63,0.803,0.813,0.959,1.425,1.456,1.986,1.464,1.612,5.595,5.886,5.64,5.619,0.739,0.682
2024-09-23,1.507,1.097,0.671,5.938,5.698,1.087,0.919,0.79,3.058,4.406,0.311,0.82,1.733,0.878,0.624,0.788,0.816,0.958,1.407,1.45,1.974,1.469,1.59,5.68,5.976,5.72,5.685,0.734,0.678
2024-09-24,1.515,1.122,0.68,5.981,5.717,1.086,0.923,0.793,3.103,4.467,0.309,0.825,1.755,0.886,0.623,0.8,0.825,0.976,1.411,1.45,1.977,1.48,1.594,5.75,5.994,5.746,5.723,0.736,0.68
2024-09-25,1.621,1.172,0.726,5.961,5.721,1.073,0.985,0.847,3.278,4.697,0.32,0.861,1.833,0.93,0.651,0.824,0.884,1.025,1.413,1.431,1.951,1.451,1.699,5.708,6.007,5.735,5.724,0.771,0.706
2024-09-26,1.604,1.157,0.712,6.013,5.753,1.08,0.978,0.843,3.257,4.642,0.321,0.863,1.819,0.925,0.645,0.83,0.875,1.029,1.412,1.445,1.949,1.459,1.681,5.75,6.033,5.781,5.76,0.773,0.698
2024-09-27,1.713,1.218,0.82,6.003,5.745,1.074,1.041,0.893,3.489,4.99,0.341,0.906,1.947,0.981,0.69,0.871,0.966,1.07,1.434,1.426,1.92,1.462,1.77,5.733,6.031,5.771,5.751,0.814,0.739
2024-09-30,2.0,1.269,0.91,5.963,5.695,1.061,1.206,1.022,3.796,5.636,0.381,0.938,2.192,1.065,0.76,0.953,1.1,1.072,1.425,1.401,1.893,1.411,1.959,5.73,5.92,5.718,5.644,0.879,0.85
2024-10-08,2.678,1.416,1.027,5.967,5.701,1.045,1.618,1.404,4.445,6.442,0.439,1.097,2.55,1.215,0.873,1.1,1.218,1.222,1.401,1.39,1.886,1.437,2.243,5.694,6.0,5.73,5.682,1.035,1.14
2024-10-09,2.41,1.287,0.888,5.956,5.67,1.079,1.529,1.375,4.074,5.888,0.425,0.99,2.352,1.08,0.96,1.077,1.217,1.121,1.406,1.43,1.914,1.43,2.245,5.675,5.945,5.7,5.67,0.99,1.138
2024-10-10,2.241,1.265,0.85,5.892,5.64,1.087,1.36,1.155,3.859,5.717,0.403,0.936,2.258,1.008,0.979,1.016,1.2,1.054,1.422,1.439,1.943,1.434,2.077,5.627,5.915,5.658,5.647,0.919,1.091
2024-10-11,2.134,1.277,0.859,5.97,5.707,1.09,1.314,1.114,3.846,5.579,0.396,0.95,2.203,1.036,0.898,1.014,1.095,1.108,1.423,1.445,1.955,1.433,2.077,5.704,5.992,5.723,5.715,0.924,1.0
2024-10-14,2.078,1.268,0.836,6.0,5.737,1.089,1.27,1.09,3.776,5.417,0.38,0.938,2.132,1.012,0.87,0.991,1.127,1.089,1.428,1.447,1.984,1.449,1.999,5.742,6.03,5.762,5.77,0.881,0.949
2024-10-15,2.094,1.271,0.84,6.044,5.777,1.099,1.277,1.1,3.803,5.502,0.381,0.953,2.187,1.028,0.907,0.998,1.103,1.108,1.445,1.46,2.005,1.458,2.008,5.773,6.066,5.812,5.776,0.905,0.965
2024-10-16,2.001,1.225,0.803,6.112,5.852,1.095,1.227,1.052,3.68,5.344,0.365,0.92,2.123,0.995,0.863,0.984,1.067,1.084,1.446,1.455,2.025,1.443,1.936,5.82,6.133,5.846,5.853,0.866,0.92
2024-10-17,2.019,1.248,0.806,6.156,5.885,1.095,1.232,1.053,3.719,5.423,0.365,0.943,2.182,1.015,0.893,0.991,1.097,1.111,1.443,1.457,2.03,1.433,1.92,5.866,6.176,5.905,5.891,0.883,0.942
2024-10-18,1.986,1.229,0.786,6.221,5.95,1.099,1.215,1.045,3.647,5.352,0.359,0.926,2.153,0.994,0.876,0.992,1.083,1.093,1.447,1.461,2.036,1.436,1.88,5.914,6.241,5.978,5.961,0.875,0.926
2024-10-21,2.162,1.258,0.814,6.257,5.982,1.101,1.326,1.136,3.806,5.608,0.376,0.947,2.27,1.028,1.0,1.052,1.145,1.102,1.443,1.464,2.027,1.429,2.028,5.96,6.279,6.018,5.995,0.909,1.05
2024-10-22,2.158,1.245,0.818,6.283,6.012,1.102,1.32,1.13,3.791,5.627,0.375,0.944,2.295,1.044,0.994,1.085,1.134,1.088,1.432,1.464,2.015,1.41,2.037,6.009,6.313,6.028,6.018,0.915,1.031
2024-10-23,2.166,1.249,0.834,6.307,6.037,1.104,1.327,1.139,3.829,5.693,0.382,0.953,2.318,1.059,0.976,1.055,1.148,1.095,1.428,1.465,2.006,1.406,2.069,6.015,6.328,6.061,6.042,0.921,1.03
2024-10-24,2.149,1.251,0.832,6.254,5.982,1.094,1.313,1.127,3.827,5.685,0.381,0.956,2.305,1.043,0.967,1.081,1.132,1.091,1.417,1.452,1.986,1.399,2.125,5.991,6.282,6.035,6.0,0.914,1.024
2024-10-25,2.147,1.25,0.821,6.256,5.984,1.097,1.311,1.123,3.801,5.675,0.375,0.948,2.305,1.037,0.981,1.059,1.14,1.087,1.424,1.456,1.992,1.39,2.074,5.971,6.287,6.015,5.994,0.912,1.034
2024-10-28,2.193,1.253,0.835,6.249,6.0,1.111,1.341,1.153,3.824,5.747,0.382,0.957,2.353,1.046,0.981,1.079,1.146,1.084,1.428,1.473,2.0,1.401,2.202,5.969,6.282,6.013,5.986,0.927,1.04
2024-10-29,2.191,1.264,0.85,6.297,6.027,1.105,1.338,1.147,3.839,5.837,0.387,0.966,2.402,1.056,0.981,1.088,1.155,1.089,1.429,1.466,2.005,1.411,2.214,6.006,6.323,6.047,6.036,0.932,1.04
2024-10-30,2.119,1.254,0.829,6.389,6.121,1.118,1.297,1.113,3.79,5.746,0.375,0.947,2.342,1.032,0.968,1.072,1.131,1.071,1.432,1.485,2.016,1.417,2.117,6.097,6.41,6.141,6.111,0.917,1.02
2024-10-31,2.105,1.242,0.821,6.405,6.127,1.103,1.293,1.107,3.758,5.773,0.372,0.94,2.372,1.023,0.962,1.077,1.129,1.064,1.414,1.463,2.008,1.401,2.145,6.121,6.439,6.152,6.14,0.919,1.006
2024-11-01,2.104,1.242,0.821,6.289,6.019,1.081,1.29,1.107,3.753,5.838,0.369,0.942,2.392,1.018,0.978,1.086,1.16,1.061,1.402,1.433,1.965,1.377,2.154,5.98,6.319,6.022,6.017,0.916,1.01
2024-11-04,2.081,1.246,0.837,6.276,6.02,1.086,1.274,1.094,3.771,5.793,0.372,0.947,2.322,1.069,0.938,1.057,1.159,1.08,1.415,1.441,1.966,1.38,2.13,6.007,6.309,6.04,6.011,0.912,0.985
2024-11-05,2.144,1.239,0.839,6.265,5.992,1.084,1.308,1.124,3.813,5.881,0.374,0.955,2.386,1.055,0.96,1.091,1.2,1.084,1.407,1.435,1.96,1.386,2.157,5.985,6.296,6.029,6.003,0.922,1.004
2024-11-06,2.249,1.261,0.858,6.281,6.01,1.103,1.372,1.18,3.926,6.067,0.384,0.971,2.472,1.097,1.014,1.167,1.275,1.098,1.418,1.463,1.996,1.396,2.224,5.988,6.309,6.034,6.028,0.956,1.054
2024-11-07,2.202,1.248,0.852,6.123,5.861,1.143,1.347,1.155,3.869,6.037,0.38,0.969,2.453,1.084,1.009,1.143,1.236,1.091,1.397,1.515,2.065,1.404,2.198,5.863,6.155,5.88,5.865,0.941,1.042
2024-11-08,2.355,1.299,0.935,6.17,5.9,1.151,1.437,1.224,4.071,6.248,0.402,1.0,2.542,1.122,1.072,1.155,1.393,1.116,1.416,1.525,2.047,1.415,2.25,5.877,6.213,5.944,5.925,0.971,1.109
2024-11-11,2.25,1.246,0.867,6.154,5.895,1.156,1.375,1.184,3.941,6.133,0.39,0.974,2.517,1.074,1.067,1.201,1.3,1.097,1.412,1.53,2.065,1.419,2.21,5.875,6.198,5.921,5.901,0.95,1.082
2024-11-12,2.365,1.254,0.881,6.077,5.81,1.158,1.441,1.238,3.999,6.287,0.398,0.981,2.592,1.085,1.124,1.216,1.323,1.086,1.42,1.535,2.092,1.424,2.33,5.795,6.106,5.85,5.83,0.976,1.13
2024-11-13,2.325,1.221,0.87,6.059,5.804,1.155,1.421,1.223,3.939,6.181,0.4,0.973,2.546,1.073,1.083,1.163,1.277,1.08,1.387,1.53,2.109,1.403,2.28,5.777,6.089,5.817,5.805,0.959,1.095
2024-11-14,2.37,1.215,0.868,5.977,5.715,1.154,1.447,1.244,3.977,6.19,0.398,0.98,2.543,1.079,1.087,1.168,1.282,1.082,1.381,1.528,2.097,1.395,2.331,5.699,6.037,5.739,5.724,0.961,1.11
2024-11-15,2.276,1.207,0.854,5.957,5.704,1.143,1.392,1.198,3.903,6.016,0.386,0.964,2.465,1.044,1.049,1.12,1.266,1.078,1.39,1.514,2.104,1.386,2.236,5.683,5.983,5.727,5.711,0.933,1.076
2024-11-18,2.205,1.213,0.849,5.998,5.739,1.126,1.345,1.157,3.86,5.877,0.38,0.957,2.417,1.028,1.004,1.084,1.215,1.081,1.392,1.491,2.067,1.38,2.16,5.727,6.032,5.761,5.748,0.92,1.04
2024-11-19,2.155,1.217,0.839,6.071,5.812,1.128,1.314,1.13,3.829,5.781,0.377,0.961,2.346,1.016,0.987,1.064,1.205,1.096,1.392,1.496,2.102,1.382,2.141,5.8,6.098,5.835,5.811,0.907,1.025
2024-11-20,2.201,1.212,0.838,6.144,5.887,1.143,1.353,1.156,3.835,5.857,0.378,0.969,2.403,1.048,1.015,1.078,1.216,1.094,1.393,1.517,2.122,1.382,2.207,5.888,6.172,5.93,5.9,0.919,1.045
2024-11-21,2.213,1.215,0.841,6.175,5.91,1.136,1.352,1.165,3.849,5.921,0.387,0.982,2.455,1.05,1.014,1.092,1.223,1.098,1.383,1.51,2.105,1.377,2.216,5.9,6.195,5.93,5.914,0.927,1.055
2024-11-22,2.218,1.213,0.842,6.232,5.956,1.145,1.353,1.165,3.86,5.915,0.384,0.978,2.46,1.053,1.022,1.095,1.233,1.097,1.388,1.519,2.121,1.386,2.207,5.95,6.255,5.999,5.968,0.921,1.062
2024-11-25,2.14,1.195,0.813,6.279,6.0,1.155,1.312,1.122,3.744,5.702,0.371,0.956,2.383,1.031,0.978,1.052,1.177,1.068,1.4,1.533,2.141,1.413,2.131,5.99,6.303,6.032,6.009,0.889,1.021
2024-11-26,2.122,1.18,0.808,6.099,5.828,1.15,1.297,1.114,3.703,5.657,0.368,0.96,2.373,1.019,0.965,1.038,1.164,1.068,1.39,1.529,2.181,1.384,2.156,5.815,6.139,5.855,5.835,0.889,1.005
2024-11-27,2.1,1.186,0.815,6.114,5.844,1.16,1.287,1.107,3.705,5.629,0.369,0.956,2.345,1.008,0.956,1.027,1.165,1.07,1.396,1.542,2.197,1.396,2.101,5.827,6.133,5.871,5.86,0.884,1.001
2024-11-28,2.162,1.205,0.826,6.094,5.83,1.151,1.324,1.135,3.773,5.736,0.376,0.962,2.406,1.019,0.992,1.061,1.196,1.086,1.399,1.53,2.173,1.4,2.157,5.833,6.122,5.88,5.831,0.901,1.037
2024-11-29,2.122,1.198,0.817,6.131,5.865,1.153,1.296,1.113,3.749,5.7,0.372,0.955,2.391,1.002,0.982,1.05,1.183,1.083,1.412,1.53,2.182,1.412,2.128,5.857,6.17,5.898,5.879,0.894,1.031
2024-12-02,2.172,1.199,0.83,6.117,5.848,1.161,1.33,1.143,3.786,5.793,0.378,0.966,2.436,1.017,1.005,1.067,1.208,1.087,1.42,1.54,2.199,1.409,2.152,5.85,6.146,5.896,5.85,0.905,1.06
2024-12-03,2.211,1.211,0.837,6.177,5.909,1.175,1.351,1.159,3.819,5.885,0.38,0.973,2.487,1.025,1.019,1.078,1.228,1.087,1.446,1.559,2.21,1.457,2.18,5.894,6.199,5.934,5.917,0.918,1.068
2024-12-04,2.195,1.218,0.836,6.179,5.914,1.187,1.34,1.154,3.819,5.867,0.378,0.972,2.475,1.032,1.027,1.067,1.223,1.098,1.454,1.576,2.22,1.466,2.172,5.901,6.22,5.948,5.915,0.917,1.072
2024-12-05,2.167,1.21,0.827,6.192,5.924,1.196,1.325,1.137,3.795,5.812,0.374,0.973,2.437,1.025,0.993,1.056,1.212,1.1,1.465,1.59,2.23,1.467,2.129,5.908,6.223,5.949,5.937,0.906,1.045
2024-12-06,2.18,1.211,0.826,6.125,5.855,1.19,1.33,1.142,3.796,5.843,0.373,0.968,2.473,1.015,1.002,1.071,1.226,1.101,1.483,1.581,2.228,1.458,2.128,5.846,6.154,5.89,5.866,0.913,1.056
2024-12-09,2.219,1.22,0.832,6.203,5.93,1.201,1.357,1.166,3.843,5.922,0.385,0.983,2.499,1.027,1.009,1.076,1.24,1.115,1.484,1.599,2.233,1.458,2.145,5.923,6.233,5.957,5.941,0.924,1.065
2024-12-10,2.32,1.289,0.87,6.226,5.963,1.191,1.416,1.23,3.968,6.127,0.393,0.996,2.567,1.055,1.04,1.09,1.302,1.14,1.474,1.586,2.182,1.447,2.201,5.949,6.251,5.992,5.97,0.942,1.117
2024-12-11,2.215,1.258,0.837,6.295,6.013,1.195,1.352,1.158,3.867,5.928,0.38,0.984,2.501,1.034,1.004,1.078,1.24,1.118,1.469,1.593,2.2,1.445,2.132,6.0,6.311,6.04,6.028,0.927,1.058
2024-12-12,2.217,1.245,0.853,6.306,6.033,1.22,1.354,1.162,3.866,5.987,0.381,0.994,2.539,1.046,1.007,1.088,1.241,1.121,1.477,1.621,2.248,1.465,2.121,6.026,6.319,6.06,6.038,0.934,1.059
2024-12-13,2.231,1.249,0.863,6.283,6.011,1.221,1.366,1.171,3.881,5.985,0.383,0.998,2.542,1.045,1.005,1.09,1.247,1.121,1.477,1.616,2.226,1.442,2.133,5.99,6.307,6.042,6.016,0.942,1.057
2024-12-16,2.19,1.234,0.846,6.199,5.94,1.231,1.338,1.151,3.807,5.937,0.374,0.983,2.507,1.021,0.999,1.066,1.218,1.104,1.483,1.631,2.244,1.435,2.09,5.922,6.228,5.962,5.945,0.93,1.04
2024-12-17,2.156,1.22,0.833,6.215,5.948,1.266,1.318,1.131,3.782,5.848,0.37,0.979,2.465,1.005,0.977,1.052,1.2,1.119,1.475,1.676,2.501,1.442,2.063,5.937,6.243,5.977,5.957,0.918,1.022
2024-12-18,2.167,1.229,0.837,6.204,5.936,1.257,1.321,1.136,3.809,5.802,0.37,0.976,2.422,1.0,0.972,1.045,1.206,1.117,1.475,1.658,2.248,1.434,2.052,5.924,6.234,5.964,5.942,0.913,1.022
2024-12-19,2.137,1.219,0.828,6.127,5.87,1.223,1.303,1.12,3.789,5.778,0.368,0.979,2.415,0.988,0.986,1.039,1.188,1.116,1.439,1.617,2.149,1.416,2.038,5.848,6.152,5.883,5.867,0.914,1.022
2024-12-20,2.166,1.223,0.825,6.132,5.869,1.227,1.324,1.139,3.813,5.834,0.368,0.974,2.438,0.985,1.017,1.05,1.195,1.107,1.432,1.62,2.155,1.419,2.033,5.854,6.16,5.897,5.877,0.913,1.041
2024-12-23,2.163,1.23,0.826,6.179,5.91,1.227,1.321,1.138,3.806,5.857,0.368,0.973,2.465,0.983,1.053,1.06,1.201,1.101,1.433,1.626,2.176,1.413,2.043,5.902,6.201,5.938,5.919,0.92,1.065
2024-12-24,2.148,1.231,0.82,6.188,5.922,1.266,1.311,1.125,3.813,5.763,0.366,0.97,2.402,0.982,1.038,1.041,1.187,1.104,1.448,1.673,2.213,1.43,2.019,5.908,6.211,5.95,5.928,0.909,1.056
2024-12-25,2.173,1.245,0.829,6.188,5.923,1.266,1.325,1.137,3.861,5.83,0.372,0.983,2.426,0.989,1.05,1.045,1.209,1.116,1.445,1.667,2.198,1.433,2.053,5.914,6.22,5.958,5.932,0.921,1.072
2024-12-26,2.16,1.248,0.823,6.213,5.941,1.263,1.317,1.132,3.861,5.779,0.369,0.981,2.397,0.981,1.043,1.044,1.2,1.121,1.454,1.669,2.199,1.444,2.03,5.928,6.246,5.975,5.955,0.914,1.07
2024-12-27,2.166,1.244,0.823,6.212,5.944,1.256,1.322,1.136,3.865,5.814,0.366,0.983,2.425,0.979,1.068,1.073,1.204,1.116,1.447,1.664,2.197,1.455,2.018,5.929,6.238,5.972,5.95,0.92,1.08
2024-12-30,2.158,1.247,0.825,6.191,5.931,1.236,1.318,1.134,3.855,5.835,0.366,0.983,2.424,0.978,1.053,1.075,1.209,1.121,1.452,1.634,2.17,1.469,2.012,5.924,6.225,5.963,5.934,0.92,1.07
2024-12-31,2.162,1.242,0.821,6.175,5.908,1.228,1.32,1.135,3.876,5.836,0.366,0.988,2.421,0.981,1.055,1.064,1.225,1.131,1.44,1.625,2.151,1.48,2.018,5.899,6.202,5.939,5.914,0.92,1.076
2025-01-02,2.096,1.236,0.817,6.236,5.963,1.229,1.282,1.101,3.809,5.654,0.361,0.98,2.338,0.957,1.003,1.039,1.163,1.121,1.436,1.625,2.163,1.461,1.98,5.954,6.26,5.994,5.975,0.896,1.041
2025-01-03,2.02,1.226,0.8,6.284,6.01,1.241,1.233,1.06,3.698,5.479,0.352,0.964,2.28,0.949,0.966,0.996,1.106,1.101,1.442,1.639,2.181,1.476,1.927,5.998,6.313,6.04,6.02,0.874,1.009
2025-01-06,1.978,1.234,0.786,6.286,6.018,1.259,1.21,1.038,3.654,5.362,0.349,0.955,2.207,0.957,0.941,0.965,1.069,1.085,1.437,1.66,2.188,1.479,1.883,6.003,6.314,6.044,6.023,0.869,0.995
2025-01-07,1.965,1.219,0.78,6.253,5.992,1.29,1.199,1.029,3.634,5.358,0.35,0.951,2.198,0.966,0.937,0.956,1.079,1.087,1.463,1.687,2.22,1.498,1.88,5.971,6.287,6.014,5.992,0.865,0.991
2025-01-08,1.975,1.208,0.781,6.276,6.004,1.246,1.203,1.035,3.659,5.397,0.344,0.952,2.224,0.984,0.966,0.972,1.085,1.087,1.477,1.632,2.172,1.481,1.89,5.987,6.307,6.037,6.01,0.871,1.01
2025-01-09,1.956,1.202,0.78,6.302,6.035,1.255,1.196,1.026,3.652,5.372,0.341,0.951,2.206,0.966,0.97,0.961,1.073,1.093,1.497,1.64,2.193,1.497,1.871,6.089,6.328,6.059,6.038,0.87,1.013
2025-01-10,1.967,1.205,0.777,6.347,6.086,1.246,1.204,1.033,3.654,5.384,0.341,0.942,2.224,0.976,0.976,0.976,1.072,1.081,1.621,1.628,2.181,1.506,1.876,6.054,6.372,6.097,6.078,0.873,1.013
2025-01-13,1.916,1.181,0.763,6.38,6.099,1.235,1.17,1.004,3.59,5.258,0.334,0.925,2.159,0.967,0.961,0.955,1.041,1.067,1.519,1.613,2.152,1.49,1.819,6.088,6.401,6.138,6.105,0.848,0.99
2025-01-14,1.95,1.183,0.771,6.341,6.068,1.228,1.19,1.023,3.604,5.328,0.338,0.928,2.185,0.994,0.978,0.966,1.062,1.061,1.515,1.609,2.152,1.458,1.841,6.051,6.361,6.098,6.07,0.86,1.012
2025-01-15,2.022,1.197,0.786,6.341,6.066,1.228,1.237,1.063,3.685,5.492,0.346,0.941,2.279,1.005,1.008,0.997,1.095,1.073,1.555,1.603,2.161,1.446,1.899,6.055,6.368,6.094,6.075,0.887,1.031
2025-01-16,2.009,1.214,0.783,6.402,6.126,1.254,1.226,1.055,3.685,5.48,0.343,0.944,2.277,1.005,1.016,0.989,1.097,1.08,1.644,1.64,2.198,1.465,1.897,6.11,6.431,6.158,6.139,0.882,1.037
2025-01-17,1.999,1.214,0.773,6.415,6.14,1.237,1.221,1.049,3.664,5.448,0.339,0.949,2.269,1.017,0.98,0.981,1.086,1.086,1.612,1.622,2.189,1.486,1.899,6.131,6.441,6.165,6.146,0.877,1.005
2025-01-20,2.047,1.233,0.786,6.355,6.073,1.255,1.248,1.071,3.71,5.553,0.343,0.958,2.307,1.021,1.016,0.999,1.107,1.088,1.644,1.644,2.202,1.526,1.913,6.073,6.397,6.126,6.091,0.898,1.026
2025-01-21,2.081,1.244,0.789,6.367,6.096,1.26,1.273,1.091,3.726,5.568,0.348,0.959,2.319,1.012,1.015,1.006,1.108,1.088,1.715,1.641,2.202,1.509,1.935,6.079,6.397,6.125,6.102,0.899,1.027
2025-01-22,2.063,1.236,0.78,6.443,6.161,1.272,1.262,1.083,3.705,5.549,0.345,0.954,2.313,1.006,1.02,0.995,1.1,1.076,1.778,1.656,2.212,1.53,1.901,6.16,6.484,6.2,6.17,0.901,1.027
2025-01-23,2.082,,0.775,6.461,6.18,1.276,1.272,1.089,3.704,5.588,0.345,0.951,2.32,1.008,1.036,0.996,1.119,1.069,,1.663,,,1.888,6.167,6.485,6.216,6.183,0.904,1.041
2025-01-24,2.045,1.224,0.77,6.485,6.201,1.263,1.25,1.074,3.678,5.507,0.343,0.949,2.288,0.997,1.008,0.98,1.098,1.078,1.869,1.65,2.214,1.57,1.865,6.194,6.511,6.228,6.209,0.896,1.018
2025-01-27,2.086,1.237,0.774,6.494,6.209,1.233,1.273,1.091,3.725,5.597,0.346,0.958,2.343,1.008,1.018,0.995,1.118,1.085,1.82,1.612,2.2,1.528,1.89,6.2,6.516,6.242,6.218,0.908,1.03
2025-02-05,2.043,1.276,0.773,6.68,6.39,1.23,1.247,1.073,3.719,5.576,0.348,0.967,2.313,1.014,1.014,0.982,1.095,1.098,1.66,1.617,2.191,1.47,1.892,6.381,6.71,6.424,6.4,0.914,1.039
2025-02-06,2.022,1.27,0.76,6.741,6.432,1.242,1.236,1.059,3.673,5.536,0.346,0.948,2.306,1.019,1.011,0.989,1.086,1.077,1.626,1.625,2.2,1.493,1.869,6.428,6.753,6.466,6.441,0.903,1.031
2025-02-07,2.08,1.289,0.764,6.711,6.412,1.245,1.271,1.09,3.722,5.682,0.349,0.945,2.375,1.028,1.06,1.019,1.103,1.076,1.673,1.628,2.198,1.498,1.909,6.412,6.733,6.455,6.43,0.922,1.067
2025-02-10,2.14,1.312,0.772,6.745,6.451,1.23,1.305,1.12,3.778,5.781,0.354,0.954,2.414,1.044,1.066,1.029,1.128,1.078,1.651,1.611,2.18,1.49,1.969,6.444,6.772,6.485,6.46,0.934,1.077
2025-02-11,2.141,1.34,0.772,6.906,6.63,1.228,1.31,1.123,3.786,5.819,0.357,0.948,2.439,1.047,1.072,1.04,1.129,1.078,1.623,1.612,2.187,1.489,1.951,6.64,6.93,6.662,6.628,0.937,1.093
2025-02-12,2.107,1.331,0.762,6.835,6.536,1.222,1.286,1.108,3.763,5.777,0.352,0.954,2.432,1.04,1.06,1.023,1.117,1.088,1.655,1.609,2.183,1.492,1.912,6.52,6.86,6.571,6.542,0.933,1.082
2025-02-13,2.145,1.362,0.77,6.855,6.553,1.225,1.311,1.126,3.798,5.872,0.354,0.955,2.471,1.036,1.095,1.036,1.135,1.09,1.648,1.613,2.179,1.489,1.937,6.547,6.882,6.6,6.564,0.941,1.099
2025-02-14,2.134,1.361,0.787,6.889,6.59,1.23,1.303,1.117,3.789,5.829,0.353,0.952,2.445,1.035,1.058,1.026,1.127,1.091,1.659,1.629,2.18,1.491,1.93,6.59,6.918,6.7,6.599,0.93,1.068
2025-02-17,2.198,1.398,0.788,6.751,6.453,1.23,1.34,1.153,3.833,5.911,0.364,0.952,2.467,1.031,1.064,1.026,1.145,1.094,1.648,1.629,2.172,1.481,1.953,6.474,6.795,6.52,6.477,0.94,1.085
2025-02-18,2.178,1.396,0.788,6.792,6.49,1.232,1.333,1.142,3.824,5.861,0.362,0.944,2.464,1.014,1.075,1.025,1.134,1.092,1.65,1.629,2.17,1.481,1.955,6.483,6.817,6.533,6.5,0.94,1.092
2025-02-19,2.136,1.403,0.777,6.882,6.586,1.236,1.307,1.12,3.794,5.771,0.356,0.938,2.412,1.008,1.055,0.998,1.107,1.093,1.736,1.639,2.185,1.487,1.93,6.579,6.911,6.627,6.595,0.924,1.066
2025-02-20,2.179,1.404,0.787,6.908,6.601,1.229,1.332,1.144,3.818,5.873,0.358,0.943,2.47,1.013,1.1,1.016,1.12,1.091,1.707,1.63,2.18,1.474,1.96,6.605,6.938,6.652,6.61,0.939,1.091
2025-02-21,2.185,1.418,0.787,6.897,6.603,1.218,1.332,1.148,3.821,5.905,0.366,0.943,2.496,1.02,1.1,1.034,1.122,1.09,1.7,1.616,2.168,1.474,1.939,6.594,6.929,6.628,6.608,0.942,1.099
2025-02-24,2.232,1.437,0.788,6.835,6.54,1.192,1.366,1.169,3.859,5.986,0.372,0.943,2.539,1.013,1.149,1.044,1.14,1.08,1.683,1.581,2.118,1.468,1.964,6.55,6.862,6.577,6.549,0.956,1.155
2025-02-25,2.189,1.405,0.789,6.898,6.597,1.179,1.337,1.15,3.824,5.925,0.364,0.936,2.512,1.011,1.135,1.035,1.124,1.078,1.73,1.568,2.11,1.467,1.962,6.587,6.931,6.632,6.605,0.945,1.141
2025-02-26,2.199,1.432,0.778,6.856,6.57,1.167,1.342,1.153,3.817,5.925,0.364,0.935,2.535,1.002,1.154,1.038,1.119,1.072,1.709,1.555,2.092,1.45,1.97,6.552,6.882,6.597,6.562,0.945,1.164
2025-02-27,2.224,1.468,0.783,6.824,6.523,1.167,1.359,1.166,3.845,5.972,0.366,0.945,2.567,1.007,1.171,1.047,1.138,1.079,1.711,1.553,2.089,1.458,2.012,6.515,6.845,6.56,6.533,0.956,1.185
2025-02-28,2.197,1.461,0.799,6.771,6.48,1.151,1.343,1.156,3.838,5.929,0.365,0.947,2.545,1.001,1.153,1.03,1.136,1.088,1.69,1.53,2.05,1.426,2.005,6.461,6.791,6.515,6.479,0.956,1.177
2025-03-03,2.133,1.429,0.799,6.735,6.438,1.147,1.3,1.117,3.784,5.805,0.358,0.94,2.473,0.992,1.108,1.007,1.111,1.084,1.66,1.528,2.052,1.427,1.979,6.435,6.758,6.48,6.445,0.933,1.133
2025-03-04,2.131,1.403,0.79,6.784,6.492,1.13,1.305,1.118,3.749,5.777,0.357,0.942,2.451,1.012,1.082,1.009,1.101,1.08,1.699,1.505,2.034,1.415,2.011,6.47,6.807,6.53,6.49,0.934,1.11
2025-03-05,2.147,1.432,0.791,6.809,6.518,1.137,1.311,1.127,3.769,5.87,0.359,0.944,2.499,1.013,1.123,1.04,1.113,1.084,1.671,1.515,2.015,1.419,1.99,6.491,6.843,6.539,6.523,0.946,1.138
2025-03-06,2.162,1.479,0.792,6.824,6.529,1.15,1.32,1.134,3.804,5.908,0.357,0.944,2.531,1.028,1.14,1.046,1.119,1.091,1.725,1.536,2.031,1.431,1.973,6.515,6.864,6.565,6.53,0.954,1.157
2025-03-07,2.181,1.492,0.797,6.805,6.5,1.127,1.333,1.146,3.829,5.959,0.36,0.947,2.567,1.036,1.15,1.055,1.133,1.085,1.745,1.505,2.0,1.416,1.988,6.497,6.827,6.549,6.506,0.963,1.174
2025-03-10,2.166,1.491,0.805,6.821,6.521,1.122,1.323,1.135,3.826,5.946,0.359,0.954,2.562,1.062,1.136,1.08,1.119,1.085,1.726,1.498,1.998,1.414,1.981,6.518,6.855,6.564,6.531,0.963,1.164
2025-03-11,2.135,1.445,0.8,6.781,6.483,1.07,1.307,1.122,3.783,5.884,0.356,0.95,2.539,1.05,1.124,1.067,1.102,1.076,1.714,1.429,1.937,1.393,1.969,6.482,6.815,6.528,6.491,0.952,1.147
2025-03-12,2.17,1.472,0.822,6.802,6.502,1.073,1.323,1.133,3.827,5.987,0.361,0.962,2.586,1.075,1.138,1.106,1.117,1.084,1.706,1.425,1.938,1.41,1.986,6.501,6.834,6.544,6.518,0.963,1.164
2025-03-13,2.146,1.457,0.813,6.866,6.572,1.088,1.31,1.127,3.813,5.968,0.357,0.961,2.581,1.075,1.125,1.094,1.12,1.085,1.724,1.444,1.944,1.415,1.978,6.569,6.891,6.597,6.573,0.961,1.147
2025-03-14,2.125,1.461,0.816,6.986,6.681,1.069,1.297,1.115,3.801,5.93,0.357,0.964,2.543,1.1,1.095,1.094,1.116,1.091,1.725,1.419,1.92,1.406,1.973,6.685,7.022,6.731,6.693,0.96,1.126
2025-03-17,2.188,1.496,0.857,6.969,6.665,1.09,1.339,1.146,3.907,6.048,0.368,0.977,2.589,1.092,1.117,1.096,1.154,1.102,1.751,1.452,1.94,1.418,2.01,6.66,6.993,6.702,6.674,0.975,1.146
2025-03-18,2.182,1.52,0.847,6.988,6.687,1.093,1.331,1.141,3.897,6.05,0.369,0.976,2.598,1.081,1.118,1.091,1.144,1.105,1.772,1.451,1.938,1.426,2.01,6.671,7.015,6.718,6.688,0.975,1.145
2025-03-19,2.181,1.525,0.838,7.055,6.743,1.084,1.335,1.145,3.887,6.053,0.37,0.975,2.594,1.095,1.115,1.083,1.139,1.102,1.801,1.442,1.935,1.432,2.007,6.74,7.087,6.782,6.757,0.978,1.142
2025-03-20,2.178,1.521,0.834,7.124,6.81,1.1,1.329,1.142,3.898,6.037,0.371,0.975,2.58,1.103,1.103,1.075,1.138,1.109,1.835,1.461,1.955,1.429,2.003,6.806,7.159,6.851,6.82,0.976,1.13
2025-03-21,2.153,1.489,0.821,7.114,6.799,1.105,1.315,1.132,3.852,5.971,0.365,0.97,2.567,1.089,1.089,1.078,1.128,1.103,1.825,1.47,1.979,1.44,1.99,6.798,7.142,6.841,6.808,0.974,1.115
2025-03-24,2.11,1.465,0.815,7.069,6.764,1.118,1.29,1.108,3.798,5.908,0.36,0.967,2.518,1.066,1.061,1.076,1.111,1.101,1.799,1.485,1.984,1.427,1.961,6.757,7.104,6.811,6.77,0.954,1.093
2025-03-25,2.112,1.461,0.818,7.065,6.759,1.15,1.291,1.107,3.817,5.895,0.359,0.977,2.495,1.087,1.072,1.056,1.11,1.109,1.788,1.524,2.025,1.442,1.95,6.75,7.083,6.801,6.758,0.96,1.098
2025-03-26,2.1,1.456,0.817,7.081,6.764,1.151,1.284,1.104,3.814,5.871,0.36,0.979,2.478,1.097,1.05,1.053,1.106,1.114,1.81,1.522,2.028,1.437,1.968,6.764,7.109,6.805,6.78,0.959,1.083
2025-03-27,2.093,1.458,0.82,7.104,6.792,1.118,1.279,1.1,3.8,5.875,0.358,0.976,2.488,1.072,1.051,1.051,1.105,1.111,1.771,1.478,1.98,1.426,1.975,6.783,7.131,6.828,6.797,0.956,1.08
2025-03-28,2.101,1.467,0.827,7.209,6.889,1.114,1.286,1.103,3.816,5.891,0.365,0.976,2.489,1.073,1.064,1.049,1.108,1.115,1.749,1.477,1.974,1.406,1.96,6.898,7.229,6.933,6.912,0.964,1.09
2025-03-31,2.079,1.435,0.818,7.277,6.927,1.071,1.273,1.091,3.793,5.819,0.365,0.968,2.456,1.068,1.041,1.033,1.104,1.112,1.738,1.428,1.91,1.381,1.94,6.992,7.275,6.972,6.942,0.955,1.074
2025-04-01,2.067,1.437,0.812,7.369,7.037,1.072,1.262,1.082,3.777,5.802,0.364,0.959,2.452,1.064,1.053,1.025,1.088,1.111,1.705,1.42,1.917,1.379,1.898,7.034,7.397,7.096,7.065,0.947,1.079
2025-04-02,2.062,1.435,0.816,7.382,7.052,1.09,1.258,1.085,3.772,5.817,0.374,0.966,2.456,1.061,1.046,1.035,1.083,1.114,1.738,1.442,1.94,1.376,1.909,7.068,7.416,7.103,7.07,0.949,1.071
2025-04-03,2.042,1.413,0.81,7.453,7.132,1.066,1.251,1.074,3.737,5.783,0.366,0.962,2.451,1.051,1.038,1.015,1.081,1.118,1.708,1.409,1.903,1.353,1.885,7.104,7.476,7.156,7.135,0.944,1.065
2025-04-07,1.93,1.301,0.81,7.169,6.822,0.959,1.18,0.999,3.589,5.558,0.355,0.916,2.316,0.968,0.994,0.995,1.04,1.107,1.541,1.272,1.707,1.238,1.827,6.816,7.266,6.832,6.801,0.925,1.016
2025-04-08,1.792,1.282,0.8,7.177,6.864,0.987,1.09,0.94,3.487,5.25,0.343,0.879,2.158,0.943,0.95,0.934,0.985,1.065,1.561,1.306,1.737,1.293,1.68,6.86,7.198,6.904,6.878,0.853,0.978
2025-04-09,1.762,1.229,0.822,7.188,6.903,0.96,1.074,0.926,3.484,5.193,0.339,0.887,2.136,0.935,0.931,0.939,0.982,1.076,1.532,1.271,1.707,1.27,1.665,6.863,7.236,6.901,6.89,0.832,0.97
2025-04-10,1.88,1.303,0.84,7.389,7.075,1.088,1.147,0.988,3.606,5.441,0.348,0.897,2.254,0.98,1.013,1.004,1.029,1.088,1.64,1.43,1.881,1.391,1.721,7.099,7.426,7.123,7.134,0.873,1.05
2025-04-11,1.845,1.29,0.84,7.688,7.32,1.04,1.128,0.97,3.599,5.448,0.346,0.911,2.256,1.0,1.002,1.007,1.023,1.087,1.649,1.372,1.807,1.32,1.704,7.309,7.691,7.38,7.34,0.872,1.036
2025-04-14,1.915,1.336,0.831,7.612,7.278,1.08,1.17,1.002,3.648,5.553,0.35,0.913,2.325,1.008,1.07,1.021,1.035,1.089,1.651,1.435,1.864,1.37,1.749,7.253,7.643,7.318,7.301,0.896,1.071
2025-04-15,1.895,1.347,0.829,7.654,7.318,1.074,1.157,0.994,3.633,5.553,0.349,0.915,2.331,1.025,1.053,1.021,1.03,1.095,1.67,1.425,1.868,1.387,1.752,7.316,7.682,7.36,7.327,0.892,1.061
2025-04-16,1.885,1.335,0.829,7.772,7.431,1.054,1.154,0.991,3.63,5.496,0.346,0.919,2.312,1.028,1.048,1.005,1.024,1.104,1.703,1.4,1.854,1.373,1.741,7.43,7.806,7.471,7.44,0.887,1.063
2025-04-17,1.859,1.32,0.831,8.016,7.704,1.035,1.136,0.971,3.631,5.462,0.346,0.915,2.282,1.025,1.042,0.995,1.019,1.114,1.7,1.379,1.831,1.368,1.724,7.666,8.051,7.727,7.655,0.882,1.056
2025-04-18,1.865,1.33,0.837,7.9,7.557,1.045,1.143,0.978,3.646,5.478,0.348,0.917,2.289,1.007,1.053,0.997,1.022,1.116,1.703,1.381,1.826,1.394,1.725,7.553,7.933,7.603,7.564,0.883,1.063
2025-04-21,1.874,1.328,0.831,8.023,7.682,1.039,1.143,0.984,3.654,5.482,0.345,0.917,2.287,1.015,1.046,0.994,1.027,1.12,1.707,1.374,1.811,1.39,1.732,7.67,8.049,7.717,7.684,0.886,1.062
2025-04-22,1.903,1.335,0.825,8.22,7.85,1.035,1.164,0.999,3.664,5.557,0.348,0.919,2.336,1.051,1.054,1.011,1.034,1.115,1.705,1.361,1.792,1.386,1.75,7.832,8.223,7.903,7.871,0.899,1.069
2025-04-23,1.917,1.38,0.827,8.1,7.727,1.062,1.169,1.003,3.681,5.577,0.352,0.924,2.351,1.037,1.055,1.008,1.04,1.122,1.734,1.401,1.846,1.411,1.755,7.723,8.112,7.78,7.759,0.905,1.069
2025-04-24,1.916,1.375,0.822,7.984,7.661,1.072,1.173,1.007,3.671,5.566,0.352,0.929,2.349,1.034,1.051,1.001,1.036,1.115,1.765,1.42,1.855,1.407,1.757,7.651,8.044,7.706,7.67,0.9,1.063
2025-04-25,1.913,1.375,0.824,8.0,7.644,1.09,1.166,1.001,3.676,5.548,0.353,0.929,2.33,1.026,1.038,0.996,1.034,1.126,1.765,1.436,1.891,1.41,1.748,7.629,8.021,7.69,7.641,0.901,1.052
2025-04-28,1.918,1.375,0.82,7.84,7.509,1.088,1.171,1.006,3.672,5.558,0.35,0.929,2.334,1.023,1.036,0.998,1.039,1.124,1.767,1.44,1.892,1.419,1.758,7.49,7.86,7.538,7.499,0.903,1.054
2025-04-29,1.902,1.373,0.817,7.891,7.545,1.098,1.163,0.997,3.663,5.508,0.35,0.92,2.304,1.018,1.034,0.986,1.032,1.128,1.77,1.451,1.903,1.423,1.746,7.545,7.922,7.588,7.561,0.9,1.048
2025-04-30,1.905,1.369,0.815,7.854,7.509,1.095,1.164,0.998,3.659,5.536,0.35,0.919,2.322,1.019,1.048,0.99,1.032,1.126,1.784,1.448,1.903,1.424,1.74,7.517,7.894,7.555,7.525,0.903,1.052
2025-05-06,1.936,1.392,0.82,7.941,7.59,1.112,1.183,1.013,3.675,5.593,0.357,0.921,2.354,1.026,1.064,1.005,1.038,1.109,1.826,1.469,1.922,1.437,1.755,7.596,7.97,7.64,7.596,0.904,1.067
2025-05-07,1.995,1.433,0.825,7.955,7.599,1.105,1.218,1.043,3.739,5.736,0.36,0.929,2.426,1.046,1.092,1.03,1.078,1.113,1.84,1.463,1.92,1.438,1.791,7.604,7.979,7.652,7.614,0.924,1.095
2025-05-08,1.963,1.404,0.82,8.025,7.667,1.114,1.198,1.032,3.707,5.667,0.356,0.928,2.398,1.041,1.066,1.049,1.049,1.117,1.84,1.477,1.931,1.439,1.779,7.671,8.05,7.72,7.679,0.918,1.077
2025-05-09,2.0,1.414,0.822,7.836,7.488,1.119,1.224,1.048,3.735,5.698,0.357,0.932,2.424,1.033,1.062,1.073,1.057,1.123,1.851,1.485,1.94,1.442,1.815,7.489,7.877,7.536,7.502,0.922,1.073
2025-05-12,2.013,1.433,0.825,7.679,7.345,1.137,1.228,1.052,3.752,5.683,0.357,0.935,2.411,1.034,1.048,1.047,1.051,1.132,1.88,1.513,1.964,1.449,1.813,7.317,7.72,7.389,7.341,0.917,1.061
2025-05-13,2.062,1.443,0.826,7.602,7.272,1.155,1.262,1.079,3.8,5.763,0.359,0.943,2.447,1.043,1.057,1.096,1.076,1.134,1.883,1.538,1.987,1.452,1.86,7.276,7.639,7.314,7.291,0.932,1.07
2025-05-14,2.032,1.434,0.822,7.627,7.291,1.17,1.241,1.063,3.784,5.713,0.359,0.945,2.421,1.046,1.046,1.063,1.063,1.144,1.849,1.546,1.998,1.438,1.851,7.3,7.662,7.345,7.309,0.924,1.062
2025-05-15,2.046,1.45,0.833,7.48,7.172,1.18,1.251,1.073,3.827,5.719,0.363,0.949,2.421,1.052,1.046,1.057,1.089,1.151,1.843,1.564,2.007,1.442,1.859,7.16,7.513,7.22,7.165,0.926,1.062
2025-05-16,2.006,1.433,0.831,7.502,7.173,1.178,1.227,1.054,3.791,5.644,0.363,0.944,2.382,1.042,1.023,1.036,1.076,1.146,1.834,1.561,2.007,1.443,1.826,7.187,7.54,7.225,7.195,0.912,1.048
2025-05-19,2.006,1.427,0.816,7.531,7.2,1.169,1.225,1.051,3.773,5.648,0.363,0.94,2.382,1.04,1.024,1.045,1.066,1.139,1.865,1.55,2.009,1.448,1.83,7.192,7.561,7.24,7.206,0.91,1.044
2025-05-20,2.009,1.438,0.817,7.534,7.203,1.18,1.229,1.052,3.773,5.666,0.363,0.944,2.398,1.035,1.028,1.047,1.068,1.143,1.883,1.565,2.026,1.45,1.833,7.208,7.572,7.256,7.217,0.917,1.045
2025-05-21,2.02,1.455,0.823,7.709,7.377,1.176,1.234,1.058,3.793,5.677,0.367,0.949,2.417,1.045,1.03,1.043,1.068,1.147,1.885,1.563,2.019,1.45,1.835,7.365,7.737,7.424,7.381,0.921,1.047
2025-05-22,2.036,1.455,0.825,7.811,7.46,1.158,1.243,1.065,3.807,5.671,0.37,0.956,2.409,1.06,1.02,1.041,1.062,1.155,1.882,1.54,1.989,1.438,1.854,7.47,7.842,7.52,7.478,0.921,1.044
2025-05-23,2.015,1.445,0.822,7.734,7.392,1.156,1.231,1.056,3.801,5.645,0.37,0.953,2.387,1.051,1.016,1.037,1.056,1.159,1.883,1.54,1.987,1.446,1.83,7.397,7.767,7.445,7.405,0.918,1.038
2025-05-26,1.99,1.438,0.818,7.763,7.416,1.155,1.215,1.042,3.771,5.595,0.369,0.946,2.36,1.049,1.008,1.029,1.042,1.15,1.87,1.54,1.985,1.452,1.811,7.426,7.797,7.475,7.438,0.908,1.035
2025-05-27,1.976,1.42,0.815,7.763,7.43,1.155,1.207,1.036,3.754,5.61,0.365,0.943,2.367,1.05,1.009,1.038,1.042,1.148,1.896,1.54,1.99,1.465,1.802,7.431,7.797,7.473,7.434,0.912,1.034
2025-05-28,1.969,1.433,0.815,7.695,7.353,1.18,1.205,1.031,3.736,5.595,0.367,0.941,2.367,1.029,1.0,1.032,1.042,1.149,1.906,1.568,2.015,1.471,1.791,7.353,7.718,7.402,7.369,0.908,1.027
2025-05-29,1.962,1.426,0.82,7.593,7.262,1.195,1.199,1.029,3.734,5.588,0.367,0.945,2.366,1.027,0.994,1.027,1.037,1.154,1.889,1.59,2.032,1.464,1.78,7.254,7.628,7.301,7.263,0.906,1.024
2025-05-30,1.98,1.43,0.818,7.712,7.377,1.167,1.209,1.039,3.748,5.648,0.371,0.948,2.396,1.037,1.006,1.044,1.045,1.153,1.875,1.554,2.001,1.462,1.79,7.377,7.747,7.429,7.39,0.916,1.037
2025-06-03,1.961,1.428,0.815,7.837,7.49,1.18,1.202,1.031,3.735,5.618,0.372,0.947,2.373,1.038,0.992,1.049,1.038,1.157,1.887,1.567,2.013,1.466,1.773,7.493,7.853,7.522,7.501,0.914,1.028
2025-06-04,1.983,1.439,0.824,7.824,7.472,1.187,1.21,1.037,3.748,5.642,0.376,0.95,2.396,1.04,1.003,1.045,1.049,1.168,1.891,1.577,2.026,1.462,1.775,7.476,7.847,7.528,7.488,0.92,1.034
2025-06-05,2.001,1.459,0.825,7.832,7.488,1.185,1.224,1.049,3.767,5.694,0.379,0.958,2.418,1.056,1.01,1.046,1.066,1.174,1.894,1.575,2.025,1.461,1.794,7.493,7.862,7.537,7.499,0.929,1.041
2025-06-06,2.022,1.463,0.82,7.811,7.468,1.172,1.235,1.061,3.776,5.721,0.376,0.956,2.438,1.054,1.027,1.053,1.075,1.166,1.887,1.56,2.018,1.459,1.796,7.47,7.849,7.518,7.477,0.935,1.051
2025-06-09,2.02,1.47,0.819,7.694,7.353,1.182,1.234,1.057,3.778,5.733,0.373,0.955,2.436,1.059,1.027,1.052,1.074,1.169,1.886,1.573,2.032,1.462,1.796,7.364,7.723,7.403,7.364,0.937,1.048
2025-06-10,2.034,1.481,0.822,7.695,7.35,1.188,1.243,1.066,3.786,5.763,0.378,0.958,2.459,1.065,1.029,1.061,1.084,1.169,1.878,1.581,2.042,1.469,1.807,7.343,7.729,7.411,7.366,0.942,1.054
2025-06-11,2.016,1.487,0.818,7.752,7.412,1.186,1.23,1.055,3.763,5.715,0.379,0.959,2.435,1.068,1.007,1.042,1.071,1.169,1.861,1.577,2.044,1.469,1.792,7.416,7.776,7.459,7.42,0.94,1.033
2025-06-12,2.033,1.49,0.823,7.839,7.489,1.181,1.241,1.067,3.787,5.747,0.377,0.962,2.436,1.09,1.005,1.047,1.083,1.173,1.865,1.57,2.04,1.47,1.81,7.493,7.863,7.541,7.505,0.945,1.029
2025-06-13,2.033,1.476,0.813,7.953,7.599,1.167,1.243,1.068,3.787,5.752,0.382,0.962,2.443,1.106,0.992,1.049,1.082,1.176,1.849,1.552,2.02,1.459,1.809,7.598,7.98,7.654,7.616,0.95,1.023
2025-06-16,2.019,1.459,0.796,7.967,7.618,1.174,1.235,1.059,3.763,5.693,0.376,0.96,2.41,1.101,0.99,1.056,1.073,1.168,1.839,1.561,2.029,1.464,1.791,7.622,7.996,7.671,7.629,0.948,1.02
2025-06-17,2.04,1.477,0.795,7.86,7.515,1.184,1.245,1.069,3.78,5.74,0.375,0.955,2.433,1.094,0.999,1.055,1.09,1.175,1.845,1.573,2.039,1.478,1.796,7.515,7.894,7.556,7.525,0.958,1.022
2025-06-18,2.027,1.467,0.795,7.832,7.486,1.181,1.242,1.061,3.78,5.724,0.367,0.95,2.428,1.099,0.991,1.055,1.094,1.172,1.837,1.568,2.033,1.478,1.799,7.489,7.867,7.535,7.499,0.946,1.011
2025-06-19,2.028,1.452,0.793,7.836,7.49,1.173,1.24,1.065,3.775,5.701,0.365,0.951,2.421,1.088,0.997,1.059,1.079,1.177,1.827,1.56,2.028,1.479,1.804,7.493,7.867,7.541,7.5,0.95,1.016
2025-06-20,2.005,1.431,0.788,7.793,7.449,1.174,1.224,1.052,3.749,5.651,0.362,0.943,2.393,1.075,0.999,1.043,1.062,1.177,1.816,1.559,2.023,1.476,1.787,7.454,7.821,7.496,7.46,0.935,1.012
2025-06-23,1.98,1.431,0.792,7.783,7.438,1.166,1.211,1.04,3.746,5.606,0.362,0.946,2.364,1.071,0.988,1.036,1.053,1.181,1.82,1.551,2.015,1.457,1.776,7.433,7.805,7.484,7.452,0.93,1.002
2025-06-24,2.004,1.465,0.79,7.752,7.414,1.193,1.223,1.054,3.773,5.661,0.364,0.948,2.408,1.082,1.004,1.044,1.073,1.188,1.844,1.585,2.051,1.471,1.802,7.416,7.795,7.46,7.431,0.936,1.014
2025-06-25,2.05,1.49,0.796,7.707,7.368,1.2,1.253,1.071,3.816,5.75,0.366,0.954,2.455,1.091,1.022,1.056,1.102,1.191,1.866,1.596,2.062,1.482,1.845,7.37,7.734,7.417,7.378,0.95,1.032
2025-06-26,2.109,1.494,0.798,7.719,7.378,1.204,1.287,1.103,3.872,5.843,0.368,0.963,2.487,1.095,1.039,1.094,1.159,1.198,1.852,1.599,2.063,1.502,1.869,7.378,7.746,7.431,7.39,0.969,1.047
2025-06-27,2.1,1.496,0.797,7.691,7.356,1.213,1.282,1.1,3.867,5.832,0.365,0.956,2.486,1.111,1.037,1.092,1.14,1.206,1.872,1.612,2.08,1.541,1.858,7.361,7.724,7.408,7.365,0.967,1.045
2025-06-30,2.11,1.486,0.792,7.632,7.275,1.224,1.287,1.103,3.838,5.855,0.365,0.959,2.492,1.125,1.039,1.105,1.139,1.184,1.897,1.625,2.102,1.569,1.869,7.27,7.673,7.328,7.3,0.969,1.043
2025-07-01,2.128,1.481,0.794,7.687,7.346,1.228,1.302,1.117,3.857,5.888,0.368,0.964,2.521,1.124,1.049,1.147,1.137,1.188,1.901,1.631,2.102,1.544,1.891,7.352,7.711,7.393,7.359,0.984,1.055
2025-07-02,2.123,1.491,0.795,7.727,7.384,1.215,1.299,1.113,3.862,5.899,0.371,0.965,2.522,1.137,1.042,1.14,1.129,1.196,1.884,1.614,2.098,1.534,1.884,7.389,7.748,7.436,7.395,0.981,1.046
2025-07-03,2.11,1.488,0.794,7.731,7.387,1.225,1.287,1.103,3.871,5.885,0.369,0.969,2.504,1.154,1.023,1.119,1.126,1.2,1.888,1.63,2.114,1.539,1.91,7.396,7.763,7.451,7.407,0.98,1.036
2025-07-04,2.141,1.469,0.797,7.726,7.392,1.234,1.309,1.12,3.888,5.896,0.371,0.975,2.509,1.144,1.023,1.122,1.13,1.2,1.892,1.639,2.125,1.534,1.929,7.386,7.758,7.44,7.4,0.983,1.037
2025-07-07,2.126,1.461,0.797,7.676,7.34,1.228,1.301,1.115,3.903,5.895,0.372,0.974,2.502,1.13,1.019,1.116,1.127,1.211,1.879,1.633,2.121,1.515,1.908,7.341,7.707,7.389,7.348,0.98,1.033
2025-07-08,2.109,1.469,0.795,7.724,7.383,1.229,1.292,1.105,3.893,5.889,0.367,0.976,2.508,1.125,1.022,1.118,1.132,1.218,1.898,1.633,2.114,1.507,1.902,7.394,7.75,7.44,7.397,0.978,1.031
2025-07-09,2.157,1.478,0.798,7.684,7.346,1.228,1.319,1.132,3.925,5.97,0.37,0.981,2.547,1.142,1.031,1.126,1.146,1.213,1.904,1.633,2.118,1.505,1.967,7.346,7.71,7.401,7.347,0.994,1.044
2025-07-10,2.17,1.467,0.803,7.697,7.35,1.23,1.324,1.135,3.922,5.943,0.372,0.98,2.536,1.12,1.018,1.113,1.138,1.223,1.929,1.637,2.119,1.504,1.961,7.356,7.719,7.397,7.371,0.993,1.034
2025-07-11,2.169,1.476,0.802,7.703,7.361,1.227,1.324,1.135,3.943,5.973,0.377,0.984,2.544,1.138,1.016,1.111,1.159,1.23,1.907,1.634,2.124,1.505,1.978,7.365,7.729,7.416,7.375,0.995,1.033
2025-07-14,2.18,1.48,0.807,7.762,7.415,1.222,1.335,1.145,3.955,6.026,0.38,0.986,2.57,1.162,1.031,1.128,1.186,1.219,1.885,1.626,2.115,1.495,1.97,7.417,7.785,7.462,7.426,1.0,1.048
2025-07-15,2.184,1.492,0.807,7.742,7.408,1.229,1.333,1.142,3.959,6.004,0.381,0.989,2.564,1.152,1.024,1.121,1.172,1.227,1.886,1.635,2.118,1.493,1.969,7.4,7.779,7.459,7.41,1.005,1.044
2025-07-16,2.217,1.516,0.799,7.728,7.382,1.233,1.353,1.16,3.956,6.012,0.381,0.981,2.558,1.142,1.023,1.117,1.162,1.218,1.871,1.64,2.117,1.499,1.949,7.39,7.765,7.444,7.394,1.005,1.05
2025-07-17,2.205,1.509,0.804,7.73,7.396,1.236,1.347,1.154,3.946,6.013,0.381,0.988,2.564,1.141,1.024,1.117,1.16,1.209,1.883,1.644,2.123,1.495,1.952,7.394,7.765,7.447,7.403,1.006,1.048
2025-07-18,2.256,1.521,0.808,7.727,7.385,1.247,1.377,1.18,3.985,6.086,0.388,0.988,2.6,1.148,1.033,1.145,1.167,1.209,1.9,1.658,2.141,1.502,1.969,7.39,7.755,7.438,7.394,1.016,1.06
2025-07-21,2.258,1.534,0.816,7.761,7.404,1.249,1.378,1.183,4.014,6.109,0.392,0.994,2.605,1.18,1.034,1.156,1.169,1.213,1.885,1.663,2.142,1.5,1.982,7.409,7.776,7.462,7.43,1.02,1.059
2025-07-22,2.274,1.536,0.82,7.814,7.471,1.251,1.389,1.192,4.036,6.167,0.39,1.009,2.629,1.211,1.035,1.168,1.186,1.214,1.892,1.666,2.138,1.506,2.006,7.472,7.843,7.52,7.483,1.032,1.061
2025-07-23,2.288,1.553,0.837,7.875,7.508,1.244,1.397,1.198,4.081,6.233,0.392,1.02,2.644,1.247,1.037,1.164,1.192,1.216,1.889,1.657,2.137,1.535,2.062,7.52,7.888,7.575,7.54,1.043,1.07
2025-07-24,2.297,1.563,0.833,7.789,7.445,1.252,1.402,1.202,4.072,6.196,0.392,1.014,2.631,1.224,1.044,1.151,1.194,1.215,1.919,1.667,2.155,1.584,2.029,7.449,7.818,7.498,7.459,1.036,1.072
2025-07-25,2.326,1.567,0.836,7.75,7.408,1.252,1.42,1.216,4.102,6.305,0.402,1.021,2.671,1.267,1.061,1.174,1.233,1.207,1.903,1.667,2.157,1.562,2.09,7.412,7.783,7.465,7.415,1.053,1.086
2025-07-28,2.322,1.562,0.828,7.707,7.367,1.258,1.415,1.215,4.08,6.303,0.405,1.016,2.668,1.259,1.084,1.174,1.227,1.197,1.921,1.677,2.176,1.542,2.073,7.377,7.731,7.413,7.382,1.054,1.111
2025-07-29,2.338,1.563,0.824,7.677,7.334,1.263,1.429,1.225,4.085,6.313,0.415,1.009,2.671,1.255,1.077,1.188,1.233,1.195,1.872,1.683,2.183,1.522,2.07,7.344,7.711,7.396,7.35,1.064,1.106
2025-07-30,2.378,1.555,0.819,7.715,7.377,1.259,1.457,1.249,4.104,6.346,0.42,1.011,2.695,1.267,1.094,1.204,1.239,1.189,1.888,1.679,2.175,1.529,2.089,7.378,7.747,7.43,7.387,1.076,1.122
2025-07-31,2.354,1.537,0.824,7.667,7.326,1.277,1.437,1.231,4.098,6.3,0.422,1.017,2.665,1.236,1.084,1.183,1.218,1.194,1.888,1.703,2.196,1.537,2.044,7.325,7.694,7.31,7.329,1.064,1.109
2025-08-01,2.296,1.527,0.805,7.673,7.334,1.255,1.401,1.204,4.025,6.218,0.414,1.001,2.65,1.21,1.073,1.182,1.197,1.18,1.859,1.674,2.17,1.52,1.987,7.339,7.692,7.388,7.343,1.051,1.101
2025-08-04,2.285,1.511,0.804,7.763,7.421,1.235,1.396,1.196,3.999,6.197,0.406,1.005,2.641,1.207,1.059,1.162,1.186,1.176,1.83,1.643,2.148,1.505,1.988,7.43,7.796,7.466,7.432,1.054,1.087
2025-08-05,2.326,1.523,0.809,7.815,7.467,1.256,1.419,1.217,4.031,6.276,0.41,1.012,2.685,1.233,1.081,1.204,1.196,1.188,1.85,1.672,2.171,1.527,1.995,7.481,7.842,7.52,7.481,1.065,1.103
2025-08-06,2.314,1.529,0.816,7.806,7.461,1.244,1.415,1.213,4.058,6.284,0.411,1.021,2.7,1.235,1.081,1.205,1.204,1.201,1.851,1.658,2.167,1.529,2.005,7.464,7.832,7.516,7.472,1.067,1.108
2025-08-07,2.338,1.535,0.818,7.802,7.456,1.267,1.427,1.223,4.073,6.366,0.409,1.026,2.733,1.254,1.092,1.251,1.21,1.201,1.869,1.689,2.185,1.545,2.018,7.465,7.836,7.512,7.471,1.081,1.113
2025-08-08,2.314,1.534,0.816,7.821,7.483,1.268,1.415,1.211,4.065,6.317,0.406,1.029,2.728,1.266,1.091,1.232,1.207,1.205,1.889,1.691,2.176,1.577,2.0,7.487,7.85,7.529,7.488,1.071,1.109
2025-08-11,2.317,1.532,0.815,7.783,7.452,1.278,1.412,1.211,4.06,6.341,0.405,1.031,2.724,1.292,1.075,1.234,1.198,1.207,1.885,1.706,2.185,1.593,2.042,7.442,7.824,7.507,7.452,1.073,1.096
2025-08-12,2.358,1.527,0.822,7.745,7.402,1.278,1.441,1.232,4.077,6.404,0.409,1.032,2.763,1.282,1.084,1.241,1.216,1.198,1.874,1.702,2.188,1.6,2.077,7.407,7.769,7.456,7.412,1.085,1.103
2025-08-13,2.395,1.548,0.825,7.732,7.382,1.293,1.459,1.251,4.111,6.444,0.409,1.036,2.775,1.281,1.11,1.232,1.226,1.203,1.88,1.721,2.202,1.615,2.071,7.392,7.755,7.439,7.395,1.088,1.124
2025-08-14,2.473,1.583,0.823,7.76,7.415,1.29,1.513,1.296,4.142,6.499,0.419,1.042,2.816,1.312,1.125,1.25,1.243,1.197,1.886,1.718,2.207,1.609,2.092,7.422,7.787,7.472,7.431,1.114,1.134
2025-08-15,2.435,1.557,0.819,7.715,7.372,1.291,1.486,1.274,4.119,6.439,0.413,1.035,2.769,1.293,1.125,1.224,1.236,1.199,1.894,1.717,2.208,1.61,2.055,7.38,7.742,7.436,7.384,1.089,1.135
2025-08-18,2.52,1.562,0.825,7.729,7.385,1.289,1.54,1.318,4.175,6.626,0.418,1.048,2.845,1.337,1.175,1.246,1.309,1.193,1.903,1.715,2.209,1.639,2.14,7.392,7.759,7.444,7.398,1.121,1.171
2025-08-19,2.575,1.558,0.827,7.724,7.378,1.283,1.569,1.352,4.203,6.686,0.418,1.048,2.879,1.334,1.176,1.271,1.307,1.198,1.892,1.709,2.202,1.636,2.144,7.395,7.742,7.43,7.386,1.131,1.181
2025-08-20,2.551,1.545,0.831,7.692,7.352,1.26,1.56,1.339,4.172,6.652,0.409,1.045,2.872,1.319,1.158,1.244,1.284,1.195,1.884,1.678,2.182,1.614,2.14,7.363,7.721,7.4,7.362,1.121,1.166
2025-08-21,2.589,1.559,0.845,7.731,7.39,1.259,1.578,1.354,4.245,6.774,0.416,1.063,2.922,1.34,1.211,1.257,1.315,1.207,1.88,1.676,2.177,1.602,2.155,7.399,7.76,7.447,7.403,1.141,1.209
2025-08-22,2.566,1.555,0.847,7.724,7.381,1.261,1.564,1.344,4.252,6.723,0.421,1.064,2.886,1.332,1.21,1.249,1.288,1.212,1.877,1.681,2.179,1.594,2.142,7.391,7.756,7.438,7.395,1.132,1.218
2025-08-25,2.693,1.579,0.858,7.757,7.41,1.274,1.642,1.405,4.378,6.9,0.426,1.066,2.954,1.385,1.337,1.282,1.355,1.209,1.886,1.7,2.197,1.608,2.194,7.409,7.781,7.466,7.419,1.157,1.343
2025-08-26,2.727,1.585,0.874,7.768,7.43,1.271,1.67,1.431,4.431,6.948,0.433,1.073,2.97,1.426,1.311,1.302,1.343,1.219,1.87,1.691,2.19,1.593,2.238,7.432,7.799,7.48,7.437,1.179,1.34
2025-08-27,2.716,1.582,0.88,7.79,7.447,1.276,1.657,1.421,4.418,6.984,0.429,1.076,2.979,1.42,1.325,1.293,1.332,1.214,1.873,1.699,2.2,1.592,2.228,7.452,7.818,7.506,7.461,1.18,1.35
2025-08-28,2.68,1.545,0.859,7.798,7.451,1.274,1.636,1.405,4.346,6.891,0.419,1.058,2.91,1.4,1.325,1.275,1.3,1.196,1.86,1.694,2.201,1.607,2.183,7.454,7.823,7.505,7.462,1.16,1.34
2025-08-29,2.799,1.544,0.861,7.81,7.465,1.276,1.713,1.469,4.427,7.032,0.419,1.066,2.961,1.43,1.386,1.297,1.331,1.195,1.857,1.7,2.196,1.6,2.232,7.472,7.839,7.521,7.48,1.195,1.4
2025-09-01,2.88,1.569,0.879,7.878,7.527,1.262,1.758,1.503,4.484,7.099,0.433,1.073,2.974,1.501,1.4,1.312,1.331,1.194,1.851,1.679,2.193,1.579,2.3,7.534,7.904,7.59,7.546,1.202,1.419
2025-09-02,2.922,1.572,0.874,8.032,7.689,1.259,1.789,1.533,4.49,7.113,0.449,1.083,2.987,1.528,1.395,1.306,1.313,1.192,1.866,1.676,2.185,1.588,2.316,7.679,8.087,7.74,7.75,1.218,1.426
2025-09-03,2.852,1.579,0.873,8.107,7.75,1.251,1.74,1.491,4.469,7.0,0.447,1.075,2.92,1.518,1.349,1.278,1.303,1.2,1.836,1.667,2.177,1.57,2.287,7.748,8.131,7.82,7.76,1.19,1.388
2025-09-04,2.899,1.567,0.856,8.134,7.779,1.264,1.761,1.506,4.423,6.884,0.45,1.064,2.87,1.485,1.328,1.197,1.25,1.186,1.837,1.685,2.187,1.585,2.335,7.798,8.167,7.839,7.795,1.186,1.362
2025-09-05,2.75,1.547,0.86,8.122,7.755,1.276,1.678,1.437,4.327,6.717,0.431,1.058,2.804,1.416,1.233,1.166,1.25,1.189,1.862,1.698,2.21,1.615,2.336,7.762,8.145,7.816,7.773,1.141,1.282
2025-09-08,2.946,1.565,0.864,8.155,7.797,1.276,1.797,1.538,4.431,6.949,0.447,1.075,2.887,1.523,1.276,1.188,1.254,1.182,1.843,1.698,2.195,1.628,2.579,7.802,8.187,7.861,7.811,1.185,1.327
2025-09-09,2.866,1.583,0.881,8.283,7.915,1.275,1.753,1.51,4.422,6.989,0.454,1.084,2.903,1.49,1.264,1.19,1.248,1.185,1.853,1.698,2.197,1.639,2.549,7.961,8.31,7.98,7.934,1.195,1.315
2025-09-10,2.857,1.6,0.879,8.264,7.909,1.279,1.738,1.493,4.403,6.932,0.444,1.082,2.874,1.479,1.256,1.167,1.248,1.188,1.851,1.704,2.202,1.626,2.503,7.914,8.305,7.957,7.906,1.184,1.314
2025-09-11,2.883,1.598,0.875,8.315,7.94,1.281,1.755,1.506,4.404,6.938,0.435,1.077,2.869,1.48,1.26,1.177,1.241,1.188,1.844,1.707,2.21,1.642,2.472,7.949,8.338,8.003,7.963,1.185,1.314
2025-09-12,3.01,1.636,0.89,8.283,7.915,1.287,1.839,1.579,4.539,7.165,0.442,1.093,2.959,1.523,1.341,1.203,1.282,1.19,1.842,1.713,2.221,1.658,2.549,7.922,8.313,7.978,7.932,1.227,1.393
2025-09-15,3.006,1.624,0.878,8.271,7.909,1.291,1.831,1.567,4.499,7.19,0.441,1.088,2.96,1.549,1.414,1.2,1.266,1.184,1.842,1.719,2.223,1.668,2.528,7.917,8.306,7.97,7.908,1.221,1.431
2025-09-16,3.039,1.634,0.885,8.373,7.995,1.301,1.847,1.588,4.509,7.166,0.442,1.085,2.956,1.551,1.376,1.189,1.265,1.175,1.844,1.736,2.234,1.668,2.571,8.0,8.397,8.05,8.007,1.217,1.413
2025-09-17,3.055,1.635,0.88,8.371,8.005,1.299,1.856,1.601,4.492,7.204,0.441,1.083,2.98,1.502,1.384,1.184,1.263,1.17,1.83,1.732,2.235,1.678,2.562,8.028,8.408,8.076,8.01,1.223,1.421
2025-09-18,3.115,1.658,0.873,8.257,7.897,1.301,1.888,1.625,4.532,7.29,0.445,1.095,3.018,1.499,1.424,1.189,1.267,1.174,1.841,1.734,2.231,1.684,2.604,7.913,8.297,7.971,7.901,1.238,1.456
2025-09-19,3.067,1.631,0.856,8.256,7.891,1.311,1.868,1.599,4.467,7.217,0.443,1.082,2.973,1.46,1.429,1.182,1.226,1.153,1.843,1.751,2.249,1.706,2.562,7.895,8.285,7.942,7.901,1.232,1.456
2025-09-22,3.068,1.629,0.859,8.359,7.998,1.32,1.866,1.603,4.481,7.197,0.441,1.088,2.966,1.498,1.401,1.193,1.223,1.158,1.844,1.762,2.258,1.69,2.569,7.998,8.395,8.051,8.005,1.224,1.426
2025-09-23,3.115,1.63,0.848,8.497,8.1,1.333,1.898,1.623,4.504,7.256,0.44,1.085,2.988,1.497,1.465,1.205,1.226,1.15,1.835,1.788,2.283,1.698,2.555,8.109,8.506,8.19,8.125,1.234,1.478
2025-09-24,3.063,1.609,0.841,8.503,8.128,1.329,1.86,1.6,4.474,7.17,0.431,1.081,2.935,1.474,1.458,1.183,1.206,1.155,1.831,1.784,2.275,1.686,2.564,8.154,8.536,8.198,8.141,1.219,1.464
2025-09-25,3.15,1.64,0.846,8.512,8.135,1.325,1.922,1.646,4.54,7.368,0.438,1.09,3.005,1.529,1.537,1.201,1.222,1.157,1.836,1.779,2.277,1.689,2.666,8.167,8.554,8.216,8.16,1.256,1.524
2025-09-26,3.193,1.618,0.838,8.518,8.128,1.319,1.946,1.671,4.554,7.339,0.439,1.088,2.985,1.531,1.531,1.195,1.221,1.147,1.817,1.771,2.264,1.683,2.694,8.143,8.536,8.198,8.15,1.256,1.538
2025-09-29,3.126,1.626,0.843,8.544,8.168,1.328,1.905,1.637,4.525,7.273,0.432,1.088,2.951,1.551,1.521,1.193,1.216,1.148,1.836,1.793,2.275,1.663,2.71,8.178,8.566,8.226,8.177,1.242,1.516
2025-09-30,3.221,1.647,0.847,8.7,8.33,1.337,1.961,1.682,4.611,7.401,0.435,1.1,3.002,1.615,1.56,1.203,1.273,1.146,1.833,1.802,2.286,1.675,2.79,8.327,8.738,8.383,8.324,1.257,1.561
2025-10-09,3.217,1.66,0.841,9.095,8.79,1.367,1.96,1.686,4.631,7.491,0.446,1.104,3.033,1.75,1.608,1.234,1.258,1.138,1.885,1.842,2.304,1.758,2.86,8.72,9.18,8.81,8.724,1.281,1.607
2025-10-10,3.201,1.638,0.841,9.003,8.611,1.364,1.953,1.676,4.664,7.549,0.445,1.12,3.039,1.785,1.589,1.246,1.26,1.142,1.878,1.852,2.321,1.752,2.93,8.612,9.068,8.705,8.637,1.296,1.585
2025-10-13,2.952,1.582,0.837,9.163,8.747,1.334,1.791,1.538,4.475,7.228,0.425,1.086,2.909,1.678,1.459,1.201,1.241,1.146,1.854,1.807,2.284,1.71,2.651,8.76,9.197,8.81,8.77,1.23,1.47
2025-10-14,3.093,1.6,0.839,9.46,9.051,1.362,1.88,1.612,4.602,7.448,0.427,1.114,3.012,1.846,1.57,1.252,1.257,1.155,1.866,1.855,2.306,1.743,2.816,9.04,9.532,9.15,9.1,1.259,1.56
2025-10-15,2.932,1.589,0.847,9.535,9.112,1.338,1.79,1.536,4.525,7.226,0.416,1.108,2.937,1.741,1.469,1.232,1.252,1.176,1.858,1.823,2.278,1.734,2.725,9.14,9.568,9.183,9.143,1.228,1.479
2025-10-16,2.984,1.597,0.851,9.643,9.25,1.349,1.819,1.561,4.566,7.258,0.422,1.122,2.971,1.735,1.482,1.23,1.259,1.182,1.86,1.823,2.289,1.779,2.764,9.3,9.703,9.312,9.23,1.247,1.487
2025-10-17,3.002,1.595,0.853,9.889,9.443,1.354,1.829,1.572,4.592,7.256,0.423,1.12,2.949,1.726,1.472,1.214,1.259,1.189,1.858,1.825,2.269,1.813,2.78,9.454,9.969,9.56,9.497,1.23,1.478
2025-10-20,2.976,1.595,0.845,9.774,9.296,1.355,1.81,1.555,4.528,7.112,0.416,1.101,2.883,1.658,1.448,1.184,1.243,1.186,1.847,1.835,2.293,1.816,2.682,9.316,9.775,9.363,9.308,1.213,1.456
2025-10-21,2.999,1.615,0.836,9.966,9.51,1.39,1.829,1.564,4.533,7.12,0.416,1.107,2.894,1.668,1.441,1.182,1.237,1.184,1.886,1.888,2.342,1.929,2.682,9.518,9.973,9.579,9.526,1.208,1.443
2025-10-22,3.037,1.6,0.838,9.385,8.945,1.385,1.85,1.59,4.567,7.188,0.419,1.112,2.912,1.61,1.456,1.193,1.241,1.189,1.882,1.871,2.325,1.877,2.7,8.952,9.343,9.018,8.986,1.226,1.466
2025-10-23,3.021,1.587,0.832,9.354,8.955,1.401,1.841,1.579,4.564,7.14,0.415,1.117,2.908,1.642,1.454,1.178,1.234,1.199,1.886,1.868,2.348,1.91,2.65,8.992,9.386,9.008,8.98,1.217,1.465
2025-10-24,3.069,1.616,0.835,9.448,9.025,1.435,1.866,1.604,4.605,7.212,0.416,1.124,2.929,1.688,1.474,1.185,1.247,1.204,1.885,1.91,2.367,1.914,2.73,9.05,9.476,9.099,9.048,1.226,1.492
2025-10-27,3.209,1.633,0.827,9.35,8.928,1.446,1.953,1.674,4.685,7.371,0.423,1.126,2.987,1.714,1.561,1.212,1.27,1.194,1.899,1.923,2.383,1.917,2.793,8.94,9.381,9.001,8.948,1.259,1.562
2025-10-28,3.189,1.633,0.83,9.172,8.761,1.469,1.943,1.674,4.692,7.406,0.421,1.135,2.985,1.73,1.548,1.223,1.268,1.198,1.898,1.976,2.433,1.935,2.785,8.784,9.219,8.836,8.79,1.271,1.545
2025-10-29,3.235,1.627,0.825,9.058,8.653,1.473,1.97,1.69,4.687,7.39,0.415,1.132,2.99,1.691,1.545,1.236,1.263,1.196,1.896,1.984,2.435,1.968,2.768,8.666,9.086,8.724,8.68,1.27,1.541
2025-10-30,3.296,1.637,0.825,9.025,8.624,1.477,2.009,1.721,4.735,7.524,0.416,1.146,3.02,1.754,1.554,1.235,1.287,1.185,1.881,1.997,2.469,1.972,2.945,8.645,9.069,8.698,8.635,1.295,1.561
2025-10-31,3.235,1.616,0.822,9.215,8.802,1.465,1.968,1.687,4.696,7.432,0.409,1.138,2.991,1.776,1.513,1.217,1.272,1.189,1.878,1.981,2.47,1.977,2.949,8.813,9.228,8.886,8.81,1.272,1.525
2025-11-03,3.152,1.604,0.83,9.14,8.74,1.463,1.923,1.65,4.629,7.365,0.414,1.138,2.994,1.731,1.446,1.204,1.251,1.189,1.862,1.984,2.454,1.975,2.924,8.757,9.172,8.814,8.743,1.257,1.474
2025-11-04,3.166,1.615,0.831,9.136,8.736,1.455,1.93,1.659,4.637,7.358,0.408,1.143,2.999,1.705,1.454,1.209,1.245,1.204,1.869,1.977,2.479,2.016,2.972,8.765,9.169,8.81,8.745,1.253,1.475
2025-11-05,3.06,1.588,0.818,9.048,8.643,1.4,1.864,1.591,4.569,7.138,0.399,1.125,2.937,1.626,1.404,1.182,1.236,1.216,1.843,1.89,2.376,1.86,2.816,8.654,9.065,8.706,8.654,1.219,1.43
2025-11-06,3.158,1.609,0.82,9.103,8.694,1.431,1.919,1.646,4.619,7.273,0.402,1.148,2.982,1.673,1.445,1.193,1.242,1.216,1.856,1.923,2.4,1.933,2.981,8.72,9.126,8.766,8.718,1.238,1.476
2025-11-07,3.184,1.625,0.821,9.158,8.745,1.427,1.939,1.662,4.667,7.358,0.402,1.165,3.006,1.724,1.461,1.199,1.25,1.215,1.842,1.918,2.365,1.9,3.019,8.76,9.184,8.818,8.769,1.248,1.494
2025-11-10,3.2,1.624,0.823,9.255,8.843,1.449,1.951,1.669,4.674,7.413,0.402,1.173,3.028,1.757,1.465,1.196,1.243,1.217,1.846,1.946,2.405,1.951,3.11,8.852,9.28,8.912,8.869,1.248,1.491
2025-11-11,3.175,1.651,0.848,9.486,9.072,1.478,1.932,1.657,4.691,7.406,0.406,1.175,3.027,1.762,1.46,1.194,1.26,1.227,1.868,1.975,2.451,1.971,3.068,9.074,9.506,9.17,9.138,1.249,1.488
2025-11-12,3.095,1.648,0.846,9.462,9.037,1.472,1.887,1.619,4.631,7.306,0.404,1.17,3.004,1.715,1.416,1.178,1.245,1.232,1.873,1.967,2.434,1.963,3.011,9.062,9.503,9.132,9.058,1.239,1.446
2025-11-13,3.094,1.656,0.847,9.558,9.131,1.468,1.889,1.615,4.634,7.275,0.405,1.172,2.985,1.739,1.415,1.168,1.235,1.242,1.897,1.97,2.468,1.969,2.954,9.148,9.597,9.211,9.157,1.229,1.446
2025-11-14,3.146,1.643,0.85,9.526,9.088,1.437,1.915,1.635,4.662,7.341,0.409,1.168,3.012,1.766,1.423,1.176,1.24,1.237,1.873,1.935,2.447,1.927,3.045,9.122,9.55,9.173,9.099,1.243,1.451
2025-11-17,3.074,1.629,0.842,9.327,8.915,1.442,1.87,1.614,4.607,7.272,0.407,1.158,2.994,1.753,1.398,1.199,1.23,1.234,1.868,1.941,2.46,1.888,3.043,8.92,9.345,9.008,8.922,1.223,1.43
2025-11-18,3.069,1.616,0.836,9.22,8.815,1.406,1.871,1.605,4.577,7.248,0.401,1.148,2.994,1.745,1.393,1.186,1.218,1.222,1.835,1.881,2.44,1.843,3.064,8.813,9.25,8.898,8.837,1.208,1.417
2025-11-19,3.051,1.597,0.838,9.283,8.868,1.376,1.859,1.591,4.555,7.19,0.399,1.137,2.971,1.707,1.404,1.171,1.22,1.215,1.811,1.835,2.388,1.81,2.963,8.877,9.305,8.94,8.89,1.202,1.422
2025-11-20,3.106,1.603,0.836,9.367,8.942,1.41,1.886,1.621,4.601,7.208,0.399,1.143,2.967,1.75,1.417,1.175,1.243,1.217,1.832,1.879,2.399,1.851,3.002,8.96,9.388,9.017,8.959,1.209,1.428
2025-11-21,2.99,1.566,0.828,9.285,8.875,1.37,1.817,1.555,4.522,7.036,0.392,1.125,2.903,1.712,1.351,1.155,1.206,1.222,1.808,1.834,2.366,1.798,2.881,8.892,9.326,8.952,8.888,1.176,1.371
2025-11-24,2.925,1.568,0.826,9.252,8.84,1.398,1.778,1.527,4.456,6.898,0.39,1.103,2.829,1.65,1.326,1.145,1.178,1.212,1.812,1.868,2.382,1.792,2.773,8.852,9.277,8.905,8.858,1.147,1.357
2025-11-25,2.951,1.595,0.826,9.38,8.971,1.429,1.792,1.54,4.457,6.954,0.393,1.104,2.866,1.657,1.348,1.187,1.178,1.202,1.822,1.896,2.435,1.819,2.764,8.962,9.401,9.033,8.99,1.156,1.374
2025-11-26,2.955,1.601,0.826,9.419,8.994,1.433,1.806,1.548,4.477,6.993,0.394,1.108,2.894,1.681,1.339,1.179,1.179,1.209,1.845,1.911,2.424,1.83,2.792,9.017,9.45,9.081,9.015,1.172,1.362
2025-11-27,3.018,1.594,0.827,9.41,8.989,1.453,1.841,1.58,4.506,7.003,0.394,1.112,2.892,1.689,1.378,1.157,1.176,1.201,1.869,1.941,2.46,1.878,2.787,9.011,9.433,9.067,9.003,1.18,1.392
2025-11-28,3.008,1.594,0.824,9.474,9.055,1.445,1.83,1.573,4.498,6.986,0.394,1.113,2.894,1.682,1.368,1.159,1.173,1.203,1.85,1.935,2.441,1.86,2.769,9.068,9.522,9.129,9.084,1.178,1.374
2025-12-01,3.044,1.588,0.83,9.558,9.137,1.443,1.851,1.587,4.523,7.09,0.392,1.121,2.935,1.748,1.393,1.179,1.176,1.204,1.842,1.93,2.462,1.83,2.837,9.155,9.594,9.21,9.146,1.194,1.395
2025-12-02,3.075,1.605,0.827,9.527,9.102,1.448,1.868,1.603,4.563,7.092,0.393,1.132,2.945,1.745,1.413,1.184,1.181,1.211,1.84,1.945,2.459,1.834,2.834,9.125,9.573,9.19,9.118,1.2,1.401
2025-12-03,3.058,1.593,0.822,9.523,9.101,1.45,1.86,1.594,4.542,7.083,0.387,1.126,2.923,1.732,1.395,1.179,1.175,1.208,1.839,1.95,2.468,1.825,2.798,9.128,9.566,9.188,9.118,1.198,1.385
2025-12-04,3.014,1.583,0.814,9.516,9.089,1.457,1.835,1.578,4.525,7.038,0.386,1.127,2.895,1.769,1.381,1.163,1.161,1.203,1.845,1.965,2.474,1.857,2.753,9.116,9.548,9.17,9.107,1.197,1.37
2025-12-05,3.063,1.585,0.806,9.492,9.073,1.461,1.864,1.598,4.533,7.06,0.387,1.129,2.893,1.739,1.404,1.172,1.164,1.198,1.848,1.968,2.464,1.875,2.766,9.088,9.527,9.144,9.094,1.199,1.39
2025-12-08,3.101,1.604,0.809,9.52,9.094,1.46,1.888,1.623,4.588,7.176,0.391,1.139,2.944,1.8,1.407,1.216,1.21,1.191,1.854,1.963,2.451,1.871,2.79,9.114,9.557,9.171,9.107,1.218,1.397
2025-12-09,3.168,1.585,0.803,9.483,9.06,1.448,1.924,1.652,4.604,7.194,0.391,1.138,2.96,1.79,1.431,1.214,1.209,1.19,1.852,1.948,2.44,1.862,2.844,9.085,9.517,9.141,9.075,1.237,1.41
2025-12-10,3.185,1.565,0.79,9.52,9.093,1.431,1.938,1.66,4.577,7.163,0.39,1.125,2.941,1.754,1.423,1.21,1.199,1.181,1.839,1.928,2.42,1.83,2.825,9.11,9.55,9.173,9.114,1.224,1.404
2025-12-11,3.192,1.577,0.796,9.566,9.141,1.438,1.94,1.666,4.585,7.213,0.392,1.13,2.963,1.781,1.441,1.23,1.206,1.177,1.85,1.942,2.449,1.842,2.811,9.154,9.603,9.21,9.157,1.23,1.417
2025-12-12,3.152,1.579,0.793,9.605,9.179,1.437,1.916,1.643,4.555,7.155,0.39,1.125,2.928,1.779,1.414,1.22,1.191,1.174,1.861,1.932,2.45,1.829,2.817,9.195,9.633,9.278,9.201,1.219,1.393
2025-12-15,3.14,1.575,0.801,9.706,9.272,1.411,1.911,1.635,4.551,7.188,0.39,1.121,2.937,1.748,1.423,1.233,1.19,1.17,1.865,1.89,2.437,1.805,2.808,9.295,9.74,9.355,9.298,1.226,1.405
2025-12-16,3.112,1.561,0.803,9.695,9.251,1.404,1.893,1.631,4.537,7.158,0.384,1.127,2.922,1.755,1.401,1.241,1.2,1.176,1.858,1.89,2.429,1.801,2.762,9.295,9.71,9.345,9.272,1.219,1.382
2025-12-17,3.057,1.543,0.801,9.699,9.26,1.403,1.861,1.597,4.496,7.058,0.378,1.119,2.868,1.726,1.38,1.217,1.193,1.168,1.849,1.886,2.421,1.78,2.709,9.295,9.738,9.344,9.283,1.206,1.361
2025-12-18,3.134,1.547,0.803,9.725,9.29,1.388,1.911,1.631,4.56,7.163,0.382,1.135,2.894,1.774,1.398,1.218,1.217,1.17,1.837,1.873,2.412,1.779,2.758,9.318,9.76,9.378,9.311,1.228,1.384
2025-12-19,3.118,1.564,0.803,9.717,9.283,1.41,1.898,1.625,4.557,7.176,0.384,1.141,2.919,1.768,1.412,1.242,1.205,1.182,1.848,1.899,2.439,1.802,2.73,9.307,9.753,9.372,9.29,1.23,1.382
2025-12-22,3.135,1.578,0.81,9.796,9.361,1.438,1.904,1.632,4.579,7.258,0.388,1.147,2.945,1.83,1.402,1.265,1.209,1.181,1.862,1.94,2.47,1.851,2.751,9.389,9.812,9.44,9.38,1.241,1.385
2025-12-23,3.18,1.581,0.809,10.054,9.639,1.441,1.935,1.657,4.612,7.302,0.386,1.144,2.958,1.859,1.434,1.264,1.211,1.174,1.869,1.946,2.463,1.836,2.795,9.63,10.1,9.698,9.63,1.253,1.405
2025-12-24,3.194,1.573,0.802,10.154,9.699,1.44,1.94,1.663,4.617,7.311,0.384,1.142,2.952,1.877,1.455,1.237,1.205,1.173,1.88,1.943,2.456,1.832,2.841,9.715,10.18,9.785,9.719,1.256,1.412
2025-12-25,3.21,1.572,0.798,10.0,9.556,1.432,1.956,1.673,4.627,7.407,0.384,1.15,3.003,1.844,1.472,1.277,1.216,1.177,1.883,1.933,2.456,1.823,2.842,9.585,10.039,9.649,9.571,1.27,1.422
2025-12-26,3.222,1.574,0.803,10.096,9.654,1.429,1.958,1.68,4.643,7.482,0.387,1.154,3.028,1.873,1.466,1.318,1.219,1.177,1.877,1.935,2.461,1.831,2.883,9.675,10.135,9.74,9.67,1.278,1.423
2025-12-29,3.217,1.581,0.8,10.067,9.615,1.42,1.959,1.683,4.657,7.517,0.386,1.156,3.041,1.95,1.462,1.333,1.227,1.176,1.876,1.925,2.461,1.822,2.926,9.646,10.105,9.703,9.64,1.292,1.419
2025-12-30,3.19,1.56,0.796,9.707,9.25,1.409,1.942,1.67,4.623,7.45,0.383,1.149,3.027,1.816,1.463,1.344,1.218,1.174,1.871,1.903,2.444,1.798,2.85,9.325,9.757,9.344,9.272,1.276,1.414
2025-12-31,3.23,1.566,0.798,9.776,9.343,1.412,1.96,1.685,4.654,7.535,0.382,1.158,3.046,1.909,1.494,1.338,1.218,1.175,1.872,1.905,2.436,1.795,2.889,9.362,9.809,9.426,9.359,1.289,1.438
2026-01-05,3.215,1.588,0.793,9.845,9.393,1.416,1.954,1.675,4.66,7.58,0.38,1.154,3.049,1.956,1.483,1.393,1.215,1.176,1.872,1.909,2.437,1.831,2.866,9.449,9.869,9.5,9.421,1.289,1.433
2026-01-06,3.278,1.605,0.801,9.955,9.51,1.428,1.996,1.704,4.727,7.735,0.393,1.168,3.116,2.014,1.53,1.398,1.235,1.173,1.9,1.932,2.47,1.838,2.925,9.531,9.998,9.6,9.536,1.314,1.481
2026-01-07,3.311,1.613,0.809,10.022,9.57,1.435,2.011,1.726,4.797,7.907,0.396,1.181,3.154,2.08,1.594,1.447,1.287,1.174,1.904,1.93,2.47,1.846,2.975,9.592,10.047,9.658,9.6,1.337,1.517
2026-01-08,3.291,1.595,0.802,9.982,9.532,1.425,2.004,1.717,4.765,7.912,0.399,1.177,3.155,2.04,1.592,1.432,1.258,1.169,1.917,1.916,2.465,1.828,2.971,9.552,10.006,9.62,9.555,1.337,1.514
2026-01-09,3.269,1.584,0.797,9.964,9.523,1.417,1.99,1.704,4.734,7.962,0.399,1.18,3.185,2.013,1.592,1.526,1.233,1.161,1.912,1.896,2.458,1.827,2.978,9.54,9.991,9.606,9.544,1.331,1.52
2026-01-12,3.314,1.594,0.801,10.197,9.748,1.417,2.013,1.725,4.77,8.208,0.404,1.194,3.282,2.149,1.624,1.588,1.236,1.162,1.927,1.904,2.46,1.868,2.98,9.797,10.244,9.83,9.779,1.36,1.566
2026-01-13,3.372,1.626,0.806,10.221,9.763,1.413,2.055,1.759,4.799,8.375,0.407,1.2,3.367,2.119,1.64,1.654,1.259,1.164,1.96,1.895,2.458,1.892,3.025,9.8,10.257,9.86,9.79,1.381,1.594
2026-01-14,3.307,1.625,0.797,10.3,9.848,1.417,2.012,1.726,4.773,8.246,0.411,1.19,3.278,2.157,1.593,1.541,1.244,1.167,1.985,1.914,2.46,1.89,3.015,9.87,10.329,9.928,9.871,1.361,1.552
2026-01-15,3.306,1.625,0.791,10.299,9.85,1.402,2.015,1.725,4.726,8.238,0.406,1.198,3.277,2.147,1.602,1.531,1.231,1.157,1.964,1.898,2.44,1.872,2.988,9.898,10.345,9.93,9.861,1.362,1.571
2026-01-16,3.382,1.633,0.791,10.29,9.837,1.413,2.056,1.761,4.782,8.318,0.404,1.207,3.326,2.206,1.672,1.507,1.224,1.153,1.945,1.904,2.445,1.879,3.055,9.872,10.339,9.923,9.851,1.377,1.587
2026-01-19,3.327,1.605,0.779,10.414,9.95,1.392,2.022,1.736,4.737,8.27,0.398,1.201,3.276,2.174,1.706,1.48,1.205,1.143,1.921,1.886,2.446,1.875,3.018,9.99,10.443,10.037,9.962,1.385,1.59
2026-01-20,3.319,1.596,0.782,10.447,9.985,1.396,2.021,1.733,4.735,8.356,0.396,1.216,3.308,2.188,1.685,1.524,1.202,1.144,1.891,1.887,2.44,1.87,3.07,10.019,10.506,10.082,10.005,1.4,1.585
2026-01-21,3.243,1.591,0.783,10.801,10.302,1.379,1.975,1.693,4.709,8.282,0.392,1.216,3.258,2.184,1.671,1.468,1.204,1.16,1.875,1.862,2.41,1.845,2.962,10.383,10.909,10.46,10.365,1.369,1.556
2026-01-22,3.298,1.609,0.775,10.752,10.265,1.395,2.001,1.715,4.741,8.46,0.391,1.224,3.315,2.225,1.781,1.48,1.202,1.149,1.9,1.896,2.439,1.872,3.018,10.312,10.8,10.378,10.29,1.413,1.643
2026-01-23,3.322,1.618,0.772,11.052,10.586,1.413,2.016,1.727,4.732,8.505,0.388,1.222,3.343,2.266,1.721,1.533,1.205,1.151,1.905,1.908,2.463,1.89,3.033,10.596,11.097,10.666,10.618,1.422,1.61
2026-01-26,3.352,1.613,0.77,11.368,10.886,1.397,2.029,1.74,4.712,8.763,0.388,1.237,3.406,2.358,1.735,1.566,1.2,1.148,1.909,1.888,2.433,1.868,3.209,10.999,11.408,10.982,10.886,1.449,1.635
2026-01-27,3.31,1.616,0.77,11.376,10.865,1.397,2.013,1.729,4.712,8.542,0.388,1.248,3.331,2.386,1.69,1.483,1.209,1.155,1.906,1.894,2.422,1.87,3.107,10.89,11.401,10.992,10.883,1.426,1.606
2026-01-28,3.342,1.644,0.758,11.604,11.096,1.412,2.029,1.735,4.725,8.645,0.382,1.241,3.355,2.405,1.754,1.527,1.199,1.147,1.922,1.902,2.432,1.885,3.09,11.112,11.664,11.19,11.11,1.438,1.645
2026-01-29,3.297,1.667,0.756,12.347,11.855,1.407,2.01,1.725,4.724,8.661,0.376,1.264,3.357,2.63,1.763,1.49,1.194,1.15,1.919,1.895,2.432,1.905,3.056,11.89,12.409,12.0,11.918,1.449,1.631
2026-01-30,3.286,1.672,0.795,11.996,11.403,1.396,1.992,1.716,4.736,8.518,0.384,1.258,3.321,2.45,1.686,1.461,1.207,1.169,1.89,1.874,2.423,1.898,3.017,11.455,11.995,11.527,11.471,1.41,1.579
2026-02-02,3.338,1.625,0.777,10.362,9.898,1.388,2.027,1.742,4.68,8.33,0.378,1.242,3.274,2.105,1.682,1.444,1.192,1.165,1.885,1.858,2.435,1.9,2.94,9.918,10.402,10.053,9.908,1.378,1.576
2026-02-03,3.302,1.619,0.777,10.805,10.315,1.389,1.995,1.71,4.64,8.186,0.373,1.209,3.215,2.189,1.649,1.436,1.185,1.154,1.887,1.87,2.399,1.894,2.93,10.34,10.858,10.43,10.355,1.363,1.551
2026-02-04,3.29,1.6,0.782,11.305,10.77,1.365,2.003,1.714,4.652,8.36,0.375,1.234,3.28,2.297,1.616,1.477,1.171,1.149,1.885,1.849,2.355,1.908,3.027,10.81,11.397,10.868,10.795,1.381,1.532
2026-02-05,3.264,1.597,0.798,11.104,10.599,1.364,1.999,1.704,4.68,8.3,0.38,1.245,3.259,2.198,1.58,1.467,1.185,1.166,1.884,1.835,2.369,1.897,3.06,10.627,11.185,10.731,10.61,1.388,1.508
2026-02-06,3.21,1.582,0.805,10.543,10.036,1.341,1.951,1.675,4.643,8.105,0.383,1.223,3.19,2.047,1.568,1.45,1.186,1.179,1.855,1.809,2.34,1.853,2.914,10.065,10.549,10.18,10.079,1.332,1.49
2026-02-09,3.288,1.617,0.797,11.19,10.716,1.369,1.996,1.707,4.695,8.35,0.385,1.242,3.262,2.203,1.609,1.462,1.192,1.177,1.889,1.846,2.371,1.98,3.052,10.725,11.249,10.802,10.72,1.38,1.527
2026-02-10,3.327,1.627,0.798,11.195,10.69,1.376,2.015,1.727,4.733,8.395,0.383,1.251,3.3,2.204,1.632,1.467,1.198,1.182,1.907,1.851,2.384,2.001,3.067,10.719,11.236,10.791,10.686,1.391,1.538
2026-02-11,3.3,1.625,0.789,11.186,10.679,1.371,2.007,1.726,4.727,8.355,0.387,1.257,3.295,2.193,1.622,1.465,1.196,1.185,1.915,1.84,2.395,2.044,3.031,10.725,11.22,10.798,10.704,1.388,1.54
2026-02-12,3.28,1.624,0.789,11.204,10.697,1.368,1.991,1.707,4.729,8.41,0.388,1.256,3.301,2.255,1.627,1.456,1.193,1.187,1.918,1.84,2.393,2.119,3.063,10.748,11.263,10.82,10.72,1.402,1.538
2026-02-13,3.303,1.59,0.78,11.047,10.585,1.35,2.004,1.715,4.714,8.474,0.387,1.255,3.32,2.223,1.642,1.474,1.186,1.176,1.951,1.81,2.363,2.071,3.075,10.597,11.104,10.705,10.582,1.415,1.55
2026-02-24,3.318,1.6,0.78,11.414,10.877,1.354,2.01,1.722,4.725,8.471,0.385,1.251,3.321,2.262,1.677,1.491,1.178,1.17,1.952,1.821,2.381,2.111,3.064,10.989,11.457,10.998,10.92,1.411,1.57
2026-02-25,3.301,1.588,0.771,11.451,10.935,1.36,2.004,1.716,4.717,8.48,0.381,1.252,3.328,2.27,1.664,1.5,1.173,1.172,1.987,1.832,2.393,2.119,3.073,10.98,11.49,11.042,10.953,1.422,1.547
2026-02-26,3.338,1.602,0.776,11.428,10.922,1.362,2.029,1.74,4.751,8.623,0.384,1.264,3.378,2.37,1.675,1.524,1.178,1.171,1.978,1.839,2.391,2.162,3.143,10.958,11.48,11.035,10.939,1.445,1.554
2026-02-27,3.31,1.567,0.77,11.403,10.907,1.35,2.01,1.716,4.72,8.58,0.379,1.262,3.383,2.313,1.673,1.544,1.165,1.168,2.014,1.816,2.381,2.108,3.063,10.929,11.451,11.006,10.92,1.443,1.55
2026-03-02,3.251,1.564,0.77,11.791,11.335,1.341,1.977,1.696,4.694,8.682,0.375,1.268,3.396,2.482,1.65,1.599,1.16,1.17,2.004,1.804,2.375,2.111,3.118,11.33,11.87,11.406,11.368,1.442,1.54
2026-03-03,3.303,1.555,0.767,11.918,11.379,1.345,2.004,1.715,4.741,8.74,0.372,1.288,3.396,2.453,1.657,1.588,1.155,1.183,1.95,1.81,2.36,2.106,3.124,11.423,11.959,11.508,11.418,1.47,1.544
2026-03-04,3.17,1.524,0.763,11.511,10.989,1.325,1.93,1.649,4.64,8.241,0.364,1.264,3.235,2.263,1.542,1.449,1.137,1.194,1.88,1.779,2.355,1.939,2.987,11.027,11.544,11.093,11.0,1.381,1.454
2026-03-05,3.216,1.519,0.761,11.467,10.954,1.335,1.945,1.67,4.647,8.433,0.364,1.266,3.285,2.383,1.595,1.506,1.125,1.179,1.873,1.79,2.35,1.98,3.062,10.996,11.532,11.08,10.98,1.416,1.489
2026-03-06,3.191,1.506,0.754,11.32,10.82,1.338,1.943,1.661,4.64,8.31,0.362,1.26,3.245,2.292,1.569,1.493,1.114,1.18,1.836,1.794,2.358,1.957,3.055,10.855,11.359,10.93,10.834,1.396,1.472
2026-03-09,3.183,1.499,0.769,11.358,10.828,1.301,1.929,1.65,4.623,8.298,0.368,1.269,3.25,2.226,1.549,1.511,1.115,1.19,1.798,1.748,2.306,1.872,3.029,10.869,11.377,10.943,10.858,1.393,1.463
2026-03-10,3.267,1.529,0.771,11.44,10.925,1.335,1.972,1.688,4.642,8.44,0.368,1.261,3.31,2.272,1.586,1.498,1.118,1.184,1.818,1.792,2.32,1.989,3.111,10.962,11.469,11.03,10.963,1.405,1.49
2026-03-11,3.303,1.544,0.772,11.52,11.001,1.335,2.004,1.722,4.686,8.489,0.374,1.277,3.346,2.29,1.595,1.512,1.121,1.184,1.831,1.792,2.312,1.983,3.162,11.05,11.559,11.116,11.026,1.425,1.497
2026-03-12,3.34,1.526,0.775,11.42,10.9,1.329,2.025,1.737,4.711,8.452,0.373,1.276,3.332,2.25,1.571,1.488,1.119,1.196,1.809,1.786,2.304,1.95,3.236,10.952,11.47,11.03,10.928,1.415,1.472
2026-03-13,3.29,1.52,0.779,11.341,10.835,1.319,1.993,1.709,4.672,8.362,0.369,1.283,3.32,2.233,1.542,1.447,1.117,1.201,1.802,1.774,2.307,1.936,3.26,10.86,11.395,10.957,10.852,1.414,1.446
2026-03-16,3.308,1.517,0.78,11.109,10.6,1.313,2.002,1.72,4.675,8.298,0.368,1.28,3.284,2.163,1.539,1.415,1.11,1.205,1.79,1.763,2.284,1.913,3.274,10.63,11.159,10.713,10.63,1.397,1.446
2026-03-17,3.369,1.545,0.788,11.116,10.633,1.325,2.045,1.751,4.686,8.265,0.37,1.27,3.285,2.131,1.578,1.416,1.107,1.203,1.792,1.776,2.286,1.928,3.183,10.667,11.173,10.721,10.632,1.387,1.459
2026-03-18,3.293,1.54,0.789,11.105,10.612,1.328,1.995,1.711,4.652,8.11,0.37,1.265,3.216,2.085,1.543,1.376,1.116,1.21,1.783,1.785,2.292,1.932,3.107,10.651,11.151,10.727,10.638,1.361,1.432
2026-03-19,3.297,1.521,0.779,10.756,10.27,1.317,2.001,1.717,4.621,8.04,0.368,1.255,3.195,2.01,1.54,1.377,1.105,1.202,1.76,1.763,2.259,1.89,3.059,10.33,10.786,10.385,10.283,1.352,1.424
2026-03-20,3.337,1.513,0.77,10.385,9.867,1.312,2.021,1.737,4.598,7.96,0.365,1.234,3.175,1.935,1.533,1.369,1.102,1.199,1.734,1.771,2.258,1.905,3.036,9.914,10.391,10.009,9.9,1.332,1.414
2026-03-23,3.3,1.48,0.76,9.902,9.44,1.28,2.001,1.714,4.528,7.701,0.358,1.215,3.07,1.852,1.46,1.296,1.069,1.19,1.679,1.725,2.225,1.823,3.105,9.461,9.93,9.503,9.488,1.291,1.366
2026-03-24,3.275,1.468,0.739,9.61,9.168,1.272,1.982,1.702,4.463,7.589,0.352,1.196,3.002,1.87,1.447,1.276,1.045,1.161,1.659,1.699,2.171,1.817,3.108,9.18,9.654,9.26,9.21,1.283,1.345
2026-03-25,3.279,1.503,0.741,10.123,9.662,1.288,1.982,1.702,4.51,7.7,0.358,1.217,3.062,1.95,1.46,1.29,1.051,1.177,1.712,1.73,2.199,1.878,3.084,9.709,10.19,9.8,9.7,1.316,1.363
2026-03-26,3.306,1.503,0.746,10.065,9.612,1.29,1.999,1.713,4.536,7.792,0.358,1.22,3.086,1.945,1.48,1.316,1.055,1.186,1.725,1.73,2.222,1.86,3.133,9.654,10.101,9.699,9.628,1.323,1.383
2026-03-27,3.241,1.481,0.736,9.778,9.331,1.26,1.96,1.687,4.45,7.58,0.35,1.205,3.016,1.881,1.428,1.267,1.029,1.182,1.683,1.692,2.19,1.812,3.068,9.38,9.818,9.439,9.358,1.289,1.334
2026-03-30,3.242,1.472,0.745,9.927,9.476,1.251,1.969,1.683,4.462,7.706,0.361,1.208,3.069,1.978,1.44,1.276,1.029,1.179,1.65,1.672,2.159,1.784,3.14,9.507,9.961,9.577,9.496,1.302,1.347
2026-03-31,3.248,1.483,0.757,10.188,9.727,1.25,1.979,1.69,4.501,7.805,0.366,1.225,3.105,2.009,1.455,1.31,1.037,1.193,1.68,1.68,2.168,1.828,3.091,9.78,10.235,9.84,9.751,1.321,1.356
2026-04-01,3.245,1.508,0.747,10.381,9.948,1.284,1.967,1.685,4.52,7.815,0.368,1.22,3.101,2.032,1.455,1.326,1.04,1.199,1.703,1.724,2.217,1.858,3.009,9.993,10.417,10.007,9.95,1.321,1.354
2026-04-02,3.224,1.499,0.75,10.429,9.97,1.293,1.952,1.676,4.521,7.771,0.376,1.222,3.09,2.018,1.453,1.307,1.041,1.196,1.721,1.745,2.241,1.865,2.971,10.02,10.506,10.087,10.0,1.313,1.363
2026-04-03,3.182,1.492,0.756,10.359,9.89,1.298,1.93,1.655,4.495,7.697,0.372,1.222,3.066,1.99,1.42,1.286,1.028,1.201,1.709,1.737,2.223,1.851,2.913,9.92,10.381,9.987,9.914,1.305,1.335
2026-04-07,3.153,1.491,0.747,10.285,9.813,1.288,1.911,1.644,4.455,7.617,0.369,1.202,3.026,1.97,1.417,1.27,1.016,1.188,1.711,1.731,2.209,1.838,2.846,9.861,10.312,9.922,9.845,1.291,1.33
2026-04-08,3.241,1.528,0.753,10.534,10.069,1.325,2.095,1.684,4.519,7.82,0.373,1.225,3.12,2.06,1.482,1.291,1.032,1.18,1.764,1.789,2.261,1.91,2.907,10.15,10.617,10.193,10.103,1.324,1.385
2026-04-09,3.316,1.522,0.753,10.356,9.887,1.33,2.015,1.718,4.573,7.961,0.373,1.228,3.156,2.081,1.513,1.321,1.044,1.189,1.766,1.833,2.264,1.925,2.976,9.93,10.4,10.007,9.92,1.344,1.408
2026-04-10,3.339,1.53,0.747,10.444,9.973,1.347,2.026,1.736,4.588,8.015,0.373,1.227,3.186,2.12,1.556,1.33,1.043,1.182,1.778,1.824,2.3,1.965,2.96,10.0,10.46,10.097,9.995,1.369,1.434
2026-04-13,3.43,1.522,0.741,10.368,9.885,1.339,2.071,1.776,4.629,7.985,0.371,1.229,3.185,2.078,1.548,1.33,1.06,1.181,1.765,1.8,2.28,1.935,3.041,9.95,10.411,10.01,9.918,1.36,1.428
2026-04-14,3.501,1.53,0.745,10.451,9.98,1.361,2.135,1.815,4.679,8.11,0.372,1.228,3.24,2.14,1.59,1.36,1.083,1.177,1.788,1.833,2.314,2.02,3.126,10.008,10.484,10.081,9.999,1.383,1.473
2026-04-15,3.589,1.543,0.75,10.58,10.109,1.386,2.177,1.864,4.732,8.22,0.378,1.235,3.283,2.168,1.621,1.381,1.084,1.182,1.796,1.856,2.334,2.007,3.198,10.144,10.6,10.219,10.127,1.412,1.491
2026-04-16,3.522,1.541,0.752,10.541,10.062,1.405,2.135,1.83,4.704,8.13,0.377,1.233,3.253,2.115,1.596,1.367,1.077,1.188,1.797,1.9,2.362,2.015,3.13,10.12,10.581,10.18,10.095,1.383,1.485
2026-04-17,3.638,1.549,0.747,10.449,9.981,1.408,2.207,1.89,4.737,8.232,0.375,1.238,3.29,2.152,1.614,1.367,1.078,1.188,1.805,1.902,2.365,2.024,3.182,10.026,10.507,10.08,10.0,1.41,1.492
2026-04-20,3.657,1.545,0.742,10.492,10.012,1.412,2.216,1.899,4.735,8.281,0.366,1.241,3.329,2.166,1.629,1.384,1.078,1.184,1.819,1.9,2.372,2.028,3.185,10.052,10.518,10.12,10.04,1.42,1.5
2026-04-21,3.663,1.557,0.742,10.519,10.042,1.407,2.219,1.901,4.764,8.351,0.366,1.242,3.337,2.182,1.648,1.423,1.072,1.19,1.821,1.893,2.37,2.038,3.213,10.082,10.551,10.151,10.07,1.429,1.523
2026-04-22,3.66,1.554,0.74,10.414,9.944,1.4,2.225,1.907,4.76,8.283,0.363,1.249,3.327,2.158,1.625,1.402,1.062,1.196,1.814,1.89,2.369,2.03,3.209,10.001,10.45,10.056,9.968,1.424,1.496
2026-04-23,3.769,1.545,0.737,10.393,9.923,1.416,2.287,1.959,4.82,8.46,0.364,1.249,3.401,2.178,1.692,1.424,1.073,1.192,1.82,1.907,2.378,2.025,3.255,9.967,10.438,10.036,9.935,1.449,1.543
2026-04-24,3.689,1.526,0.736,10.328,9.861,1.418,2.242,1.916,4.785,8.321,0.365,1.246,3.329,2.083,1.652,1.419,1.063,1.198,1.8,1.905,2.37,2.018,3.189,9.913,10.375,9.982,9.885,1.438,1.513
2026-04-27,3.68,1.533,0.734,10.307,9.828,1.432,2.231,1.913,4.786,8.32,0.366,1.241,3.323,2.112,1.703,1.389,1.057,1.197,1.795,1.93,2.383,2.05,3.223,9.853,10.319,9.948,9.859,1.437,1.552
2026-04-28,3.63,1.522,0.73,10.295,9.828,1.45,2.205,1.888,4.766,8.346,0.37,1.235,3.326,2.081,1.745,1.39,1.058,1.188,1.791,1.945,2.385,2.041,3.2,9.878,10.333,9.95,9.85,1.439,1.579
2026-04-29,3.585,1.522,0.732,10.07,9.627,1.45,2.175,1.859,4.755,8.24,0.372,1.241,3.284,2.032,1.713,1.36,1.067,1.194,1.796,1.951,2.4,2.02,3.153,9.664,10.13,9.734,9.641,1.424,1.555
2026-04-30,3.703,1.535,0.745,10.061,9.606,1.461,2.248,1.926,4.83,8.41,0.372,1.256,3.336,2.128,1.751,1.379,1.074,1.196,1.791,1.975,2.42,2.019,3.289,9.656,10.102,9.719,9.629,1.464,1.592
2026-05-06,3.763,1.535,0.74,10.133,9.672,1.502,2.271,1.955,4.866,8.519,0.37,1.251,3.383,2.134,1.893,1.403,1.08,1.188,1.817,2.02,2.455,2.067,3.309,9.707,10.152,9.77,9.698,1.468,1.719
2026-05-07,3.814,1.559,0.741,10.303,9.836,1.513,2.314,1.991,4.905,8.702,0.37,1.263,3.448,2.231,1.93,1.433,1.1,1.182,1.862,2.03,2.469,2.16,3.39,9.9,10.363,9.953,9.871,1.496,1.752
2026-05-08,3.811,1.553,0.738,10.314,9.865,1.532,2.308,1.978,4.89,8.715,0.369,1.258,3.472,2.188,1.908,1.441,1.084,1.178,1.858,2.049,2.479,2.17,3.335,9.917,10.363,9.959,9.871,1.5,1.744
2026-05-11,3.834,1.548,0.732,10.268,9.821,1.568,2.324,2.005,4.911,8.838,0.365,1.262,3.525,2.199,1.956,1.481,1.077,1.176,1.838,2.104,2.493,2.154,3.335,9.851,10.313,9.933,9.827,1.523,1.777
2026-05-12,3.952,1.555,0.735,10.315,9.871,1.57,2.394,2.051,4.975,8.92,0.369,1.265,3.555,2.236,2.01,1.479,1.097,1.178,1.815,2.098,2.491,2.151,3.344,9.912,10.36,9.97,9.9,1.539,1.802
2026-05-13,3.91,1.548,0.723,10.253,9.793,1.55,2.371,2.033,4.94,8.8,0.372,1.263,3.51,2.196,1.979,1.46,1.097,1.175,1.795,2.076,2.475,2.131,3.28,9.828,10.289,9.896,9.818,1.525,1.78
2026-05-14,4.092,1.572,0.72,10.213,9.754,1.589,2.478,2.125,5.037,9.049,0.369,1.273,3.61,2.199,2.105,1.488,1.096,1.177,1.807,2.116,2.499,2.164,3.343,9.809,10.25,9.868,9.78,1.567,1.884
2026-05-15,3.961,1.547,0.719,10.073,9.643,1.577,2.402,2.061,4.935,8.76,0.359,1.253,3.526,2.105,2.034,1.416,1.07,1.175,1.797,2.107,2.491,2.102,3.221,9.665,10.13,9.73,9.645,1.515,1.807
2026-05-18,3.912,1.521,0.709,9.871,9.4,1.541,2.361,2.03,4.855,8.559,0.355,1.24,3.473,1.99,2.035,1.374,1.045,1.164,1.746,2.065,2.44,2.051,3.157,9.452,9.9,9.537,9.44,1.474,1.77
2026-05-19,3.901,1.509,0.7,9.948,9.506,1.52,2.372,2.031,4.843,8.613,0.349,1.234,3.5,2.006,2.031,1.376,1.047,1.159,1.766,2.058,2.441,2.048,3.177,9.55,9.987,9.605,9.519,1.49,1.787
2026-05-20,3.895,1.513,0.699,9.835,9.387,1.512,2.358,2.02,4.845,8.652,0.348,1.237,3.517,1.95,2.118,1.371,1.05,1.168,1.761,2.036,2.427,2.023,3.189,9.45,9.852,9.51,9.4,1.498,1.857
2026-05-21,3.97,1.521,0.698,9.955,9.52,1.553,2.417,2.062,4.897,8.8,0.347,1.241,3.555,2.007,2.266,1.379,1.056,1.163,1.793,2.085,2.454,2.091,3.246,9.55,9.98,9.615,9.53,1.53,1.967
2026-05-22,3.877,1.508,0.692,9.885,9.433,1.576,2.344,2.012,4.828,8.553,0.349,1.223,3.446,1.951,2.146,1.344,1.055,1.159,1.797,2.12,2.465,2.115,3.149,9.477,9.912,9.535,9.46,1.5,1.873
