日期,159941,159952,512040,512100,512890,518800
2013-07-29,,,,,,2.796186127072056
2013-07-30,,,,,,2.807859010334975
2013-07-31,,,,,,2.819531893597895
2013-08-01,,,,,,2.8057366679235356
2013-08-02,,,,,,2.734638197140299
2013-08-05,,,,,,2.7887579286320165
2013-08-06,,,,,,2.7494945940203785
2013-08-07,,,,,,2.7314546835231392
2013-08-08,,,,,,2.745249909197499
2013-08-09,,,,,,2.776023874163377
2013-08-12,,,,,,2.8216542360093344
2013-08-13,,,,,,2.838632975300854
2013-08-14,,,,,,2.8025531543063757
2013-08-15,,,,,,2.838632975300854
2013-08-16,,,,,,2.8853245083525314
2013-08-19,,,,,,2.9054867612612103
2013-08-20,,,,,,2.874712796295332
2013-08-21,,,,,,2.8906303643811313
2013-08-22,,,,,,2.877896309912492
2013-08-23,,,,,,2.9033644188497707
2013-08-26,,,,,,2.9468724382842884
2013-08-27,,,,,,2.947933609490008
2013-08-28,,,,,,3.0031145121874454
2013-08-29,,,,,,2.9680958623986875
2013-08-30,,,,,,2.9606676639586476
2013-09-02,,,,,,2.9405054110499687
2013-09-03,,,,,,2.930954870198489
2013-09-04,,,,,,2.9606676639586476
2013-09-05,,,,,,2.92246550055273
2013-09-06,,,,,,2.895936220409731
2013-09-09,,,,,,2.9277713565813293
2013-09-10,,,,,,2.9097314460840904
2013-09-11,,,,,,2.891691535586851
2013-09-12,,,,,,2.8513670297694933
2013-09-13,,,,,,2.782390901397697
2013-09-16,,,,,,2.795124955866336
2013-09-17,,,,,,2.7728403605462173
2013-09-18,,,,,,2.7484334228146583
2013-09-23,,,,,,2.791941442249176
2013-09-24,,,,,,2.783452072603417
2013-09-25,,,,,,2.790880271043456
2013-09-26,,,,,,2.796186127072056
2013-09-27,,,,,,2.782390901397697
2013-09-30,,,,,,2.8121036951578553
2013-10-08,,,,,,2.791941442249176
2013-10-09,,,,,,2.776023874163377
2013-10-10,,,,,,2.7579839636661383
2013-10-11,,,,,,2.7293323411116996
2013-10-14,,,,,,2.7102312594087405
2013-10-15,,,,,,2.6953748625286615
2013-10-16,,,,,,2.7123536018201806
2013-10-17,,,,,,2.685824321677182
2013-10-18,,,,,,2.7717791893404975
2013-10-21,,,,,,2.7728403605462173
2013-10-22,,,,,,2.7548004500489784
2013-10-23,,,,,,2.7866355862205765
2013-10-24,,,,,,2.7855744150148567
2013-10-25,,,,,,2.795124955866336
2013-10-28,,,,,,2.796186127072056
2013-10-29,,,,,,2.795124955866336
2013-10-30,,,,,,2.790880271043456
2013-10-31,,,,,,2.776023874163377
2013-11-01,,,,,,2.7632898196947377
2013-11-04,,,,,,2.753739278843258
2013-11-05,,,,,,2.7526781076375384
2013-11-06,,,,,,2.7505557652260983
2013-11-07,,,,,,2.753739278843258
2013-11-08,,,,,,2.738882881963179
2013-11-11,,,,,,2.700680718557261
2013-11-12,,,,,,2.6911301777057814
2013-11-13,,,,,,2.6805184656485816
2013-11-14,,,,,,2.685824321677182
2013-11-15,,,,,,2.6943136913229413
2013-11-18,,,,,,2.6964360337343813
2013-11-19,,,,,,2.678396123237142
2013-11-20,,,,,,2.6847631504714617
2013-11-21,,,,,,2.637010446214064
2013-11-22,,,,,,2.620031706922545
2013-11-25,,,,,,2.608358823659626
2013-11-26,,,,,,2.6285210765683047
2013-11-27,,,,,,2.6115423372767856
2013-11-28,,,,,,2.5956247691909864
2013-11-29,,,,,,2.5977471116024264
2013-12-02,,,,,,2.6072976524539055
2013-12-03,,,,,,2.5669731466365477
2013-12-04,,,,,,2.560606119402228
2013-12-05,,,,,,2.587135399545227
2013-12-06,,,,,,2.5744013450765877
2013-12-09,,,,,,2.5765236874880273
2013-12-10,,,,,,2.594563597985266
2013-12-11,,,,,,2.608358823659626
2013-12-12,,,,,,2.6009306252195863
2013-12-13,,,,,,2.560606119402228
2013-12-16,,,,,,2.5563614345793484
2013-12-17,,,,,,2.577584858693747
2013-12-18,,,,,,2.5680343178422675
2013-12-19,,,,,,2.5478720649335886
2013-12-20,,,,,,2.487385306207552
2013-12-23,,,,,,2.511792243939111
2013-12-24,,,,,,2.5128534151448307
2013-12-25,,,,,,2.52134278479059
2013-12-26,,,,,,2.52346512720203
2013-12-27,,,,,,2.548933236139309
2013-12-30,,,,,,2.52346512720203
2013-12-31,,,,,,2.52346512720203
2014-01-02,,,,,,2.548933236139309
2014-01-03,,,,,,2.585013057133787
2014-01-06,,,,,,2.5839518859280672
2014-01-07,,,,,,2.5892577419566667
2014-01-08,,,,,,2.546810893727869
2014-01-09,,,,,,2.5446885513164292
2014-01-10,,,,,,2.5574226057850686
2014-01-13,,,,,,2.565911975430828
2014-01-14,,,,,,2.5786460298994673
2014-01-15,,,,,,2.543627380110709
2014-01-16,,,,,,2.565911975430828
2014-01-17,,,,,,2.545749722522149
2014-01-20,,,,,,2.586074228339507
2014-01-21,,,,,,2.5892577419566667
2014-01-22,,,,,,2.577584858693747
2014-01-23,,,,,,2.559544948196508
2014-01-24,,,,,,2.5892577419566667
2014-01-27,,,,,,2.6253375629511453
2014-01-28,,,,,,2.6104811660710654
2014-01-29,,,,,,2.601991796425306
2014-01-30,,,,,,2.6136646796882257
2014-02-07,,,,,,2.618970535716825
2014-02-10,,,,,,2.637010446214064
2014-02-11,,,,,,2.647622158271264
2014-02-12,,,,,,2.6497445006827034
2014-02-13,,,,,,2.662478555151343
2014-02-14,,,,,,2.703864232174421
2014-02-17,,,,,,2.7526781076375384
2014-02-18,,,,,,2.71978180026022
2014-02-19,,,,,,2.7219041426716597
2014-02-20,,,,,,2.71659828664306
2014-02-21,,,,,,2.736760539551739
2014-02-24,,,,,,2.751616936431818
2014-02-25,,,,,,2.7696568469290574
2014-02-26,,,,,,2.799369640689216
2014-02-27,,,,,,2.762228648489018
2014-02-28,,,,,,2.776023874163377
2014-03-03,,,,,,2.801491983100656
2014-03-04,,,,,,2.784513243809137
2014-03-05,,,,,,2.7802685589862572
2014-03-06,,,,,,2.773901531751937
2014-03-07,,,,,,2.8025531543063757
2014-03-10,,,,,,2.760106306077578
2014-03-11,,,,,,2.790880271043456
2014-03-12,,,,,,2.8248377496264947
2014-03-13,,,,,,2.8492446873580533
2014-03-14,,,,,,2.843938831329454
2014-03-17,,,,,,2.881079823529652
2014-03-18,,,,,,2.837571804095134
2014-03-19,,,,,,2.835449461683694
2014-03-20,,,,,,2.8025531543063757
2014-03-21,,,,,,2.8057366679235356
2014-03-24,,,,,,2.7876967574262963
2014-03-25,,,,,,2.751616936431818
2014-03-26,,,,,,2.760106306077578
2014-03-27,,,,,,2.730393512317419
2014-03-28,,,,,,2.72614882749454
2014-03-31,,,,,,2.71447594423162
2014-04-01,,,,,,2.6985583761458214
2014-04-02,,,,,,2.701741889762981
2014-04-03,,,,,,2.7187206290545
2014-04-04,,,,,,2.71447594423162
2014-04-08,,,,,,2.7505557652260983
2014-04-09,,,,,,2.7558616212546982
2014-04-10,,,,,,2.7685956757233376
2014-04-11,,,,,,2.7707180181347777
2014-04-14,,,,,,2.798308469483496
2014-04-15,,,,,,2.766473333311898
2014-04-16,,,,,,2.759045134871858
2014-04-17,,,,,,2.753739278843258
2014-04-18,,,,,,2.711292430614461
2014-04-21,,,,,,2.700680718557261
2014-04-22,,,,,,2.701741889762981
2014-04-23,,,,,,2.701741889762981
2014-04-24,,,,,,2.6953748625286615
2014-04-25,,,,,,2.7102312594087405
2014-04-28,,,,,,2.744188737991778
2014-04-29,,,,,,2.72614882749454
2014-04-30,,,,,,2.7059865745858604
2014-05-05,,,,,,2.736760539551739
2014-05-06,,,,,,2.736760539551739
2014-05-07,,,,,,2.735699368346019
2014-05-08,,,,,,2.6953748625286615
2014-05-09,,,,,,2.7049254033801406
2014-05-12,,,,,,2.7081089169973005
2014-05-13,,,,,,2.7155371154373404
2014-05-14,,,,,,2.703864232174421
2014-05-15,,,,,,2.72827116990598
2014-05-16,,,,,,2.71447594423162
2014-05-19,,,,,,2.71978180026022
2014-05-20,,,,,,2.701741889762981
2014-05-21,,,,,,2.699619547351541
2014-05-22,,,,,,2.6964360337343813
2014-05-23,,,,,,2.6911301777057814
2014-05-26,,,,,,2.693252520117221
2014-05-27,,,,,,2.6953748625286615
2014-05-28,,,,,,2.668845582385663
2014-05-29,,,,,,2.668845582385663
2014-05-30,,,,,,2.6709679247971025
2014-06-03,,,,,,2.651866843094143
2014-06-04,,,,,,2.6529280142998637
2014-06-05,,,,,,2.637010446214064
2014-06-06,,,,,,2.644438644654104
2014-06-09,,,,,,2.646560987065544
2014-06-10,,,,,,2.638071617419784
2014-06-11,,,,,,2.637010446214064
2014-06-12,,,,,,2.647622158271264
2014-06-13,,,,,,2.6571726991227433
2014-06-16,,,,,,2.660356212739903
2014-06-17,,,,,,2.6508056718884236
2014-06-18,,,,,,2.622154049333985
2014-06-19,,,,,,2.6667232399742224
2014-06-20,,,,,,2.738882881963179
2014-06-23,,,,,,2.7463110804032187
2014-06-24,,,,,,2.753739278843258
2014-06-25,,,,,,2.760106306077578
2014-06-26,,,,,,2.7643509909004575
2014-06-27,,,,,,2.7685956757233376
2014-06-30,,,,,,2.759045134871858
2014-07-01,,,,,,2.71659828664306
2014-07-02,,,,,,2.7505557652260983
2014-07-03,,,,,,2.759045134871858
2014-07-04,,,,,,2.7558616212546982
2014-07-07,,,,,,2.7548004500489784
2014-07-08,,,,,,2.7410052243746192
2014-07-09,,,,,,2.7579839636661383
2014-07-10,,,,,,2.753739278843258
2014-07-11,,,,,,2.7876967574262963
2014-07-14,,,,,,2.7579839636661383
2014-07-15,,,,,,2.736760539551739
2014-07-16,,,,,,2.735699368346019
2014-07-17,,,,,,2.72084297146594
2014-07-18,,,,,,2.753739278843258
2014-07-21,,,,,,2.7494945940203785
2014-07-22,,,,,,2.7685956757233376
2014-07-23,,,,,,2.7685956757233376
2014-07-24,,,,,,2.7378217107574594
2014-07-25,,,,,,2.7059865745858604
2014-07-28,,,,,,2.7410052243746192
2014-07-29,,,,,,2.756922792460418
2014-07-30,,,,,,2.759045134871858
2014-07-31,,,,,,2.7335770259345793
2014-08-01,,,,,,2.7155371154373404
2014-08-04,,,,,,2.730393512317419
2014-08-05,,,,,,2.72508765628882
2014-08-06,,,,,,2.7314546835231392
2014-08-07,,,,,,2.7293323411116996
2014-08-08,,,,,,2.7526781076375384
2014-08-11,,,,,,2.7378217107574594
2014-08-12,,,,,,2.745249909197499
2014-08-13,,,,,,2.7378217107574594
2014-08-14,,,,,,2.7335770259345793
2014-08-15,,,,,,2.742066395580339
2014-08-18,,,,,,2.736760539551739
2014-08-19,,,,,,2.72084297146594
2014-08-20,,,,,,2.71978180026022
2014-08-21,,,,,,2.686885492882902
2014-08-22,,,,,,2.697497204940101
2014-08-25,,,,,,2.6900690065000616
2014-08-26,,,,,,2.699619547351541
2014-08-27,,,,,,2.699619547351541
2014-08-28,,,,,,2.683701979265742
2014-08-29,,,,,,2.682640808060022
2014-09-01,,,,,,2.6964360337343813
2014-09-02,,,,,,2.6964360337343813
2014-09-03,,,,,,2.668845582385663
2014-09-04,,,,,,2.675212609619982
2014-09-05,,,,,,2.658233870328463
2014-09-09,,,,,,2.6508056718884236
2014-09-10,,,,,,2.6497445006827034
2014-09-11,,,,,,2.6401939598312243
2014-09-12,,,,,,2.6338269325969046
2014-09-15,,,,,,2.626398734156865
2014-09-16,,,,,,2.6306434189797447
2014-09-17,,,,,,2.6157870220996653
2014-09-18,,,,,,2.596685940396706
2014-09-19,,,,,,2.5977471116024264
2014-09-22,,,,,,2.5680343178422675
2014-09-23,,,,,,2.5754625162823075
2014-09-24,,,,,,2.5892577419566667
2014-09-25,,,,,,2.5839518859280672
2014-09-26,,,,,,2.585013057133787
2014-09-29,,,,,,2.5913800843681067
2014-09-30,,,,,,2.605175310042466
2014-10-08,,,,,,2.573340173870867
2014-10-09,,,,,,2.5680343178422675
2014-10-10,,,,,,2.569095489047988
2014-10-13,,,,,,2.580768372310907
2014-10-14,,,,,,2.5786460298994673
2014-10-15,,,,,,2.560606119402228
2014-10-16,,,,,,2.5680343178422675
2014-10-17,,,,,,2.5765236874880273
2014-10-20,,,,,,2.5744013450765877
2014-10-21,,,,,,2.579707201105187
2014-10-22,,,,,,2.5765236874880273
2014-10-23,,,,,,2.5584837769907884
2014-10-24,,,,,,2.545749722522149
2014-10-27,,,,,,2.5415050376992694
2014-10-28,,,,,,2.5531779209621885
2014-10-29,,,,,,2.554239092167909
2014-10-30,,,,,,2.5351380104649492
2014-10-31,,,,,,2.4916299910304316
2014-11-03,,,,,,2.4417549443615947
2014-11-04,,,,,,2.4417549443615947
2014-11-05,,,,,,2.407797465778556
2014-11-06,,,,,,2.389757555281317
2014-11-07,,,,,,2.3823293568412773
2014-11-10,,,,,,2.423715033864355
2014-11-11,,,,,,2.4046139521613963
2014-11-12,,,,,,2.423715033864355
2014-11-13,,,,,,2.4152256642185956
2014-11-14,,,,,,2.406736294572836
2014-11-17,,,,,,2.4385714307444344
2014-11-18,,,,,,2.4353879171272745
2014-11-19,,,,,,2.447060800390194
2014-11-20,,,,,,2.433265574715835
2014-11-21,,,,,,2.450244314007354
2014-11-24,,,,,,2.4597948548588335
2014-11-25,,,,,,2.4587336836531137
2014-11-26,,,,,,2.4608560260645533
2014-11-27,,,,,,2.4629783684759934
2014-11-28,,,,,,2.451305485213074
2014-12-01,,,,,,2.4184091778357555
2014-12-02,,,,,,2.4990581894704715
2014-12-03,,,,,,2.4916299910304316
2014-12-04,,,,,,2.5022417030876314
2014-12-05,,,,,,2.4990581894704715
2014-12-08,,,,,,2.496935847059032
2014-12-09,,,,,,2.487385306207552
2014-12-10,,,,,,2.545749722522149
2014-12-11,,,,,,2.52664864081919
2014-12-12,,,,,,2.538321524082109
2014-12-15,,,,,,2.538321524082109
2014-12-16,,,,,,2.506486387910511
2014-12-17,,,,,,2.50860873032195
2014-12-18,,,,,,2.511792243939111
2014-12-19,,,,,,2.514975757556271
2014-12-22,,,,,,2.509669901527671
2014-12-23,,,,,,2.4799571077675124
2014-12-24,,,,,,2.483140621384672
2014-12-25,,,,,,2.4799571077675124
2014-12-26,,,,,,2.490568819824712
2014-12-29,,,,,,2.4958746758533112
2014-12-30,,,,,,2.490568819824712
2014-12-31,,,,,,2.514975757556271
2015-01-05,,,,,,2.51815927117343
2015-01-06,,,,,,2.5415050376992694
2015-01-07,,,,,,2.548933236139309
2015-01-08,,,,,,2.5255874696134697
2015-01-09,,,,,,2.5372603528763893
2015-01-12,,,,,,2.562728461813668
2015-01-13,,,,,,2.5924412555738265
2015-01-14,,,,,,2.5786460298994673
2015-01-15,,,,,,2.554239092167909
2015-01-16,,,,,,2.6009306252195863
2015-01-19,,,,,,2.6805184656485816
2015-01-20,,,,,,2.6879466640886216
2015-01-21,,,,,,2.7325158547288595
2015-01-22,,,,,,2.71659828664306
2015-01-23,,,,,,2.736760539551739
2015-01-26,,,,,,2.745249909197499
2015-01-27,,,,,,2.699619547351541
2015-01-28,,,,,,2.7123536018201806
2015-01-29,,,,,,2.7059865745858604
2015-01-30,,,,,,2.6508056718884236
2015-02-02,,,,,,2.703864232174421
2015-02-03,,,,,,2.7081089169973005
2015-02-04,,,,,,2.668845582385663
2015-02-05,,,,,,2.685824321677182
2015-02-06,,,,,,2.6709679247971025
2015-02-09,,,,,,2.623215220539705
2015-02-10,,,,,,2.6317045901854645
2015-02-11,,,,,,2.612603508482506
2015-02-12,,,,,,2.6009306252195863
2015-02-13,,,,,,2.6136646796882257
2015-02-16,,,,,,2.612603508482506
2015-02-17,,,,,,2.623215220539705
2015-02-25,,,,,,2.6104811660710654
2015-02-26,,,,,,2.6486833294769836
2015-02-27,,,,,,2.6115423372767856
2015-03-02,,,,,,2.622154049333985
2015-03-03,,,,,,2.6094199948653456
2015-03-04,,,,,,2.605175310042466
2015-03-05,,,,,,2.5818295435166267
2015-03-06,,,,,,2.585013057133787
2015-03-09,,,,,,2.5308933256420696
2015-03-10,,,,,,2.494813504647591
2015-03-11,,,,,,2.4990581894704715
2015-03-12,,,,,,2.4735900805331927
2015-03-13,,,,,,2.486324135001832
2015-03-16,,,,,,2.504364045499071
2015-03-17,,,,,,2.490568819824712
2015-03-18,,,,,,2.464039539681713
2015-03-19,,,,,,2.481018278973232
2015-03-20,,,,,,2.475712422944633
2015-03-23,,,,,,2.490568819824712
2015-03-24,,,,,,2.5011805318819116
2015-03-25,,,,,,2.5001193606761913
2015-03-26,,,,,,2.5361991816706695
2015-03-27,,,,,,2.538321524082109
2015-03-30,,,,,,2.513914586350551
2015-03-31,,,,,,2.5022417030876314
2015-04-01,,,,,,2.5054252167047912
2015-04-02,,,,,,2.52240395599631
2015-04-03,,,,,,2.5202816135848702
2015-04-07,,,,,,2.5415050376992694
2015-04-08,,,,,,2.538321524082109
2015-04-09,,,,,,2.513914586350551
2015-04-10,,,,,,2.52452629840775
2015-04-13,,,,,,2.53195449684779
2015-04-14,,,,,,2.51815927117343
2015-04-15,,,,,,2.513914586350551
2015-04-16,,,,,,2.5107310727333907
2015-04-17,,,,,,2.514975757556271
2015-04-20,,,,,,2.5669731466365477
2015-04-21,,,,,,2.542566208904989
2015-04-22,,,,,,2.545749722522149
2015-04-23,,,,,,2.5160369287619906
2015-04-24,,,,,,2.52770981202491
2015-04-27,,,,,,2.507547559116231
2015-04-28,,,,,,2.52134278479059
2015-04-29,,,,,,2.5404438664935496
2015-04-30,,,,,,2.5351380104649492
2015-05-04,,,,,,2.50860873032195
2015-05-05,,,,,,2.513914586350551
2015-05-06,,,,,,2.514975757556271
2015-05-07,,,,,,2.506486387910511
2015-05-08,,,,,,2.5107310727333907
2015-05-11,,,,,,2.513914586350551
2015-05-12,,,,,,2.513914586350551
2015-05-13,,,,,,2.51815927117343
2015-05-14,,,,,,2.5330156680535096
2015-05-15,,,,,,2.5372603528763893
2015-05-18,,,,,,2.5563614345793484
2015-05-19,,,,,,2.5415050376992694
2015-05-20,,,,,,2.52452629840775
2015-05-21,,,,,,2.52346512720203
2015-05-22,,,,,,2.5351380104649492
2015-05-25,,,,,,2.539382695287829
2015-05-26,,,,,,2.5330156680535096
2015-05-27,,,,,,2.52664864081919
2015-05-28,,,,,,2.509669901527671
2015-05-29,,,,,,2.4990581894704715
2015-06-01,,,,,,2.503302874293351
2015-06-02,,,,,,2.4979970182647517
2015-06-03,,,,,,2.494813504647591
2015-06-04,,,,,,2.496935847059032
2015-06-05,,,,,,2.5001193606761913
2015-06-08,,,,,,2.4990581894704715
2015-06-09,,,,,,2.487385306207552
2015-06-10,,,,,,2.4842017925903925
2015-06-11,,,,,,2.487385306207552
2015-06-12,,,,,,2.488446477413272
2015-06-15,,,,,,2.483140621384672
2015-06-16,,,,,,2.4767735941503526
2015-06-17,,,,,,2.470406566916033
2015-06-18,,,,,,2.483140621384672
2015-06-19,,,,,,2.4852629637961123
2015-06-23,,,,,,2.478895936561792
2015-06-24,,,,,,2.4852629637961123
2015-06-25,,,,,,2.475712422944633
2015-06-26,,,,,,2.4587336836531137
2015-06-29,,,,,,2.464039539681713
2015-06-30,,,,,,2.4534278276245134
2015-07-01,,,,,,2.4566113412416737
2015-07-02,,,,,,2.4375102595387146
2015-07-03,,,,,,2.430082061098675
2015-07-06,,,,,,2.4417549443615947
2015-07-07,,,,,,2.4322044035101147
2015-07-08,,,,,,2.33457665258388
2015-07-09,,,,,,2.4109809793957155
2015-07-10,,,,,,2.423715033864355
2015-07-13,0.2427147651006711,,,,,2.4268985474815152
2015-07-14,0.244994966442953,,,,,2.4205315202471955
2015-07-15,0.243981543624161,,,,,2.4184091778357555
2015-07-16,0.244741610738255,,,,,2.402491609749956
2015-07-17,0.2505687919463087,,,,,2.406736294572836
2015-07-20,0.2508221476510067,,,,,2.351555391875399
2015-07-21,0.2518355704697986,,,,,2.3356378237896
2015-07-22,0.2538624161073825,,,,,2.317597913292361
2015-07-23,0.2548758389261745,,,,,2.3250261117324
2015-07-24,0.2551291946308724,,,,,2.300619174000842
2015-07-27,0.2515822147651007,,,,,2.314414399675201
2015-07-28,0.2477818791946308,,,,,2.3059250300294414
2015-07-29,0.2503154362416107,,,,,2.3122920572637606
2015-07-30,0.2503154362416107,,,,,2.3027415164122815
2015-07-31,0.2495553691275167,,,,,2.2889462907379223
2015-08-03,0.2510755033557046,,,,,2.300619174000842
2015-08-04,0.2503154362416107,,,,,2.3016803452065617
2015-08-05,0.2498087248322147,,,,,2.2995580027951212
2015-08-06,0.2510755033557046,,,,,2.2984968315894014
2015-08-07,0.2482885906040268,,,,,2.3038026876180013
2015-08-10,0.2470218120805369,,,,,2.315475570880921
2015-08-11,0.2543691275167785,,,,,2.370656473578358
2015-08-12,0.2513288590604027,,,,,2.440693773155874
2015-08-13,0.2531023489932886,,,,,2.427959718687235
2015-08-14,0.2533557046979866,,,,,2.414164493012876
2015-08-17,0.2515822147651007,,,,,2.4184091778357555
2015-08-18,0.2528489932885906,,,,,2.4194703490414753
2015-08-19,0.2520889261744966,,,,,2.4290208898929553
2015-08-20,0.2505687919463087,,,,,2.4544889988302336
2015-08-21,0.2391677852348993,,,,,2.4990581894704715
2015-08-24,0.2183926174496644,,,,,2.5170980999677104
2015-08-25,0.2166191275167785,,,,,2.5022417030876314
2015-08-26,0.2178859060402684,,,,,2.465100710887433
2015-08-27,0.2277667785234899,,,,,2.447060800390194
2015-08-28,0.2333406040268456,,,,,2.4534278276245134
2015-08-31,0.2353674496644295,,,,,2.455550170035954
2015-09-01,0.2303003355704698,,,,,2.472528909327473
2015-09-02,0.2275134228187919,,,,,2.475712422944633
2015-09-07,0.2305536912751677,,,,,2.430082061098675
2015-09-08,0.2318204697986577,,,,,2.4215926914529153
2015-09-09,0.2330872483221476,,,,,2.4322044035101147
2015-09-10,0.2315671140939597,,,,,2.4035527809556765
2015-09-11,0.2330872483221476,,,,,2.407797465778556
2015-09-14,0.2353674496644295,,,,,2.398246924927076
2015-09-15,0.2310604026845637,,,,,2.3961245825156365
2015-09-16,0.2381543624161073,,,,,2.3940022401041965
2015-09-17,0.2384077181208053,,,,,2.4215926914529153
2015-09-18,0.2401812080536912,,,,,2.4364490883329943
2015-09-21,0.2363808724832214,,,,,2.468284224504593
2015-09-22,0.2368875838926174,,,,,2.4544889988302336
2015-09-23,0.2346073825503355,,,,,2.4459996291844743
2015-09-24,0.2318204697986577,,,,,2.4566113412416737
2015-09-25,0.2318204697986577,,,,,2.4735900805331927
2015-09-28,0.2295402684563758,,,,,2.4587336836531137
2015-09-29,0.2206728187919463,,,,,2.430082061098675
2015-09-30,0.2224463087248322,,,,,2.4205315202471955
2015-10-08,0.2341006711409396,,,,,2.4576725124473935
2015-10-09,0.2348607382550335,,,,,2.467223053298873
2015-10-12,0.2353674496644295,,,,,2.5001193606761913
2015-10-13,0.2356208053691275,,,,,2.488446477413272
2015-10-14,0.2353674496644295,,,,,2.5170980999677104
2015-10-15,0.2346073825503355,,,,,2.5404438664935496
2015-10-16,0.2384077181208053,,,,,2.5308933256420696
2015-10-19,0.2386610738255033,,,,,2.52770981202491
2015-10-20,0.2404345637583892,,,,,2.51815927117343
2015-10-21,0.2394211409395973,,,,,2.5255874696134697
2015-10-22,0.2381543624161073,,,,,2.5107310727333907
2015-10-23,0.2457550335570469,,,,,2.52134278479059
2015-10-26,0.2495553691275167,,,,,2.514975757556271
2015-10-27,0.2490486577181208,,,,,2.513914586350551
2015-10-28,0.2505687919463087,,,,,2.52664864081919
2015-10-29,0.2525956375838926,,,,,2.5022417030876314
2015-10-30,0.2523422818791946,,,,,2.467223053298873
2015-11-02,0.2498087248322147,,,,,2.4576725124473935
2015-11-03,0.2531023489932886,,,,,2.4459996291844743
2015-11-04,0.2533557046979866,,,,,2.427959718687235
2015-11-05,0.2518355704697986,,,,,2.4046139521613963
2015-11-06,0.2533557046979866,,,,,2.4014304385442364
2015-11-09,0.2538624161073825,,,,,2.374901158401238
2015-11-10,0.2513288590604027,,,,,2.369595302372638
2015-11-11,0.2508221476510067,,,,,2.374901158401238
2015-11-12,0.2505687919463087,,,,,2.367472959961198
2015-11-13,0.2498087248322147,,,,,2.3547389054925585
2015-11-16,0.2455016778523489,,,,,2.3844516992527174
2015-11-17,0.2475285234899328,,,,,2.351555391875399
2015-11-18,0.2477818791946308,,,,,2.32927079655528
2015-11-19,0.2533557046979866,,,,,2.3420048510239195
2015-11-20,0.2528489932885906,,,,,2.350494220669679
2015-11-23,0.2533557046979866,,,,,2.33139313896672
2015-11-24,0.2546224832214764,,,,,2.32927079655528
2015-11-25,0.2525956375838926,,,,,2.3441271934353596
2015-11-26,0.2541157718120805,,,,,2.337760166201039
2015-11-27,0.2538624161073825,,,,,2.317597913292361
2015-11-30,0.2531023489932886,,,,,2.2995580027951212
2015-12-01,0.2548758389261745,,,,,2.3282096253495603
2015-12-02,0.2576627516778523,,,,,2.3229037693209604
2015-12-03,0.2538624161073825,,,,,2.3027415164122815
2015-12-04,0.2520889261744966,,,,,2.317597913292361
2015-12-07,0.2546224832214764,,,,,2.355800076698279
2015-12-08,0.2536090604026845,,,,,2.3420048510239195
2015-12-09,0.2553825503355704,,,,,2.350494220669679
2015-12-10,0.2525956375838926,,,,,2.346249535846799
2015-12-11,0.2538624161073825,,,,,2.3451883646410794
2015-12-14,0.2498087248322147,,,,,2.357922419109719
2015-12-15,0.2495553691275167,,,,,2.3441271934353596
2015-12-16,0.2518355704697986,,,,,2.3441271934353596
2015-12-17,0.2538624161073825,,,,,2.3409436798181993
2015-12-18,0.2525956375838926,,,,,2.33245431017244
2015-12-21,0.2505687919463087,,,,,2.350494220669679
2015-12-22,0.2503154362416107,,,,,2.3876352128698772
2015-12-23,0.2503154362416107,,,,,2.360044761521159
2015-12-24,0.2523422818791946,,,,,2.357922419109719
2015-12-25,0.2518355704697986,,,,,2.368534131166918
2015-12-28,0.2510755033557046,,,,,2.361105932726878
2015-12-29,0.2515822147651007,,,,,2.366411788755478
2015-12-30,0.2543691275167785,,,,,2.3621671039325984
2015-12-31,0.2548758389261745,,,,,2.350494220669679
2016-01-04,0.2523422818791946,,,,,2.3642894463440385
2016-01-05,0.2475285234899328,,,,,2.391879897692757
2016-01-06,0.2480352348993288,,,,,2.3940022401041965
2016-01-07,0.245248322147651,,,,,2.465100710887433
2016-01-08,0.244488255033557,,,,,2.4576725124473935
2016-01-11,0.2368875838926174,,,,,2.4778347653560724
2016-01-12,0.2419546979865771,,,,,2.4385714307444344
2016-01-13,0.2434748322147651,,,,,2.422653862658635
2016-01-14,0.2381543624161073,,,,,2.4364490883329943
2016-01-15,0.2384077181208053,,,,,2.414164493012876
2016-01-18,0.2376476510067114,,,,,2.430082061098675
2016-01-19,0.2361275167785235,,,,,2.427959718687235
2016-01-20,0.2315671140939597,,,,,2.4375102595387146
2016-01-21,0.2315671140939597,,,,,2.4597948548588335
2016-01-22,0.2323271812080537,,,,,2.447060800390194
2016-01-25,0.2325805369127516,,,,,2.448121971595914
2016-01-26,0.2305536912751677,,,,,2.490568819824712
2016-01-27,0.2305536912751677,,,,,2.5011805318819116
2016-01-28,0.2295402684563758,,,,,2.4958746758533112
2016-01-29,0.2325805369127516,,,,,2.486324135001832
2016-02-01,0.2338473154362416,,,,,2.5160369287619906
2016-02-02,0.2358741610738255,,,,,2.5192204423791504
2016-02-03,0.2323271812080537,,,,,2.52240395599631
2016-02-04,0.2320738255033557,,,,,2.5521167497564683
2016-02-05,0.2320738255033557,,,,,2.6072976524539055
2016-02-15,0.225739932885906,,,,,2.71978180026022
2016-02-16,0.2292869127516778,,,,,2.660356212739903
2016-02-17,0.2325805369127516,,,,,2.6677844111799427
2016-02-18,0.2308070469798658,,,,,2.6773349520314222
2016-02-19,0.2308070469798658,,,,,2.71659828664306
2016-02-22,0.2315671140939597,,,,,2.6900690065000616
2016-02-23,0.2335939597315436,,,,,2.693252520117221
2016-02-24,0.2315671140939597,,,,,2.7134147730259004
2016-02-25,0.2315671140939597,,,,,2.7548004500489784
2016-02-26,0.2338473154362416,,,,,2.7505557652260983
2016-02-29,0.2308070469798658,,,,,2.72614882749454
2016-03-01,0.2315671140939597,,,,,2.7632898196947377
2016-03-02,0.2366342281879194,,,,,2.7335770259345793
2016-03-03,0.2381543624161073,,,,,2.7505557652260983
2016-03-04,0.2391677852348993,,,,,2.790880271043456
2016-03-07,0.2386610738255033,,,,,2.791941442249176
2016-03-08,0.2373942953020134,,,,,2.799369640689216
2016-03-09,0.2353674496644295,,,,,2.773901531751937
2016-03-10,0.2366342281879194,,,,,2.7611674772832977
2016-03-11,0.2366342281879194,,,,,2.791941442249176
2016-03-14,0.2389144295302013,,,,,2.7611674772832977
2016-03-15,0.2381543624161073,,,,,2.7091700882030203
2016-03-16,0.2381543624161073,,,,,2.7293323411116996
2016-03-17,0.2414479865771812,,,,,2.7558616212546982
2016-03-18,0.2406879194630872,,,,,2.7611674772832977
2016-03-21,0.2406879194630872,,,,,2.72508765628882
2016-03-22,0.2389144295302013,,,,,2.745249909197499
2016-03-23,0.2406879194630872,,,,,2.71978180026022
2016-03-24,0.2379010067114093,,,,,2.682640808060022
2016-03-25,0.2384077181208053,,,,,2.693252520117221
2016-03-28,0.2386610738255033,,,,,2.679457294442862
2016-03-29,0.2389144295302013,,,,,2.6890078352943414
2016-03-30,0.2419546979865771,,,,,2.71659828664306
2016-03-31,0.2401812080536912,,,,,2.6921913489115012
2016-04-01,0.2414479865771812,,,,,2.702803060968701
2016-04-05,0.2424614093959731,,,,,2.6890078352943414
2016-04-06,0.2419546979865771,,,,,2.6953748625286615
2016-04-07,0.243728187919463,,,,,2.6943136913229413
2016-04-08,0.2419546979865771,,,,,2.7155371154373404
2016-04-11,0.2414479865771812,,,,,2.736760539551739
2016-04-12,0.2409412751677852,,,,,2.7494945940203785
2016-04-13,0.2417013422818791,,,,,2.736760539551739
2016-04-14,0.244741610738255,,,,,2.7102312594087405
2016-04-15,0.2455016778523489,,,,,2.71447594423162
2016-04-18,0.2419546979865771,,,,,2.7081089169973005
2016-04-19,0.2465151006711409,,,,,2.734638197140299
2016-04-20,0.2434748322147651,,,,,2.738882881963179
2016-04-21,0.244994966442953,,,,,2.7707180181347777
2016-04-22,0.243981543624161,,,,,2.7463110804032187
2016-04-25,0.244741610738255,,,,,2.72614882749454
2016-04-26,0.244741610738255,,,,,2.72084297146594
2016-04-27,0.2434748322147651,,,,,2.7484334228146583
2016-04-28,0.2414479865771812,,,,,2.756922792460418
2016-04-29,0.2404345637583892,,,,,2.801491983100656
2016-05-03,0.2384077181208053,,,,,2.847122344946613
2016-05-04,0.2371409395973154,,,,,2.822715407215055
2016-05-05,0.2371409395973154,,,,,2.822715407215055
2016-05-06,0.2346073825503355,,,,,2.823776578420775
2016-05-09,0.2363808724832214,,,,,2.818470722392175
2016-05-10,0.2381543624161073,,,,,2.799369640689216
2016-05-11,0.2399278523489932,,,,,2.813164866363575
2016-05-12,0.2394211409395973,,,,,2.8057366679235356
2016-05-13,0.2381543624161073,,,,,2.8248377496264947
2016-05-16,0.2363808724832214,,,,,2.839694146506574
2016-05-17,0.2391677852348993,,,,,2.8258989208322145
2016-05-18,0.2368875838926174,,,,,2.8248377496264947
2016-05-19,0.2368875838926174,,,,,2.7876967574262963
2016-05-20,0.2371409395973154,,,,,2.782390901397697
2016-05-23,0.2404345637583892,,,,,2.7802685589862572
2016-05-24,0.2394211409395973,,,,,2.767534504517618
2016-05-25,0.2427147651006711,,,,,2.7240264850831
2016-05-26,0.244994966442953,,,,,2.736760539551739
2016-05-27,0.2455016778523489,,,,,2.71978180026022
2016-05-30,0.2472751677852349,,,,,2.6911301777057814
2016-05-31,0.2477818791946308,,,,,2.7123536018201806
2016-06-01,0.2477818791946308,,,,,2.71978180026022
2016-06-02,0.2470218120805369,,,,,2.71765945784878
2016-06-03,0.2503154362416107,,,,,2.711292430614461
2016-06-06,0.2472751677852349,,,,,2.7632898196947377
2016-06-07,0.2480352348993288,,,,,2.7685956757233376
2016-06-08,0.2477818791946308,,,,,2.791941442249176
2016-06-13,0.2457550335570469,,,,,2.8704681114724524
2016-06-14,0.2434748322147651,,,,,2.8619787418266927
2016-06-15,0.243728187919463,,,,,2.8768351387067717
2016-06-16,0.2424614093959731,,,,,2.9256490141698897
2016-06-17,0.2434748322147651,,,,,2.856672885798093
2016-06-20,0.2455016778523489,,,,,2.865162255443853
2016-06-21,0.244741610738255,,,,,2.8598563994152526
2016-06-22,0.2434748322147651,,,,,2.823776578420775
2016-06-23,0.244488255033557,,,,,2.822715407215055
2016-06-24,0.2414479865771812,,,,,2.9521782943128883
2016-06-27,0.2424614093959731,,,,,2.980829916867327
2016-06-28,0.2399278523489932,,,,,2.9691570336044073
2016-06-29,0.2411946308724832,,,,,2.980829916867327
2016-06-30,0.2455016778523489,,,,,2.9659735199872475
2016-07-01,0.2457550335570469,,,,,3.009481539421765
2016-07-04,0.244741610738255,,,,,3.0582954148848827
2016-07-05,0.244488255033557,,,,,3.043439018004803
2016-07-06,0.245248322147651,,,,,3.10392577673084
2016-07-07,0.245248322147651,,,,,3.094375235879361
2016-07-08,0.2467684563758389,,,,,3.0667847845306424
2016-07-11,0.2503154362416107,,,,,3.0901305510564807
2016-07-12,0.2515822147651007,,,,,3.0731518117649617
2016-07-13,0.2548758389261745,,,,,3.0445001892105235
2016-07-14,0.2566493288590604,,,,,3.0232767650961248
2016-07-15,0.2584228187919463,,,,,3.024337936301845
2016-07-18,0.2581694630872483,,,,,3.0179709090675244
2016-07-19,0.2569026845637583,,,,,3.0232767650961248
2016-07-20,0.2579161073825503,,,,,3.0137262242446448
2016-07-21,0.2609563758389261,,,,,2.9797687456616067
2016-07-22,0.2574093959731544,,,,,2.995686313747406
2016-07-25,0.2596895973154362,,,,,2.9829522592787665
2016-07-26,0.2612097315436241,,,,,2.9850746016902066
2016-07-27,0.2604496644295302,,,,,2.988258115307366
2016-07-28,0.263743288590604,,,,,3.028582621124724
2016-07-29,0.2624765100671141,,,,,3.012665053038925
2016-08-01,0.263743288590604,,,,,3.0338884771533237
2016-08-02,0.2660234899328859,,,,,3.050867216444843
2016-08-03,0.2617164429530201,,,,,3.067845955736362
2016-08-04,0.2629832214765101,,,,,3.036010819564764
2016-08-05,0.262223154362416,,,,,3.071029469353522
2016-08-08,0.2657701342281879,,,,,3.0084203682160453
2016-08-09,0.2667835570469798,,,,,3.0073591970103255
2016-08-10,0.2655167785234899,,,,,3.051928387650563
2016-08-11,0.2655167785234899,,,,,3.024337936301845
2016-08-12,0.2667835570469798,,,,,3.0190320802732447
2016-08-15,0.2660234899328859,,,,,3.014787395450365
2016-08-16,0.2665302013422819,,,,,3.029643792330444
2016-08-17,0.2655167785234899,,,,,3.0190320802732447
2016-08-18,0.2657701342281879,,,,,3.030704963536164
2016-08-19,0.2657701342281879,,,,,3.036010819564764
2016-08-22,0.2657701342281879,,,,,3.009481539421765
2016-08-23,0.2665302013422819,,,,,3.0137262242446448
2016-08-24,0.2690637583892618,,,,,3.0169097378618046
2016-08-25,0.2667835570469798,,,,,2.9967474849531257
2016-08-26,0.2667835570469798,,,,,2.997808656158846
2016-08-29,0.2665302013422819,,,,,2.9850746016902066
2016-08-30,0.2675436241610738,,,,,3.000992169776006
2016-08-31,0.2675436241610738,,,,,2.9861357728959264
2016-09-01,0.2670369127516778,,,,,2.9659735199872475
2016-09-02,0.2675436241610738,,,,,2.973401718427287
2016-09-05,0.2683036912751678,,,,,3.000992169776006
2016-09-06,0.2683036912751678,,,,,3.0062980258046057
2016-09-07,0.2698238255033557,,,,,3.0487448740334036
2016-09-08,0.2698238255033557,,,,,3.0455613604162433
2016-09-09,0.2693171140939597,,,,,3.0275214499190044
2016-09-12,0.262729865771812,,,,,3.011603881833205
2016-09-13,0.263743288590604,,,,,3.014787395450365
2016-09-14,0.265010067114094,,,,,2.9988698273645658
2016-09-19,0.2685570469798657,,,,,2.9829522592787665
2016-09-20,0.2670369127516778,,,,,2.988258115307366
2016-09-21,0.2685570469798657,,,,,2.9935639713359663
2016-09-22,0.2698238255033557,,,,,3.0169097378618046
2016-09-23,0.2728640939597315,,,,,3.0211544226846847
2016-09-26,0.2700771812080537,,,,,3.0200932514789645
2016-09-27,0.2721040268456376,,,,,3.0179709090675244
2016-09-28,0.2721040268456376,,,,,2.997808656158846
2016-09-29,0.2723573825503355,,,,,2.990380457718806
2016-09-30,0.2713439597315436,,,,,3.0020533409817256
2016-10-10,0.2726107382550335,,,,,2.8853245083525314
2016-10-11,0.2756510067114094,,,,,2.880018652323932
2016-10-12,0.2743842281879194,,,,,2.872590453883892
2016-10-13,0.2741308724832215,,,,,2.8842633371468116
2016-10-14,0.2746375838926174,,,,,2.873651625089612
2016-10-17,0.2738775167785234,,,,,2.882140994735372
2016-10-18,0.2743842281879194,,,,,2.8906303643811313
2016-10-19,0.2746375838926174,,,,,2.889569193175411
2016-10-20,0.2759043624161074,,,,,2.9118537884955304
2016-10-21,0.2764110738255033,,,,,2.900180905232611
2016-10-24,0.2766644295302014,,,,,2.91079261728981
2016-10-25,0.2797046979865772,,,,,2.9192819869355695
2016-10-26,0.2786912751677852,,,,,2.936260726227089
2016-10-27,0.2784379194630872,,,,,2.9245878429641694
2016-10-28,0.2776778523489933,,,,,2.9256490141698897
2016-10-31,0.2756510067114094,,,,,2.9405054110499687
2016-11-01,0.2761577181208053,,,,,2.950055951901448
2016-11-02,0.2728640939597315,,,,,2.976585232044447
2016-11-03,0.2718506711409396,,,,,2.9840134304844863
2016-11-04,0.2698238255033557,,,0.9716414063305496,,2.962790006370087
2016-11-07,0.2723573825503355,,,0.9696981235178884,,2.9606676639586476
2016-11-08,0.2743842281879194,,,0.976499613362202,,2.9521782943128883
2016-11-09,0.2672902684563758,,,0.9696981235178884,,3.0338884771533237
2016-11-10,0.2756510067114094,,,0.983301103206516,,2.9776464032501666
2016-11-11,0.2715973154362416,,,0.9862160274255076,,2.930954870198489
2016-11-14,0.2723573825503355,,,0.9871876688318384,,2.8450000025351736
2016-11-15,0.2721040268456376,,,0.9949608000824828,,2.8768351387067717
2016-11-16,0.2789446308724832,,,0.993989158676152,,2.889569193175411
2016-11-17,0.2781845637583893,,,0.9910742344571604,,2.880018652323932
2016-11-18,0.2784379194630872,,,0.9881593102381688,,2.8450000025351736
2016-11-21,0.2781845637583893,,,0.9910742344571604,,2.873651625089612
2016-11-22,0.282491610738255,,,0.998847365707805,,2.875773967501052
2016-11-23,0.283251677852349,,,0.993989158676152,,2.8789574811182117
2016-11-24,0.2840117449664429,,,0.9852443860191772,,2.8460611737408934
2016-11-25,0.2865453020134228,,,0.9842727446128464,,2.823776578420775
2016-11-28,0.2943993288590604,,,0.9862160274255076,,2.8428776601237336
2016-11-29,0.2867986577181208,,,0.979414537581194,,2.8312047768608144
2016-11-30,0.2913590604026845,,,0.974556330549541,,2.816348379980735
2016-12-01,0.282998322147651,,,0.9755279719558716,,2.798308469483496
2016-12-02,0.2779312080536912,,,0.968726482111558,,2.793002613454896
2016-12-05,0.2776778523489933,,,0.9628966336735746,,2.791941442249176
2016-12-06,0.2807181208053691,,,0.9560951438292608,,2.7876967574262963
2016-12-07,0.2817315436241611,,,0.9667831992988968,,2.783452072603417
2016-12-08,0.2895855704697986,,,0.9580384266419218,,2.8057366679235356
2016-12-09,0.2847718120805369,,,0.9570667852355912,,2.8004308118949357
2016-12-12,0.2880654362416107,,,0.8987683008557583,,2.7855744150148567
2016-12-13,0.2878120805369127,,,0.9026548664810804,,2.7866355862205765
2016-12-14,0.2946526845637583,,,0.8968250180430972,,2.799369640689216
2016-12-15,0.2933859060402684,,,0.9084847149190638,,2.7707180181347777
2016-12-16,0.2943993288590604,,,0.9211160532013608,,2.7579839636661383
2016-12-19,0.2943993288590604,,,0.9084847149190638,,2.7696568469290574
2016-12-20,0.2964261744966442,,,0.9162578461697082,,2.7526781076375384
2016-12-21,0.3075738255033557,,,0.9220876946076916,,2.7473722516089385
2016-12-22,0.3098540268456376,,,0.9211160532013608,,2.7314546835231392
2016-12-23,0.3093473154362416,,,0.9133429219507164,,2.7325158547288595
2016-12-26,0.3270822147651006,,,0.9172294875760388,,2.745249909197499
2016-12-27,0.3255620805369127,,,0.9162578461697082,,2.7526781076375384
2016-12-28,0.3222684563758389,,,0.912371280544386,,2.759045134871858
2016-12-29,0.3182147651006711,,,0.9084847149190638,,2.767534504517618
2016-12-30,0.319481543624161,,,0.9113996391380554,,2.784513243809137
2017-01-03,0.3146677852348993,,,0.9172294875760388,,2.779207387780537
2017-01-04,0.3090939597315436,,,0.9298608258583358,,2.7855744150148567
2017-01-05,0.3047869127516778,,,0.9269459016393442,,2.7866355862205765
2017-01-06,0.2989597315436241,,,0.9279175430456748,,2.7876967574262963
2017-01-09,0.3002265100671141,,,0.931804108670997,,2.7972472982777763
2017-01-10,0.3032667785234899,,,0.9279175430456748,,2.8248377496264947
2017-01-11,0.3113741610738255,,,0.923059336014022,,2.8280212632436545
2017-01-12,0.3189748322147651,,,0.9172294875760388,,2.833327119272254
2017-01-13,0.3139077181208053,,,0.9084847149190638,,2.8258989208322145
2017-01-16,0.3146677852348993,,,0.8832220383544696,,2.8481835161523334
2017-01-17,0.3164412751677852,,,0.8890518867924528,,2.8630399130324125
2017-01-18,0.3123875838926174,,,0.8880802453861223,,2.857734057003813
2017-01-19,0.3078271812080537,,,0.8793354727291474,,2.823776578420775
2017-01-20,0.3073204697986577,,,0.8764205485101557,,2.832265948066534
2017-01-23,0.3060536912751678,,,0.8861369625734612,,2.8460611737408934
2017-01-24,0.3037734899328859,,,0.8803071141354779,,2.840755317712294
2017-01-25,0.3063070469798657,,,0.8832220383544696,,2.818470722392175
2017-01-26,0.319734899328859,,,0.8909951696051139,,2.8036143255120956
2017-02-03,0.3151744966442953,,,0.8890518867924528,,2.836510632889414
2017-02-06,0.3177080536912751,,,0.8987683008557583,,2.8641010842381323
2017-02-07,0.3174546979865771,,,0.9007115836684194,,2.8885080219696913
2017-02-08,0.3189748322147651,,,0.9045981492937416,,2.891691535586851
2017-02-09,0.319228187919463,,,0.9133429219507164,,2.9044255900554905
2017-02-10,0.3210016778523489,,,0.912371280544386,,2.874712796295332
2017-02-13,0.3217617449664429,,,0.9162578461697082,,2.895936220409731
2017-02-14,0.3217617449664429,,,0.9152862047633776,,2.8885080219696913
2017-02-15,0.320494966442953,,,0.9094563563253945,,2.877896309912492
2017-02-16,0.321255033557047,,,0.9143145633570472,,2.891691535586851
2017-02-17,0.3273355704697986,,,0.9084847149190638,,2.9054867612612103
2017-02-20,0.3291090604026845,,,0.9162578461697082,,2.898058562821171
2017-02-21,0.3291090604026845,,,0.9259742602330135,,2.9044255900554905
2017-02-22,0.3306291946308725,,,0.9259742602330135,,2.9054867612612103
2017-02-23,0.3306291946308725,,,0.9279175430456748,,2.907609103672651
2017-02-24,0.3278422818791946,,,0.931804108670997,,2.9436889246671285
2017-02-27,0.3275889261744966,,,0.9250026188266832,,2.9574841503414877
2017-02-28,0.3286023489932885,,,0.9259742602330135,,2.9447500958728483
2017-03-01,0.3288557046979866,,,0.9288891844520052,,2.9256490141698897
2017-03-02,0.3293624161073825,,,0.923059336014022,,2.930954870198489
2017-03-03,0.3283489932885906,,,0.9288891844520052,,2.9097314460840904
2017-03-06,0.3306291946308725,,,0.9395772399216412,,2.9118537884955304
2017-03-07,0.3296157718120805,,,0.940548881327972,,2.9054867612612103
2017-03-08,0.3275889261744966,,,0.9366623157026496,,2.889569193175411
2017-03-09,0.3275889261744966,,,0.9308324672646664,,2.8704681114724524
2017-03-10,0.3278422818791946,,,0.931804108670997,,2.8524282009752135
2017-03-13,0.3280956375838926,,,0.942492164140633,,2.872590453883892
2017-03-14,0.3286023489932885,,,0.9366623157026496,,2.8641010842381323
2017-03-15,0.3286023489932885,,,0.9356906742963192,,2.8672845978552925
2017-03-16,0.3296157718120805,,,0.9473503711722856,,2.90654793246693
2017-03-17,0.3288557046979866,,,0.9395772399216412,,2.9044255900554905
2017-03-20,0.3288557046979866,,,0.942492164140633,,2.9203431581412893
2017-03-21,0.3296157718120805,,,0.9454070883596246,,2.90654793246693
2017-03-22,0.3255620805369127,,,0.940548881327972,,2.934138383815649
2017-03-23,0.3258154362416107,,,0.9395772399216412,,2.9351995550213688
2017-03-24,0.3237885906040268,,,0.942492164140633,,2.9267101853756095
2017-03-27,0.3210016778523489,,,0.940548881327972,,2.956422979135768
2017-03-28,0.3227751677852349,,,0.9386055985153108,,2.954300636724328
2017-03-29,0.3278422818791946,,,0.9298608258583358,,2.9468724382842884
2017-03-30,0.3237885906040268,,,0.912371280544386,,2.9447500958728483
2017-03-31,0.3265755033557047,,,0.9143145633570472,,2.9245878429641694
2017-04-05,0.3255620805369127,,,0.9366623157026496,,2.954300636724328
2017-04-06,0.3245486577181208,,,0.9376339571089802,,2.954300636724328
2017-04-07,0.3248020134228188,,,0.9376339571089802,,2.9840134304844863
2017-04-10,0.3253087248322148,,,0.9279175430456748,,2.9691570336044073
2017-04-11,0.3255620805369127,,,0.9347190328899886,,2.970218204810127
2017-04-12,0.3250553691275167,,,0.9288891844520052,,2.9988698273645658
2017-04-13,0.3230285234899329,,,0.931804108670997,,3.015848566656085
2017-04-14,0.3217617449664429,,,0.9211160532013608,,3.026460278713284
2017-04-17,0.3154278523489933,,,0.9045981492937416,,3.0169097378618046
2017-04-18,0.3179614093959731,,,0.8987683008557583,,3.0084203682160453
2017-04-19,0.3118808724832215,,,0.8871086039797917,,3.009481539421765
2017-04-20,0.3128942953020134,,,0.8812787555418085,,3.0073591970103255
2017-04-21,0.3131476510067114,,,0.8812787555418085,,3.004175683393165
2017-04-24,0.3255620805369127,,,0.8744772656974946,,2.9840134304844863
2017-04-25,0.3329093959731544,,,0.8560160789772141,,2.9861357728959264
2017-04-26,0.3344295302013423,,,0.8579593617898752,,2.972340547221567
2017-04-27,0.3296157718120805,,,0.8608742860088668,,2.976585232044447
2017-04-28,0.3321493288590604,,,0.8667041344468502,,2.9818910880730467
2017-05-02,0.3331627516778523,,,0.8667041344468502,,2.9606676639586476
2017-05-03,0.3321493288590604,,,0.8657324930405196,,2.955361807930048
2017-05-04,0.3318959731543624,,,0.8628175688215279,,2.9118537884955304
2017-05-05,0.3313892617449664,,,0.8521295133518919,,2.91079261728981
2017-05-08,0.3341761744966443,,,0.8356116094442726,,2.9012420764383307
2017-05-09,0.3336694630872483,,,0.8394981750695948,,2.899119734026891
2017-05-10,0.3344295302013423,,,0.8249235539746366,,2.8853245083525314
2017-05-11,0.3344295302013423,,,0.8161787813176615,,2.889569193175411
2017-05-12,0.3331627516778523,,,0.8161787813176615,,2.896997391615451
2017-05-15,0.3324026845637584,,,0.8171504227239921,,2.91079261728981
2017-05-16,0.3334161073825503,,,0.8356116094442726,,2.91397613090697
2017-05-17,0.3280956375838926,,,0.8375548922569337,,2.9277713565813293
2017-05-18,0.3258154362416107,,,0.832696685225281,,2.950055951901448
2017-05-19,0.3260687919463087,0.999,,0.8307534024126199,,2.9436889246671285
2017-05-22,0.3255620805369127,0.995,,0.8171504227239921,,2.945811267078568
2017-05-23,0.3273355704697986,0.98,,0.7918877461593978,,2.9659735199872475
2017-05-24,0.3270822147651006,0.991,,0.79577431178472,,2.934138383815649
2017-05-25,0.3293624161073825,0.991,,0.8016041602227033,,2.953239465518608
2017-05-26,0.3336694630872483,0.982,,0.804519084441695,,2.950055951901448
2017-05-31,0.3341761744966443,0.985,,0.806462367254356,,2.936260726227089
2017-06-01,0.3329093959731544,0.968,,0.7782847664707702,,2.937321897432809
2017-06-02,0.3364563758389262,0.98,,0.7889728219404063,,2.9298936989927693
2017-06-05,0.338736577181208,0.984,,0.7948026703783895,,2.9659735199872475
2017-06-06,0.3369630872483221,0.988,,0.7977175945973811,,2.9829522592787665
2017-06-07,0.3336694630872483,1.006,,0.8171504227239921,,2.988258115307366
2017-06-08,0.3344295302013423,1.002,,0.815207139911331,,2.9755240608387266
2017-06-09,0.3351895973154362,1.002,,0.8171504227239921,,2.9468724382842884
2017-06-12,0.3298691275167785,0.991,,0.8035474430353644,,2.934138383815649
2017-06-13,0.3268288590604027,1.003,,0.8171504227239921,,2.932016041404209
2017-06-14,0.3280956375838926,1.0,,0.8161787813176615,,2.9436889246671285
2017-06-15,0.3237885906040268,1.014,,0.8297817610062893,,2.9203431581412893
2017-06-16,0.3242953020134228,1.01,,0.8297817610062893,,2.9214043293470096
2017-06-19,0.3240419463087248,1.013,,0.8336683266316115,,2.91397613090697
2017-06-20,0.3296157718120805,1.016,,0.8317250438189504,,2.9044255900554905
2017-06-21,0.3255620805369127,1.016,,0.832696685225281,,2.907609103672651
2017-06-22,0.3293624161073825,1.003,,0.8181220641303226,,2.92246550055273
2017-06-23,0.3291090604026845,1.006,,0.8210369883493143,,2.9277713565813293
2017-06-26,0.3298691275167785,1.014,,0.8307534024126199,,2.930954870198489
2017-06-27,0.3291090604026845,1.013,,0.8288101195999588,,2.91397613090697
2017-06-28,0.3222684563758389,1.006,,0.8249235539746366,,2.91079261728981
2017-06-29,0.3248020134228188,1.011,,0.8278384781936282,,2.9044255900554905
2017-06-30,0.319988255033557,1.015,,0.8307534024126199,,2.8789574811182117
2017-07-03,0.319988255033557,,,0.8385265336632642,,2.865162255443853
2017-07-04,0.3161879194630872,,,0.834639968037942,,2.8460611737408934
2017-07-05,0.3177080536912751,,,0.8424130992885864,,2.8460611737408934
2017-07-06,0.3189748322147651,,,0.8462996649139086,,2.850305858563773
2017-07-07,0.3172013422818792,,,0.8462996649139086,,2.8450000025351736
2017-07-10,0.3189748322147651,,,0.8414414578822559,,2.8067978391292554
2017-07-11,0.320494966442953,,,0.8307534024126199,,2.819531893597895
2017-07-12,0.3222684563758389,,,0.8297817610062893,,2.830143605655094
2017-07-13,0.3263221476510067,,,0.8297817610062893,,2.839694146506574
2017-07-14,0.3248020134228188,,,0.8278384781936282,,2.823776578420775
2017-07-17,0.3260687919463087,,,0.7821713320960925,,2.8492446873580533
2017-07-18,0.3255620805369127,0.933,,0.7918877461593978,,2.857734057003813
2017-07-19,0.3278422818791946,0.942,,0.8016041602227033,,2.860917570620973
2017-07-20,0.3318959731543624,0.945,,0.8054907258480255,,2.8598563994152526
2017-07-21,0.3308825503355704,0.943,,0.8054907258480255,,2.8768351387067717
2017-07-24,0.3298691275167785,0.944,,0.8113205742860088,,2.883202165941092
2017-07-25,0.3316426174496644,0.945,,0.8113205742860088,,2.8874468507639715
2017-07-26,0.3306291946308725,0.941,,0.8103489328796782,,2.860917570620973
2017-07-27,0.3326560402684563,0.978,,0.823951912568306,,2.893813877998291
2017-07-28,0.3293624161073825,0.97,,0.8249235539746366,,2.889569193175411
2017-07-31,0.3298691275167785,0.973,,0.8307534024126199,,2.899119734026891
2017-08-01,0.3296157718120805,0.974,,0.8307534024126199,,2.898058562821171
2017-08-02,0.3311359060402684,0.966,,0.8249235539746366,,2.895936220409731
2017-08-03,0.3293624161073825,0.971,,0.8278384781936282,,2.8853245083525314
2017-08-04,0.3280956375838926,0.964,,0.823951912568306,,2.9023032476440505
2017-08-07,0.3301224832214764,0.969,,0.8317250438189504,,2.877896309912492
2017-08-08,0.3306291946308725,0.987,,0.834639968037942,,2.873651625089612
2017-08-09,0.3293624161073825,0.988,,0.8365832508506031,,2.882140994735372
2017-08-10,0.3278422818791946,0.982,,0.8307534024126199,,2.9023032476440505
2017-08-11,0.3217617449664429,0.977,,0.8171504227239921,,2.91503730211269
2017-08-14,0.3240419463087248,1.001,,0.8453280235075781,,2.91715964452413
2017-08-15,0.3278422818791946,1.003,,0.8394981750695948,,2.895936220409731
2017-08-16,0.3278422818791946,1.018,,0.8443563821012475,,2.8906303643811313
2017-08-17,0.3268288590604027,1.027,,0.8511578719455614,,2.91715964452413
2017-08-18,0.3237885906040268,1.017,,0.8462996649139086,,2.92246550055273
2017-08-21,0.3258154362416107,1.019,,0.8531011547582225,,2.91609847331841
2017-08-22,0.3225218120805369,1.013,,0.8472713063202392,,2.91503730211269
2017-08-23,0.3245486577181208,1.008,,0.8424130992885864,,2.91715964452413
2017-08-24,0.3227751677852349,1.003,,0.8375548922569337,,2.91609847331841
2017-08-25,0.3230285234899329,1.014,,0.8462996649139086,,2.91715964452413
2017-08-28,0.3222684563758389,1.029,,0.8521295133518919,,2.9330772126099287
2017-08-29,0.3225218120805369,1.021,,0.8521295133518919,,2.962790006370087
2017-08-30,0.3225218120805369,1.025,,0.8560160789772141,,2.9298936989927693
2017-08-31,0.3255620805369127,1.034,,0.8589310031962057,,2.9256490141698897
2017-09-01,0.3278422818791946,1.043,,0.8667041344468502,,2.9447500958728483
2017-09-04,0.3260687919463087,1.05,,0.8725339828848335,,2.971279376015847
2017-09-05,0.3260687919463087,1.054,,0.8696190586658419,,2.9649123487815277
2017-09-06,0.3225218120805369,1.064,,0.8773921899164863,,2.970218204810127
2017-09-07,0.3222684563758389,1.057,,0.8735056242911641,,2.959606492752928
2017-09-08,0.3217617449664429,1.054,,0.8754489071038252,,2.971279376015847
2017-09-11,0.319988255033557,1.062,,0.8861369625734612,,2.959606492752928
2017-09-12,0.3217617449664429,1.053,,0.8841936797608001,,2.9468724382842884
2017-09-13,0.3225218120805369,1.057,,0.8861369625734612,,2.950055951901448
2017-09-14,0.3232818791946308,1.052,,0.882250396948139,,2.9426277534614087
2017-09-15,0.3227751677852349,1.05,,0.8812787555418085,,2.9574841503414877
2017-09-18,0.3255620805369127,1.061,,0.8880802453861223,,2.934138383815649
2017-09-19,0.3258154362416107,1.054,,0.8851653211671306,,2.934138383815649
2017-09-20,0.3260687919463087,1.06,,0.8919668110114445,,2.9351995550213688
2017-09-21,0.3260687919463087,1.05,,0.8812787555418085,,2.9086702748783706
2017-09-22,0.3242953020134228,1.046,,0.8793354727291474,,2.91079261728981
2017-09-25,0.3235352348993288,1.033,,0.8657324930405196,,2.91079261728981
2017-09-26,0.3215083892617449,1.032,,0.8667041344468502,,2.950055951901448
2017-09-27,0.3222684563758389,1.04,,0.8744772656974946,,2.9245878429641694
2017-09-28,0.3255620805369127,1.04,,0.8696190586658419,,2.9054867612612103
2017-09-29,0.3248020134228188,1.046,,0.8783638313228168,,2.92246550055273
2017-10-09,0.3303758389261745,1.061,,0.8900235281987834,,2.9054867612612103
2017-10-10,0.3298691275167785,1.075,,0.8977966594494278,,2.90654793246693
2017-10-11,0.3298691275167785,1.068,,0.8939100938241056,,2.9012420764383307
2017-10-12,0.3303758389261745,1.067,,0.8909951696051139,,2.9118537884955304
2017-10-13,0.3296157718120805,1.081,,0.8939100938241056,,2.91503730211269
2017-10-16,0.3303758389261745,1.059,,0.8764205485101557,,2.9267101853756095
2017-10-17,0.3349362416107382,1.054,,0.8764205485101557,,2.91397613090697
2017-10-18,0.3351895973154362,1.05,,0.8686474172595113,,2.900180905232611
2017-10-19,0.3334161073825503,1.046,,0.8618459274151974,,2.8948750492040114
2017-10-20,0.3334161073825503,1.056,,0.8696190586658419,,2.895936220409731
2017-10-23,0.3356963087248322,1.066,,0.8744772656974946,,2.8853245083525314
2017-10-24,0.3341761744966443,1.067,,0.8686474172595113,,2.8948750492040114
2017-10-25,0.3339228187919463,1.075,,0.8735056242911641,,2.883202165941092
2017-10-26,0.3331627516778523,1.074,,0.8793354727291474,,2.892752706792571
2017-10-27,0.3339228187919463,1.065,,0.8735056242911641,,2.875773967501052
2017-10-30,0.3415234899328859,1.045,,0.8521295133518919,,2.875773967501052
2017-10-31,0.3450704697986577,1.051,,0.8569877203835446,,2.882140994735372
2017-11-01,0.3470973154362416,1.053,,0.8579593617898752,,2.873651625089612
2017-11-02,0.3455771812080537,1.039,,0.8501862305392308,,2.875773967501052
2017-11-03,0.3463372483221476,1.032,,0.8424130992885864,,2.880018652323932
2017-11-06,0.3470973154362416,1.04,,0.8492145891329003,,2.871529282678172
2017-11-07,0.3491241610738255,1.044,,0.854072796164553,,2.8853245083525314
2017-11-08,0.3486174496644295,1.05,,0.8569877203835446,,2.889569193175411
2017-11-09,0.3493775167785234,1.06,,0.8608742860088668,,2.899119734026891
2017-11-10,0.3493775167785234,1.069,,0.864760851634189,,2.9023032476440505
2017-11-13,0.3481107382550336,1.072,,0.8657324930405196,,2.8948750492040114
2017-11-14,0.3491241610738255,1.065,,0.8589310031962057,,2.889569193175411
2017-11-15,0.3486174496644295,1.053,,0.8531011547582225,,2.898058562821171
2017-11-16,0.3483640939597315,1.059,,0.8511578719455614,,2.8906303643811313
2017-11-17,0.3496308724832214,1.035,,0.7986892360037117,,2.898058562821171
2017-11-20,0.3473506711409396,1.047,,0.8249235539746366,,2.9097314460840904
2017-11-21,0.3481107382550336,1.045,,0.823951912568306,,2.8906303643811313
2017-11-22,0.3519110738255033,1.044,,0.823951912568306,,2.8885080219696913
2017-11-23,0.3498842281879195,1.014,,0.806462367254356,,2.892752706792571
2017-11-24,0.3501375838926174,1.008,,0.8084056500670171,,2.893813877998291
2017-11-27,0.3508976510067114,0.992,,0.7986892360037117,,2.895936220409731
2017-11-28,0.3506442953020134,1.013,,0.8122922156923393,,2.9033644188497707
2017-11-29,0.3536845637583892,1.009,,0.8132638570986699,,2.9033644188497707
2017-11-30,0.3491241610738255,0.999,,0.8103489328796782,,2.8842633371468116
2017-12-01,0.3514043624161074,1.016,,0.8161787813176615,,2.8683457690610124
2017-12-04,0.3529244966442953,1.013,,0.806462367254356,,2.8641010842381323
2017-12-05,0.3445637583892618,0.992,,0.7880011805340758,,2.8672845978552925
2017-12-06,0.3438036912751678,1.005,,0.79577431178472,,2.8513670297694933
2017-12-07,0.3455771812080537,1.002,,0.7948026703783895,,2.834388290477974
2017-12-08,0.3496308724832214,1.01,,0.7977175945973811,,2.815287208775015
2017-12-11,0.3508976510067114,1.025,,0.8084056500670171,,2.8174095511864548
2017-12-12,0.3534312080536912,1.013,,0.7986892360037117,,2.8121036951578553
2017-12-13,0.3529244966442953,1.017,,0.806462367254356,,2.813164866363575
2017-12-14,0.3534312080536912,1.012,,0.8084056500670171,,2.837571804095134
2017-12-15,0.3536845637583892,1.007,,0.806462367254356,,2.833327119272254
2017-12-18,0.3546979865771811,1.004,,0.8006325188163728,,2.836510632889414
2017-12-19,0.358244966442953,1.013,,0.8054907258480255,,2.8492446873580533
2017-12-20,0.357231543624161,1.004,,0.7977175945973811,,2.8418164889180138
2017-12-21,0.3531778523489932,1.009,,0.7977175945973811,,2.840755317712294
2017-12-22,0.3534312080536912,1.003,,0.7967459531910506,,2.840755317712294
2017-12-25,0.3539379194630872,0.99,,0.7870295391277452,,2.858795228209533
2017-12-26,0.3541912751677852,0.99,,0.7938310289720589,,2.858795228209533
2017-12-27,0.3506442953020134,0.984,,0.7918877461593978,,2.8662234266495727
2017-12-28,0.3511510067114093,0.984,,0.7909161047530673,,2.872590453883892
2017-12-29,0.3511510067114093,0.989,,0.7986892360037117,,2.873651625089612
2018-01-02,0.3539379194630872,0.996,,0.8074340086606866,,2.896997391615451
2018-01-03,0.3541912751677852,1.01,,0.8142354985050004,,2.9023032476440505
2018-01-04,0.3567248322147651,1.011,,0.8142354985050004,,2.895936220409731
2018-01-05,0.3546979865771811,1.013,,0.815207139911331,,2.907609103672651
2018-01-08,0.359005033557047,1.015,,0.8161787813176615,,2.907609103672651
2018-01-09,0.3607785234899328,1.014,,0.815207139911331,,2.91503730211269
2018-01-10,0.3630587248322148,1.009,,0.8113205742860088,,2.9033644188497707
2018-01-11,0.3630587248322148,1.015,,0.8161787813176615,,2.9203431581412893
2018-01-12,0.3640721476510067,1.005,,0.8122922156923393,,2.930954870198489
2018-01-15,0.3671124161073825,0.976,,0.7899444633467367,,2.9351995550213688
2018-01-16,0.3676191275167785,0.975,,0.7918877461593978,,2.930954870198489
2018-01-17,0.3660989932885906,0.983,,0.7909161047530673,,2.9245878429641694
2018-01-18,0.3683791946308725,0.98,,0.7909161047530673,,2.907609103672651
2018-01-19,0.3676191275167785,0.974,,0.7880011805340758,,2.900180905232611
2018-01-22,0.3666057046979866,0.999,,0.7996608774100422,,2.900180905232611
2018-01-23,0.3704060402684563,0.997,,0.7986892360037117,,2.91079261728981
2018-01-24,0.3739530201342281,1.024,,0.8084056500670171,,2.92246550055273
2018-01-25,0.3696459731543624,1.021,,0.806462367254356,,2.9351995550213688
2018-01-26,0.3711661073825503,1.029,,0.804519084441695,,2.91503730211269
2018-01-29,0.3744597315436241,1.017,,0.79577431178472,,2.9012420764383307
2018-01-30,0.3714194630872483,1.007,,0.7938310289720589,,2.8768351387067717
2018-01-31,0.3673657718120805,0.981,,0.774398200845448,,2.881079823529652
2018-02-01,0.3671124161073825,0.96,,0.744277317249201,,2.875773967501052
2018-02-02,0.3666057046979866,0.965,,0.7394191102175482,,2.877896309912492
2018-02-05,0.3529244966442953,0.956,,0.737475827404887,,2.847122344946613
2018-02-06,0.3326560402684563,0.905,,0.7024967367769873,,2.8694069402667326
2018-02-07,0.3372164429530201,0.916,,0.7024967367769873,,2.832265948066534
2018-02-08,0.338736577181208,0.928,,0.7122131508402928,,2.8216542360093344
2018-02-09,0.3232818791946308,0.901,,0.6898653984946901,,2.835449461683694
2018-02-12,0.3354429530201342,0.933,,0.7102698680276317,,2.837571804095134
2018-02-13,0.3412701342281879,0.932,,0.7122131508402928,,2.8513670297694933
2018-02-14,0.3435503355704698,0.931,,0.7141564336529539,,2.872590453883892
2018-02-22,0.3508976510067114,0.949,,0.7248444891225899,,2.8481835161523334
2018-02-23,0.3546979865771811,0.945,,0.7258161305289205,,2.857734057003813
2018-02-26,0.3648322147651006,0.978,,0.7433056758428704,,2.871529282678172
2018-02-27,0.3704060402684563,0.987,,0.7481638828745232,,2.857734057003813
2018-02-28,0.3628053691275167,0.991,,0.7491355242808537,,2.836510632889414
2018-03-01,0.3615385906040269,1.012,,0.7598235797504898,,2.833327119272254
2018-03-02,0.359005033557047,1.001,,0.7569086555314981,,2.847122344946613
2018-03-05,0.3597651006711409,1.014,,0.7607952211568203,,2.855611714592373
2018-03-06,0.3625520134228188,1.014,,0.7685683524074647,,2.8513670297694933
2018-03-07,0.3653389261744966,1.008,,0.7627385039694814,,2.865162255443853
2018-03-08,0.3650855704697986,1.014,,0.7675967110011341,,2.858795228209533
2018-03-09,0.3655922818791946,1.05,,0.7821713320960925,,2.8418164889180138
2018-03-12,0.3739530201342281,1.063,,0.7918877461593978,,2.8428776601237336
2018-03-13,0.3731929530201342,1.057,,0.7880011805340758,,2.8428776601237336
2018-03-14,0.3693926174496644,1.04,,0.7782847664707702,,2.8460611737408934
2018-03-15,0.3711661073825503,1.044,,0.7773131250644396,,2.8428776601237336
2018-03-16,0.3731929530201342,1.029,,0.7782847664707702,,2.834388290477974
2018-03-19,0.3714194630872483,1.041,,0.7782847664707702,,2.822715407215055
2018-03-20,0.3635654362416107,1.053,,0.7773131250644396,,2.833327119272254
2018-03-21,0.3653389261744966,1.037,,0.7734265594391174,,2.833327119272254
2018-03-22,0.3658456375838926,1.026,,0.7714832766264563,,2.856672885798093
2018-03-23,0.3519110738255033,0.978,,0.7326176203732343,,2.8874468507639715
2018-03-26,0.3539379194630872,1.007,,0.7423340344365399,,2.8842633371468116
2018-03-27,0.3562181208053691,1.042,,0.7646817867821425,,2.882140994735372
2018-03-28,0.3488708053691275,1.036,,0.7588519383441592,,2.8672845978552925
2018-03-29,0.3432969798657718,1.04,,0.7646817867821425,,2.833327119272254
2018-03-30,0.3450704697986577,1.072,,0.7763414836581091,,2.836510632889414
2018-04-02,0.3450704697986577,1.072,,0.7802280492834313,,2.840755317712294
2018-04-03,0.3438036912751678,1.059,,0.7714832766264563,,2.860917570620973
2018-04-04,0.3440570469798658,1.038,,0.7666250695948036,,2.855611714592373
2018-04-09,0.3435503355704698,1.04,,0.7666250695948036,,2.8513670297694933
2018-04-10,0.3465906040268456,1.037,,0.7675967110011341,,2.8524282009752135
2018-04-11,0.3498842281879195,1.037,,0.7734265594391174,,2.871529282678172
2018-04-12,0.3496308724832214,1.033,,0.7695399938137952,,2.880018652323932
2018-04-13,0.3483640939597315,1.031,,0.7675967110011341,,2.8630399130324125
2018-04-16,0.3486174496644295,1.037,,0.7675967110011341,,2.8672845978552925
2018-04-17,0.3511510067114093,1.011,,0.7510788070935148,,2.875773967501052
2018-04-18,0.3546979865771811,1.031,,0.7617668625631508,,2.8704681114724524
2018-04-19,0.3549513422818792,1.03,,0.7637101453758119,,2.877896309912492
2018-04-20,0.3524177852348993,1.01,,0.7491355242808537,,2.8662234266495727
2018-04-23,0.3483640939597315,0.989,,0.7403907516238788,,2.8524282009752135
2018-04-24,0.3516577181208053,1.021,,0.7559370141251676,,2.8460611737408934
2018-04-25,0.3443104026845637,1.028,,0.7578802969378287,,2.8428776601237336
2018-04-26,0.3465906040268456,1.008,,0.7462206000618621,,2.843938831329454
2018-04-27,0.3476040268456376,1.022,,0.744277317249201,,2.838632975300854
2018-05-02,0.3496308724832214,1.021,,0.7433056758428704,,2.8290824344493744
2018-05-03,0.3496308724832214,1.032,,0.7491355242808537,,2.830143605655094
2018-05-04,0.3536845637583892,1.027,,0.7491355242808537,,2.833327119272254
2018-05-07,0.357231543624161,1.046,,0.7607952211568203,,2.839694146506574
2018-05-08,0.358244966442953,1.049,,0.7637101453758119,,2.835449461683694
2018-05-09,0.3610318791946308,1.048,,0.7627385039694814,,2.833327119272254
2018-05-10,0.3648322147651006,1.054,,0.7675967110011341,,2.836510632889414
2018-05-11,0.3711661073825503,1.037,,0.7617668625631508,,2.838632975300854
2018-05-14,0.3714194630872483,1.035,,0.754965372718837,,2.837571804095134
2018-05-15,0.3729395973154362,1.051,,0.7627385039694814,,2.823776578420775
2018-05-16,0.3698993288590604,1.045,,0.7588519383441592,,2.7972472982777763
2018-05-17,0.3721795302013423,1.037,,0.7559370141251676,,2.784513243809137
2018-05-18,0.3714194630872483,1.039,,0.7588519383441592,,2.7866355862205765
2018-05-21,0.3747130872483221,1.053,,0.765653428188473,,2.781329730191977
2018-05-22,0.3716728187919463,1.06,,0.7695399938137952,,2.7887579286320165
2018-05-23,0.3668590604026845,1.044,,0.7627385039694814,,2.791941442249176
2018-05-24,0.3693926174496644,1.04,,0.7598235797504898,,2.807859010334975
2018-05-25,0.3698993288590604,1.023,,0.7501071656871843,,2.8205930648036146
2018-05-28,0.3749664429530201,1.018,,0.744277317249201,,2.8099813527464157
2018-05-29,0.3729395973154362,1.006,,0.7394191102175482,,2.819531893597895
2018-05-30,0.3704060402684563,0.981,,0.7170713578719455,,2.8280212632436545
2018-05-31,0.3742063758389262,0.991,,0.726787771935251,,2.8290824344493744
2018-06-01,0.3739530201342281,0.973,,0.7190146406846066,,2.8216542360093344
2018-06-04,0.3828204697986577,0.968,,0.7199862820909372,,2.807859010334975
2018-06-05,0.3863674496644295,0.992,,0.726787771935251,,2.8025531543063757
2018-06-06,0.3891543624161074,0.992,,0.7248444891225899,,2.8099813527464157
2018-06-07,0.3901677852348993,0.984,,0.7229012063099288,,2.808920181540695
2018-06-08,0.3851006711409396,0.974,,0.7141564336529539,,2.807859010334975
2018-06-11,0.3883942953020134,0.962,,0.7102698680276317,,2.8142260375692953
2018-06-12,0.3889010067114093,0.976,,0.7131847922466233,,2.8110425239521355
2018-06-13,0.3916879194630872,0.96,,0.7034683781833179,,2.808920181540695
2018-06-14,0.3911812080536913,0.953,,0.6995818125579957,,2.8216542360093344
2018-06-15,0.4003020134228188,0.935,,0.6850071914630373,,2.8248377496264947
2018-06-19,0.3889010067114093,0.887,,0.6354534797401794,,2.8004308118949357
2018-06-20,0.3937147651006711,0.894,,0.6451698938034849,,2.791941442249176
2018-06-21,0.4013154362416107,0.871,,0.6305952727085267,,2.782390901397697
2018-06-22,0.3995419463087248,0.887,,0.6393400453655016,,2.794063784660616
2018-06-25,0.3990352348993288,0.881,,0.63642512114651,,2.801491983100656
2018-06-26,0.3896610738255033,0.895,,0.6412833281781627,,2.8036143255120956
2018-06-27,0.3896610738255033,0.885,,0.63642512114651,,2.8046754967178154
2018-06-28,0.3878875838926174,0.883,,0.6296236313021961,,2.7972472982777763
2018-06-29,0.3965016778523489,0.92,,0.6500281008351376,,2.8046754967178154
2018-07-02,0.3939681208053691,0.911,,0.6393400453655016,,2.8099813527464157
2018-07-03,0.3980218120805369,0.918,,0.6461415352098154,,2.8110425239521355
2018-07-04,0.3982751677852349,0.896,,0.63642512114651,,2.815287208775015
2018-07-05,0.3977684563758389,0.878,,0.6228221414578823,,2.819531893597895
2018-07-06,0.4028355704697987,0.883,,0.6218505000515517,,2.822715407215055
2018-07-09,0.4071426174496644,0.906,,0.6335101969275183,,2.8216542360093344
2018-07-10,0.4109429530201342,0.912,,0.6393400453655016,,2.815287208775015
2018-07-11,0.413476510067114,0.898,,0.6237937828642128,,2.819531893597895
2018-07-12,0.414743288590604,0.928,,0.6403116867718321,,2.8110425239521355
2018-07-13,0.4182902684563758,0.928,,0.6441982523971543,,2.808920181540695
2018-07-16,0.4213305369127517,0.93,,0.6432266109908238,,2.813164866363575
2018-07-17,0.4117030201342281,0.931,,0.6461415352098154,,2.8057366679235356
2018-07-18,0.414996644295302,0.922,,0.6432266109908238,,2.7802685589862572
2018-07-19,0.4155033557046979,0.913,,0.6354534797401794,,2.794063784660616
2018-07-20,0.4155033557046979,0.924,,0.6403116867718321,,2.799369640689216
2018-07-23,0.4122097315436241,0.925,,0.647113176616146,,2.813164866363575
2018-07-24,0.4190503355704698,0.933,,0.6578012320857821,,2.8110425239521355
2018-07-25,0.4185436241610737,0.936,,0.6578012320857821,,2.813164866363575
2018-07-26,0.4225973154362415,0.925,,0.6548863078667904,,2.8142260375692953
2018-07-27,0.4256375838926174,0.916,,0.6509997422414682,,2.813164866363575
2018-07-30,0.4177835570469798,0.897,,0.6403116867718321,,2.8142260375692953
2018-07-31,0.4101828859060402,0.896,,0.6422549695844932,,2.8174095511864548
2018-08-01,0.4137298657718121,0.886,,0.6325385555211878,,2.8142260375692953
2018-08-02,0.414489932885906,0.868,,0.6160206516135684,,2.808920181540695
2018-08-03,0.4256375838926174,0.852,,0.610190803175585,,2.8057366679235356
2018-08-06,0.4286778523489932,0.83,,0.5965878234869574,,2.8057366679235356
2018-08-07,0.4304513422818792,0.852,,0.6092191617692545,,2.807859010334975
2018-08-08,0.4271577181208053,0.834,,0.6004743891122796,,2.8004308118949357
2018-08-09,0.4243708053691275,0.861,,0.6140773688009074,,2.801491983100656
2018-08-10,0.4246241610738255,0.868,,0.6179639344262295,,2.7972472982777763
2018-08-13,0.4220906040268456,0.878,,0.6208788586452212,,2.8067978391292554
2018-08-14,0.4243708053691275,0.871,,0.6208788586452212,,2.783452072603417
2018-08-15,0.4286778523489932,0.85,,0.608247520362924,,2.779207387780537
2018-08-16,0.4251308724832214,0.842,,0.6004743891122796,,2.744188737991778
2018-08-17,0.4294379194630872,0.824,,0.5897863336426435,,2.742066395580339
2018-08-20,0.4274110738255033,0.825,,0.5917296164553046,,2.7558616212546982
2018-08-21,0.4243708053691275,0.837,,0.5985311062996185,,2.7728403605462173
2018-08-22,0.4231040268456376,0.828,,0.5936728992679657,,2.7707180181347777
2018-08-23,0.4246241610738255,0.835,,0.5965878234869574,,2.7728403605462173
2018-08-24,0.4248775167785235,0.833,,0.5936728992679657,,2.7696568469290574
2018-08-27,0.4258909395973154,0.857,,0.608247520362924,,2.782390901397697
2018-08-28,0.4314647651006711,0.856,,0.6072758789565934,,2.793002613454896
2018-08-29,0.4329848993288591,0.849,,0.6043609547376018,,2.782390901397697
2018-08-30,0.4390654362416107,0.837,,0.5946445406742963,,2.7855744150148567
2018-08-31,0.4383053691275168,0.825,,0.5858997680173214,,2.7876967574262963
2018-09-03,0.4398255033557047,0.829,,0.5858997680173214,,2.7781462165748168
2018-09-04,0.4415989932885906,0.835,,0.5936728992679657,,2.765412162106178
2018-09-05,0.4403322147651006,0.822,,0.5839564852046603,,2.765412162106178
2018-09-06,0.4301979865771811,0.818,,0.5810415609856686,,2.7749627029576573
2018-09-07,0.4253842281879195,0.819,,0.5839564852046603,,2.781329730191977
2018-09-10,0.4269043624161074,0.8,,0.578126636766677,,2.777085045369097
2018-09-11,0.4312114093959731,0.801,,0.5722967883286937,,2.7802685589862572
2018-09-12,0.434505033557047,0.796,,0.5722967883286937,,2.781329730191977
2018-09-13,0.4299446308724832,0.798,,0.5761833539540159,,2.794063784660616
2018-09-14,0.433238255033557,0.786,,0.5703535055160326,,2.798308469483496
2018-09-17,0.4329848993288591,0.776,,0.5616087328590575,,2.783452072603417
2018-09-18,0.4279177852348993,0.792,,0.5703535055160326,,2.7887579286320165
2018-09-19,0.4294379194630872,0.799,,0.5761833539540159,,2.7898190998377363
2018-09-20,0.4289312080536913,0.798,,0.5752117125476853,,2.795124955866336
2018-09-21,0.4317181208053691,0.81,,0.5829848437983297,,2.801491983100656
2018-09-25,0.4309580536912751,0.808,,0.5820132023919992,,2.7887579286320165
2018-09-26,0.4322248322147651,0.816,,0.5820132023919992,,2.796186127072056
2018-09-27,0.4317181208053691,0.805,,0.5752117125476853,,2.783452072603417
2018-09-28,0.4375453020134228,0.811,,0.5800699195793381,,2.762228648489018
2018-10-08,0.4248775167785235,0.781,,0.5596654500463965,,2.8004308118949357
2018-10-09,0.4258909395973154,0.775,,0.5596654500463965,,2.795124955866336
2018-10-10,0.4261442953020134,0.775,,0.5586938086400659,,2.796186127072056
2018-10-11,0.3997953020134228,0.726,,0.5178848695741829,,2.807859010334975
2018-10-12,0.4076493288590604,0.729,,0.5149699453551912,,2.847122344946613
2018-10-15,0.4066359060402684,0.719,,0.5071968141045469,,2.871529282678172
2018-10-16,0.4068892617449665,0.702,,0.4955371172285802,,2.873651625089612
2018-10-17,0.4220906040268456,0.708,,0.500395324260233,,2.8662234266495727
2018-10-18,0.4170234899328858,0.694,,0.4897072687905969,,2.8694069402667326
2018-10-19,0.4127164429530201,0.717,,0.4935938344159191,,2.877896309912492
2018-10-22,0.4099295302013423,0.758,,0.5207997937931745,,2.875773967501052
2018-10-23,0.4056224832214765,0.744,,0.5101117383235385,,2.892752706792571
2018-10-24,0.4073959731543624,0.735,,0.509140096917208,,2.893813877998291
2018-10-25,0.3937147651006711,0.733,,0.5052535312918858,,2.9086702748783706
2018-10-26,0.3942214765100671,0.727,,0.5062251726982163,,2.9044255900554905
2018-10-29,0.3942214765100671,0.719,,0.4994236828539025,,2.899119734026891
2018-10-30,0.3894077181208053,0.726,,0.5052535312918858,,2.892752706792571
2018-10-31,0.3929546979865772,0.733,,0.5110833797298691,,2.871529282678172
2018-11-01,0.3987818791946309,0.74,,0.5149699453551912,,2.874712796295332
2018-11-02,0.4046090604026846,0.775,,0.5314878492628107,,2.874712796295332
2018-11-05,0.3985285234899328,0.776,,0.5344027734818023,,2.880018652323932
2018-11-06,0.3977684563758389,0.776,,0.5363460562944634,,2.881079823529652
2018-11-07,0.4003020134228188,0.773,,0.5344027734818023,,2.882140994735372
2018-11-08,0.4091694630872483,0.763,,0.5305162078564801,,2.8683457690610124
2018-11-09,0.4086627516778523,0.761,,0.5305162078564801,,2.8619787418266927
2018-11-12,0.4066359060402684,0.787,,0.5460624703577689,,2.840755317712294
2018-11-13,0.394728187919463,0.8,,0.5577221672337354,,2.832265948066534
2018-11-14,0.3939681208053691,0.796,,0.5577221672337354,,2.8312047768608144
2018-11-15,0.3906744966442953,0.806,,0.5664669398907103,,2.8460611737408934
2018-11-16,0.3919412751677852,0.806,,0.5722967883286937,,2.8492446873580533
2018-11-19,0.3929546979865772,0.802,,0.5752117125476853,,2.858795228209533
2018-11-20,0.3800335570469798,0.779,,0.5596654500463965,,2.8694069402667326
2018-11-21,0.376739932885906,0.784,,0.5635520156717186,,2.8662234266495727
2018-11-22,0.3757265100671141,0.778,,0.5645236570780492,,2.874712796295332
2018-11-23,0.3731929530201342,0.754,,0.5382893391071245,,2.8789574811182117
2018-11-26,0.37623322147651,0.75,,0.5392609805134551,,2.873651625089612
2018-11-27,0.3800335570469798,0.756,,0.5441191875451078,,2.8672845978552925
2018-11-28,0.3858607382550335,0.771,,0.549949035983091,,2.855611714592373
2018-11-29,0.3924479865771811,0.757,0.4303980482798134,0.537317697700794,,2.875773967501052
2018-11-30,0.3939681208053691,0.764,0.4339295194451862,0.5412042633261162,,2.8768351387067717
2018-12-03,0.4053691275167785,0.79,0.4449653668369763,0.5577221672337354,,2.8630399130324125
2018-12-04,0.3965016778523489,0.794,0.4454068007326479,0.5645236570780492,,2.8662234266495727
2018-12-05,0.3876342281879195,0.795,0.4440824990456331,0.5596654500463965,,2.871529282678172
2018-12-06,0.3813003355704698,0.774,0.4374609906105591,0.5509206773894215,,2.883202165941092
2018-12-07,0.3873808724832214,0.771,0.4392267261932455,0.549949035983091,,2.883202165941092
2018-12-10,0.3747130872483221,0.763,0.4343709533408578,0.5441191875451078,,2.91503730211269
2018-12-11,0.3802869127516778,0.77,0.4365781228192159,0.5489773945767604,,2.9086702748783706
2018-12-12,0.3845939597315436,0.77,0.4396681600889171,0.5489773945767604,,2.8948750492040114
2018-12-13,0.3871275167785235,0.776,0.4454068007326479,0.5548072430147437,,2.8948750492040114
2018-12-14,0.3833271812080536,0.755,0.4405510278802603,0.5402326219197856,,2.8948750492040114
2018-12-17,0.3780067114093959,0.747,0.4374609906105591,0.537317697700794,,2.891691535586851
2018-12-18,0.3706593959731544,0.744,0.4339295194451862,0.5344027734818023,,2.9097314460840904
2018-12-19,0.3709127516778523,0.73,0.428632312697127,0.5276012836374884,,2.91715964452413
2018-12-20,0.3592583892617449,0.735,0.4273080110101122,0.5295445664501496,,2.91397613090697
2018-12-21,0.358244966442953,0.731,0.4228936720533962,0.5256580008248273,,2.938383068638529
2018-12-24,0.3476040268456376,0.74,0.4246594076360825,0.5295445664501496,,2.953239465518608
2018-12-25,0.3359496644295302,0.734,0.4228936720533962,0.5237147180121662,,2.970218204810127
2018-12-26,0.3354429530201342,0.728,0.4198036347836949,0.5227430766058356,,2.9670346911929673
2018-12-27,0.3531778523489932,0.719,0.4180378992010085,0.5139983039488607,,2.9606676639586476
2018-12-28,0.3564714765100671,0.719,0.4193622008880233,0.5139983039488607,,2.976585232044447
2019-01-02,0.3539379194630872,0.708,0.4109749568702629,0.5130266625425302,,2.9818910880730467
2019-01-03,0.3514043624161074,0.702,0.4078849196005616,0.509140096917208,,3.011603881833205
2019-01-04,0.3516577181208053,0.718,0.4158307297226505,0.5237147180121662,,3.0062980258046057
2019-01-07,0.3622986577181208,0.73,0.4206865025750381,0.5344027734818023,,2.989319286513086
2019-01-08,0.3676191275167785,0.731,0.4193622008880233,0.5324594906691412,,2.978707574455887
2019-01-09,0.3709127516778523,0.729,0.4224522381577245,0.5334311320754718,,2.9649123487815277
2019-01-10,0.3673657718120805,0.726,0.4220108042620529,0.5314878492628107,,2.9744628896330068
2019-01-11,0.3696459731543624,0.728,0.4237765398447393,0.5363460562944634,,2.953239465518608
2019-01-14,0.3663523489932885,0.72,0.4206865025750381,0.5334311320754718,,2.953239465518608
2019-01-15,0.3686325503355704,0.731,0.426425143218769,0.5392609805134551,,2.950055951901448
2019-01-16,0.3731929530201342,0.732,0.4277494449057838,0.5402326219197856,,2.956422979135768
2019-01-17,0.3706593959731544,0.724,0.4246594076360825,0.5334311320754718,,2.9585453215472075
2019-01-18,0.376486577181208,0.732,0.4295151804884702,0.5382893391071245,0.4901787675411836,2.9606676639586476
2019-01-21,0.3785134228187919,0.736,0.4317223499668282,0.5412042633261162,0.4901787675411836,2.9468724382842884
2019-01-22,0.37623322147651,0.723,0.4273080110101122,0.5353744148881329,0.488712629652227,2.950055951901448
2019-01-23,0.3729395973154362,0.722,0.4277494449057838,0.5353744148881329,0.4901787675411836,2.953239465518608
2019-01-24,0.3729395973154362,0.729,0.4295151804884702,0.5392609805134551,0.4916449054301404,2.948994780695728
2019-01-25,0.3749664429530201,0.731,0.4321637838624998,0.5363460562944634,0.49408846857840144,2.9468724382842884
2019-01-28,0.3747130872483221,0.727,0.4321637838624998,0.5314878492628107,0.4945771812080537,2.9755240608387266
2019-01-29,0.3711661073825503,0.718,0.4312809160711566,0.5217714351995051,0.49653203172666266,2.9850746016902066
2019-01-30,0.3706593959731544,0.711,0.4277494449057838,0.5149699453551912,0.4960433190970104,2.9935639713359663
2019-01-31,0.3790201342281879,0.707,0.4277494449057838,0.5071968141045469,0.4970207443563148,2.988258115307366
2019-02-01,0.3848473154362415,0.733,0.4356952550278726,0.5217714351995051,0.5014191580231849,3.004175683393165
2019-02-11,0.3851006711409396,0.759,0.4436410651499615,0.537317697700794,0.5072837095790117,3.000992169776006
2019-02-12,0.3861140939597315,0.768,0.4467311024196627,0.5441191875451078,0.5087498474679683,3.0031145121874454
2019-02-13,0.3911812080536913,0.781,0.45423547864608,0.5538356016084132,0.5141256863941428,2.9988698273645658
2019-02-14,0.3901677852348993,0.783,0.4551183464374231,0.5557788844210743,0.5136369737644906,2.995686313747406
2019-02-15,0.3868741610738255,0.782,0.4493797057936924,0.5538356016084132,0.5043514338010983,3.0137262242446448
2019-02-18,0.3924479865771811,0.816,0.4617398548724973,0.5752117125476853,0.514614399023795,3.0275214499190044
2019-02-19,0.3924479865771811,0.812,0.4604155531854824,0.578126636766677,0.5136369737644906,3.0338884771533237
2019-02-20,0.3911812080536913,0.811,0.4621812887681688,0.5771549953603464,0.5151031116534472,3.054050730062003
2019-02-21,0.3906744966442953,0.817,0.4599741192898108,0.5761833539540159,0.5111934106162295,3.037071990770484
2019-02-22,0.3891543624161074,0.845,0.4657127599335416,0.588814692236313,0.5155918242830995,3.012665053038925
2019-02-25,0.3934614093959731,0.9,0.488667322508465,0.6228221414578823,0.5370951799877974,3.009481539421765
2019-02-26,0.3904211409395973,0.892,0.4877844547171219,0.6218505000515517,0.5322080536912752,3.0084203682160453
2019-02-27,0.3904211409395973,0.879,0.4855772852387639,0.616992293019899,0.5331854789505797,3.004175683393165
2019-02-28,0.3891543624161074,0.885,0.488667322508465,0.6199072172388906,0.5312306284319708,2.9840134304844863
2019-03-01,0.3929546979865772,0.902,0.4939645292565243,0.6247654242705434,0.5375838926174498,2.9755240608387266
2019-03-04,0.3944748322147651,0.936,0.5005860376915984,0.638368403959171,0.5449145820622331,2.9330772126099287
2019-03-05,0.3911812080536913,0.971,0.5094147156050304,0.6597445148984432,0.5507791336180599,2.9214043293470096
2019-03-06,0.3914345637583892,0.989,0.5160362240401045,0.6743191359934013,0.5546888346552776,2.932016041404209
2019-03-07,0.3883942953020134,0.982,0.51206331897906,0.687922115682029,0.5522452715070164,2.9235266717584496
2019-03-08,0.3810469798657718,0.959,0.4904330580911515,0.6636310805237654,0.531719341061623,2.9511171231071684
2019-03-11,0.3853540268456376,0.999,0.5058832444396576,0.6869504742756984,0.5351403294691885,2.959606492752928
2019-03-12,0.3937147651006711,1.026,0.5129461867704033,0.7024967367769873,0.5439371568029286,2.9574841503414877
2019-03-13,0.3952348993288591,0.982,0.5058832444396576,0.6830639086503763,0.542471018913972,2.973401718427287
2019-03-14,0.3997953020134228,0.955,0.4988203021089119,0.6626594391174349,0.536117754728493,2.9659735199872475
2019-03-15,0.4005553691275167,0.961,0.5080904139180157,0.6723758531807402,0.5458920073215375,2.962790006370087
2019-03-18,0.4033422818791946,0.985,0.5213334307881637,0.6888937570883595,0.5629969493593655,2.959606492752928
2019-03-19,0.4043557046979866,0.986,0.5186848274141341,0.6898653984946901,0.5620195241000611,2.973401718427287
2019-03-20,0.4043557046979866,0.976,0.5169190918314477,0.687922115682029,0.5634856619890177,2.9680958623986875
2019-03-21,0.4061291946308725,0.986,0.5182433935184625,0.6986101711516651,0.5625082367297133,2.9925028001302456
2019-03-22,0.4129697986577181,0.979,0.5208919968924921,0.7005534539643262,0.5654405125076266,2.9850746016902066
2019-03-25,0.3997953020134228,0.964,0.5129461867704033,0.6947236055263428,0.5615308114704088,2.9988698273645658
2019-03-26,0.4020755033557047,0.942,0.5014689054829415,0.6743191359934013,0.5537114093959732,3.0020533409817256
2019-03-27,0.4058758389261745,0.946,0.507648980022344,0.6791773430250541,0.5600646735814521,3.000992169776006
2019-03-28,0.4028355704697987,0.939,0.5058832444396576,0.6694609289617486,0.5571323978035387,2.9925028001302456
2019-03-29,0.4056224832214765,0.98,0.5213334307881637,0.6898653984946901,0.5717937766931056,2.936260726227089
2019-04-01,0.4114496644295302,1.019,0.5367836171366699,0.7180429992782761,0.5825454545454546,2.936260726227089
2019-04-02,0.4137298657718121,1.012,0.5372250510323415,0.7219295649035983,0.5825454545454546,2.938383068638529
2019-04-03,0.414236577181208,1.022,0.5429636916760723,0.7277594133415816,0.5888987187309336,2.9447500958728483
2019-04-04,0.4162634228187919,1.024,0.5504680679024896,0.7316459789669038,0.5976955460646737,2.9447500958728483
2019-04-08,0.4160100671140939,1.005,0.5509095017981612,0.7248444891225899,0.5976955460646737,2.9585453215472075
2019-04-09,0.4165167785234899,1.006,0.5513509356938329,0.7277594133415816,0.5991616839536303,2.9606676639586476
2019-04-10,0.414743288590604,0.999,0.5513509356938329,0.7258161305289205,0.6020939597315437,2.973401718427287
2019-04-11,0.4195570469798657,0.978,0.5398736544063711,0.7102698680276317,0.5937858450274558,2.9776464032501666
2019-04-12,0.4185436241610737,0.98,0.5385493527193562,0.7122131508402928,0.5913422818791947,2.948994780695728
2019-04-15,0.4182902684563758,0.967,0.5345764476583119,0.7063833024023095,0.5908535692495425,2.934138383815649
2019-04-16,0.4193036912751678,0.982,0.5464951628414452,0.7209579234972677,0.5957406955460648,2.930954870198489
2019-04-17,0.4195570469798657,0.994,0.5464951628414452,0.7277594133415816,0.5986729713239781,2.91503730211269
2019-04-18,0.4193036912751678,0.986,0.5429636916760723,0.7238728477162594,0.5928084197681514,2.896997391615451
2019-04-19,0.4208238255033557,0.992,0.5464951628414452,0.7306743375605732,0.5967181208053692,2.9097314460840904
2019-04-22,0.4208238255033557,0.983,0.5381079188236847,0.7209579234972677,0.5825454545454546,2.9182208157298497
2019-04-23,0.4225973154362415,0.976,0.533252145971297,0.7083265852149706,0.5766809029896278,2.9012420764383307
2019-04-24,0.4296912751677852,0.995,0.5341350137626403,0.7170713578719455,0.5796131787675411,2.899119734026891
2019-04-25,0.4319714765100671,0.968,0.5195676952054774,0.687922115682029,0.56397437461867,2.91503730211269
2019-04-26,0.4365318791946309,0.961,0.51206331897906,0.6801489844313846,0.5571323978035387,2.9182208157298497
2019-04-29,0.4408389261744966,0.934,0.5094147156050304,0.655857949273121,0.5571323978035387,2.91609847331841
2019-04-30,0.4388120805369127,0.938,0.5147119223530897,0.6626594391174349,0.5634856619890177,2.92246550055273
2019-05-06,0.4261442953020134,0.864,0.4824872479690626,0.608247520362924,0.542471018913972,2.938383068638529
2019-05-07,0.4314647651006711,0.87,0.4873430208214503,0.6189355758325601,0.542471018913972,2.9351995550213688
2019-05-08,0.4236107382550335,0.857,0.4838115496560775,0.6179639344262295,0.5366064673581453,2.953239465518608
2019-05-09,0.4220906040268456,0.849,0.4758657395339886,0.6121340859882461,0.5292757779133618,2.953239465518608
2019-05-10,0.4236107382550335,0.887,0.4899916241954799,0.63642512114651,0.5454032946918854,2.955361807930048
2019-05-13,0.4200637583892617,0.87,0.4851358513430922,0.6296236313021961,0.5405161683953631,2.9755240608387266
2019-05-14,0.4094228187919463,0.863,0.4807215123863762,0.6267087070832045,0.5370951799877974,3.011603881833205
2019-05-15,0.414996644295302,0.882,0.4913159258824947,0.6412833281781627,0.544425869432581,2.9935639713359663
2019-05-16,0.4177835570469798,0.887,0.4926402275695096,0.6451698938034849,0.5478468578401464,3.009481539421765
2019-05-17,0.4228506711409396,0.857,0.4816043801777194,0.6237937828642128,0.5366064673581453,3.0031145121874454
2019-05-20,0.4203171140939597,0.85,0.4771900412210034,0.6208788586452212,0.5307419158023186,2.9840134304844863
2019-05-21,0.4167701342281879,0.864,0.4820458140733911,0.6325385555211878,0.5375838926174498,2.9818910880730467
2019-05-22,0.4182902684563758,0.861,0.4793972106993615,0.6315669141148572,0.5351403294691885,2.9840134304844863
2019-05-23,0.4119563758389261,0.84,0.4727757022642873,0.616992293019899,0.5292757779133618,2.990380457718806
2019-05-24,0.4106895973154362,0.836,0.4723342683686158,0.6092191617692545,0.5307419158023186,3.0062980258046057
2019-05-27,0.4104362416107383,0.864,0.477631475116675,0.627680348489535,0.5385613178767542,3.0084203682160453
2019-05-28,0.4096761744966443,0.866,0.4789557768036898,0.6267087070832045,0.5375838926174498,3.0031145121874454
2019-05-29,0.4058758389261745,0.865,0.4789557768036898,0.6286519898958656,0.5375838926174498,3.009481539421765
2019-05-30,0.4033422818791946,0.859,0.4780729090123466,0.6257370656768739,0.5390500305064064,2.9967474849531257
2019-05-31,0.4000486577181208,0.86,0.4780729090123466,0.6247654242705434,0.5390500305064064,3.0275214499190044
2019-06-03,0.3932080536912751,0.853,0.4754243056383169,0.616992293019899,0.5395387431360587,3.068907126942082
2019-06-04,0.3896610738255033,0.846,0.4701270988902577,0.6043609547376018,0.5346516168395364,3.0986199207022405
2019-06-05,0.3992885906040269,0.842,0.4701270988902577,0.6063042375502629,0.5370951799877974,3.1187821736109194
2019-06-06,0.4008087248322148,0.823,0.4639470243508553,0.5907579750489741,0.5341629042098841,3.1187821736109194
2019-06-10,0.414489932885906,0.83,0.4696856649945861,0.5985311062996185,0.5380726052471019,3.1092316327594403
2019-06-11,0.4165167785234899,0.863,0.4838115496560775,0.6218505000515517,0.548824283099451,3.094375235879361
2019-06-12,0.4157567114093959,0.855,0.479838644595033,0.616992293019899,0.5458920073215375,3.128332714462399
2019-06-13,0.4165167785234899,0.859,0.4807215123863762,0.6208788586452212,0.5434484441732764,3.135760912902439
2019-06-14,0.4187969798657718,0.844,0.4763071734296601,0.6072758789565934,0.5390500305064064,3.183513617159836
2019-06-17,0.4190503355704698,0.838,0.4745414378469738,0.6063042375502629,0.5390500305064064,3.145311453753918
2019-06-18,0.4218372483221476,0.843,0.473217136159959,0.6063042375502629,0.5400274557657109,3.1654737066625973
2019-06-19,0.4274110738255033,0.853,0.4789557768036898,0.6150490102072379,0.5449145820622331,3.1463726249596378
2019-06-20,0.4317181208053691,0.871,0.4899916241954799,0.6257370656768739,0.5537114093959732,3.2174710957428743
2019-06-21,0.4307046979865772,0.89,0.4948473970478675,0.6373967625528405,0.5551775472849299,3.242939204680153
2019-06-24,0.432731543624161,0.882,0.4939645292565243,0.6354534797401794,0.5546888346552776,3.266284971205992
2019-06-25,0.4276644295302013,0.873,0.4899916241954799,0.6296236313021961,0.5502904209884075,3.332077585960629
2019-06-26,0.4225973154362415,0.874,0.4899916241954799,0.6296236313021961,0.548824283099451,3.2705296560288715
2019-06-27,0.4263976510067114,0.887,0.494405963152196,0.6354534797401794,0.5517565588773643,3.262040286383112
2019-06-28,0.4236107382550335,0.88,0.4921987936738379,0.6257370656768739,0.5498017083587554,3.2705296560288715
2019-07-01,0.4380520134228188,0.91,0.5041175088569712,0.6461415352098154,0.5605533862111044,3.1941253292170355
2019-07-02,0.433744966442953,0.911,0.5041175088569712,0.6461415352098154,0.5644630872483222,3.225960465388634
2019-07-03,0.433238255033557,0.899,0.5023517732742847,0.6403116867718321,0.5634856619890177,3.317221189080549
2019-07-04,0.4355184563758389,0.892,0.5027932071699565,0.6373967625528405,0.5629969493593655,3.2800801968803515
2019-07-05,0.4372919463087248,0.9,0.5041175088569712,0.6403116867718321,0.5654405125076266,3.284324881703231
2019-07-08,0.4342516778523489,0.876,0.4930816614651811,0.6179639344262295,0.5542001220256254,3.268407313617432
2019-07-09,0.4296912751677852,0.882,0.4913159258824947,0.6208788586452212,0.5537114093959732,3.244000375885873
2019-07-10,0.4347583892617449,0.878,0.4873430208214503,0.6160206516135684,0.5498017083587554,3.240816862268713
2019-07-11,0.4393187919463087,0.878,0.4891087564041367,0.6150490102072379,0.5498017083587554,3.29918127858331
2019-07-12,0.4383053691275168,0.882,0.4930816614651811,0.616992293019899,0.5542001220256254,3.2715908272345917
2019-07-15,0.4421057046979866,0.899,0.4935230953608527,0.6218505000515517,0.5551775472849299,3.285386052908951
2019-07-16,0.4446392617449664,0.899,0.494405963152196,0.6247654242705434,0.5546888346552776,3.284324881703231
2019-07-17,0.4423590604026846,0.901,0.4926402275695096,0.6257370656768739,0.5566436851738865,3.266284971205992
2019-07-18,0.4383053691275168,0.89,0.4869015869257787,0.6160206516135684,0.5522452715070164,3.30130362099475
2019-07-19,0.4418523489932885,0.897,0.4895501902998083,0.6218505000515517,0.5576211104331911,3.3458728116349876
2019-07-22,0.4393187919463087,0.883,0.4851358513430922,0.6072758789565934,0.5551775472849299,3.317221189080549
2019-07-23,0.4415989932885906,0.891,0.4873430208214503,0.6199072172388906,0.5561549725442343,3.2938754225547107
2019-07-24,0.4431191275167785,0.901,0.4913159258824947,0.6267087070832045,0.5585985356924955,3.30767064822907
2019-07-25,0.4471728187919462,0.91,0.4948473970478675,0.6315669141148572,0.5605533862111044,3.3108541618462297
2019-07-26,0.4461593959731543,0.907,0.4957302648392107,0.6325385555211878,0.5634856619890177,3.2970589361718705
2019-07-29,0.4484395973154362,0.909,0.4957302648392107,0.6315669141148572,0.5625082367297133,3.30236479220047
2019-07-30,0.4481862416107382,0.917,0.4988203021089119,0.6344818383338489,0.5654405125076266,3.316160017874829
2019-07-31,0.4448926174496644,0.912,0.4970545665262255,0.6296236313021961,0.5610420988407565,3.332077585960629
2019-08-01,0.4403322147651006,0.914,0.4926402275695096,0.6267087070832045,0.5561549725442343,3.274774340851751
2019-08-02,0.4403322147651006,0.904,0.4851358513430922,0.6179639344262295,0.5493129957291032,3.3522398388693073
2019-08-05,0.4365318791946309,0.889,0.4763071734296601,0.6092191617692545,0.5405161683953631,3.4679075002927813
2019-08-06,0.4243708053691275,0.875,0.4701270988902577,0.5946445406742963,0.5326967663209274,3.475335698732821
2019-08-07,0.4291845637583892,0.872,0.4692442310989145,0.5936728992679657,0.531719341061623,3.5421894846931776
2019-08-08,0.432731543624161,0.883,0.4718928344729441,0.6014460305186101,0.5375838926174498,3.562351737601857
2019-08-09,0.4408389261744966,0.875,0.4692442310989145,0.5985311062996185,0.5336741915802319,3.5835751617162552
2019-08-12,0.4469194630872483,0.896,0.4758657395339886,0.608247520362924,0.5385613178767542,3.5581070527789773
2019-08-13,0.4319714765100671,0.885,0.4754243056383169,0.6063042375502629,0.536117754728493,3.649367776470892
2019-08-14,0.4421057046979866,0.893,0.4767486073253318,0.6111624445819156,0.5370951799877974,3.552801196750377
2019-08-15,0.434505033557047,0.904,0.4771900412210034,0.6131057273945768,0.5380726052471019,3.591003360156295
2019-08-16,0.4350117449664429,0.911,0.479838644595033,0.6179639344262295,0.5385613178767542,3.596309216184894
2019-08-19,0.4408389261744966,0.944,0.4921987936738379,0.638368403959171,0.5463807199511899,3.579330476893376
2019-08-20,0.4433724832214765,0.935,0.4904330580911515,0.6373967625528405,0.546869432580842,3.5634129088075768
2019-08-21,0.4418523489932885,0.935,0.4904330580911515,0.638368403959171,0.5463807199511899,3.569779936041896
2019-08-22,0.4453993288590604,0.936,0.4926402275695096,0.6412833281781627,0.5463807199511899,3.579330476893376
2019-08-23,0.4451459731543624,0.936,0.4952888309435392,0.6393400453655016,0.5478468578401464,3.5729634496590563
2019-08-26,0.4347583892617449,0.927,0.4899916241954799,0.63642512114651,0.5434484441732764,3.7013651655511697
2019-08-27,0.4385587248322148,0.947,0.4988203021089119,0.6490564594288071,0.5507791336180599,3.7034875079626097
2019-08-28,0.4372919463087248,0.942,0.4957302648392107,0.6461415352098154,0.5498017083587554,3.706671021579769
2019-08-29,0.4360251677852349,0.938,0.4921987936738379,0.647113176616146,0.5454032946918854,3.7544237258371664
2019-08-30,0.4448926174496644,0.935,0.4873430208214503,0.6393400453655016,0.5439371568029286,3.6939369671111297
2019-09-02,0.4436258389261744,0.958,0.4935230953608527,0.6548863078667904,0.5483355704697987,3.6812029126424903
2019-09-03,0.4428657718120805,0.962,0.494405963152196,0.6597445148984432,0.5473581452104943,3.6971204807282896
2019-09-04,0.4476795302013422,0.968,0.4983788682132403,0.666546004742757,0.5507791336180599,3.710915706402649
2019-09-05,0.4486929530201342,0.98,0.5027932071699565,0.6704325703680791,0.5566436851738865,3.725772103282728
2019-09-06,0.4532533557046979,0.983,0.5041175088569712,0.6743191359934013,0.5576211104331911,3.6069209282420944
2019-09-09,0.4555335570469798,1.006,0.5094147156050304,0.6947236055263428,0.5605533862111044,3.6238996675336135
2019-09-10,0.4504664429530201,1.001,0.5094147156050304,0.6947236055263428,0.5590872483221476,3.5665964224247366
2019-09-11,0.4497063758389261,0.988,0.5067661122310008,0.6869504742756984,0.5590872483221476,3.580391648099096
2019-09-12,0.4540134228187919,0.992,0.5085318478136872,0.6918086813073512,0.5625082367297133,3.582513990510535
2019-09-16,0.4494530201342281,0.995,0.5080904139180157,0.6927803227136817,0.56397437461867,3.586758675333415
2019-09-17,0.4484395973154362,0.974,0.5019103393786132,0.6791773430250541,0.5566436851738865,3.5729634496590563
2019-09-18,0.4509731543624161,0.973,0.5045589427526428,0.677234060212393,0.5581098230628432,3.586758675333415
2019-09-19,0.4504664429530201,0.988,0.5072075461266724,0.6830639086503763,0.5590872483221476,3.578269305687656
2019-09-20,0.4514798657718121,0.988,0.5085318478136872,0.6840355500567068,0.5595759609518,3.5899421889505754
2019-09-23,0.4489463087248322,0.976,0.5027932071699565,0.6801489844313846,0.5542001220256254,3.6228384963278937
2019-09-24,0.4491996644295302,0.984,0.5019103393786132,0.6811206258377152,0.5566436851738865,3.641939578030852
2019-09-25,0.4438791946308725,0.972,0.4966131326305539,0.668489287555418,0.5507791336180599,3.658918317322372
2019-09-26,0.4456526845637583,0.941,0.4908744919868231,0.647113176616146,0.5507791336180599,3.6132879554764137
2019-09-27,0.4453993288590604,0.955,0.4926402275695096,0.6529430250541293,0.5498017083587554,3.5835751617162552
2019-09-30,0.4418523489932885,0.945,0.4891087564041367,0.6441982523971543,0.5473581452104943,3.576146963276216
2019-10-08,0.4423590604026846,0.939,0.4921987936738379,0.6461415352098154,0.5507791336180599,3.5665964224247366
2019-10-09,0.4380520134228188,0.941,0.494405963152196,0.6519713836477987,0.5551775472849299,3.6217773251221734
2019-10-10,0.4390654362416107,0.967,0.4983788682132403,0.6616877977111043,0.5585985356924955,3.5994927298020545
2019-10-11,0.4423590604026846,0.969,0.5014689054829415,0.6626594391174349,0.5620195241000611,3.582513990510535
2019-10-14,0.4474261744966443,0.976,0.5063246783353292,0.6723758531807402,0.5693502135448445,3.5315777726359783
2019-10-15,0.4499597315436242,0.963,0.5045589427526428,0.6636310805237654,0.5659292251372788,3.535822457458858
2019-10-16,0.451986577181208,0.962,0.5036760749612996,0.6587728734921127,0.5654405125076266,3.5241495741959388
2019-10-17,0.451226510067114,0.963,0.5023517732742847,0.6587728734921127,0.5634856619890177,3.5496176831332176
2019-10-18,0.4502130872483221,0.958,0.4970545665262255,0.6509997422414682,0.5571323978035387,3.545372998310338
2019-10-21,0.4489463087248322,0.956,0.4983788682132403,0.647113176616146,0.5590872483221476,3.5443118271046172
2019-10-22,0.451986577181208,0.968,0.5019103393786132,0.6548863078667904,0.5605533862111044,3.5326389438416985
2019-10-23,0.4484395973154362,0.958,0.4983788682132403,0.6500281008351376,0.5576211104331911,3.5474953407217775
2019-10-24,0.4499597315436242,0.96,0.4983788682132403,0.6490564594288071,0.5585985356924955,3.5390059710760178
2019-10-25,0.45173322147651,0.973,0.5005860376915984,0.6539146664604598,0.5610420988407565,3.574024620864776
2019-10-28,0.4545201342281879,0.992,0.5014689054829415,0.6714042117744097,0.5629969493593655,3.5708411072476163
2019-10-29,0.4588271812080536,0.98,0.4988203021089119,0.6636310805237654,0.5595759609518,3.534761286253138
2019-10-30,0.4575604026845637,0.977,0.4948473970478675,0.6578012320857821,0.5576211104331911,3.5294554302245382
2019-10-31,0.4598406040268456,0.972,0.4935230953608527,0.6500281008351376,0.553222696766321,3.5390059710760178
2019-11-01,0.4603473154362416,0.98,0.4983788682132403,0.655857949273121,0.5585985356924955,3.564474080013297
2019-11-04,0.4641476510067114,0.987,0.5005860376915984,0.6597445148984432,0.5615308114704088,3.559168223984697
2019-11-05,0.4656677852348993,0.996,0.5045589427526428,0.6626594391174349,0.5664179377669312,3.537944799870298
2019-11-06,0.4626275167785235,0.988,0.5014689054829415,0.655857949273121,0.5625082367297133,3.485947410790021
2019-11-07,0.4621208053691275,0.996,0.5050003766483144,0.6597445148984432,0.5654405125076266,3.5050484924929797
2019-11-08,0.4618674496644295,0.994,0.5036760749612996,0.6597445148984432,0.5615308114704088,3.4381947065326233
2019-11-11,0.4623741610738255,0.971,0.4930816614651811,0.6422549695844932,0.553222696766321,3.4350111929154634
2019-11-12,0.4636409395973154,0.971,0.4930816614651811,0.6432266109908238,0.553222696766321,3.4021148855381447
2019-11-13,0.4654144295302013,0.976,0.4913159258824947,0.6412833281781627,0.5507791336180599,3.4381947065326233
2019-11-14,0.4676946308724832,0.982,0.4921987936738379,0.6441982523971543,0.5502904209884075,3.4456229049726628
2019-11-15,0.4689614093959731,0.972,0.4873430208214503,0.638368403959171,0.548824283099451,3.439255877738343
2019-11-18,0.471241610738255,0.975,0.4895501902998083,0.6422549695844932,0.5546888346552776,3.439255877738343
2019-11-19,0.4740285234899328,1.004,0.4961716987348824,0.655857949273121,0.5615308114704088,3.462601644264182
2019-11-20,0.4727617449664429,0.998,0.4939645292565243,0.6500281008351376,0.5585985356924955,3.4742745275271014
2019-11-21,0.4702281879194631,0.993,0.4921987936738379,0.6509997422414682,0.5571323978035387,3.464723986675622
2019-11-22,0.472001677852349,0.974,0.4891087564041367,0.6432266109908238,0.5566436851738865,3.4583569594413017
2019-11-25,0.4742818791946309,0.965,0.4899916241954799,0.638368403959171,0.5644630872483222,3.4339500217097436
2019-11-26,0.4785889261744966,0.97,0.4908744919868231,0.638368403959171,0.5644630872483222,3.4339500217097436
2019-11-27,0.4813758389261744,0.97,0.4899916241954799,0.6393400453655016,0.5625082367297133,3.4381947065326233
2019-11-28,0.4942969798657718,0.97,0.4877844547171219,0.6373967625528405,0.5605533862111044,3.4318276792983036
2019-11-29,0.4950570469798657,0.963,0.4846944174474207,0.63642512114651,0.5600646735814521,3.436072364121183
2019-12-02,0.5064580536912752,0.966,0.4864601530301071,0.638368403959171,0.5610420988407565,3.440317048944063
2019-12-03,0.4803624161073825,0.972,0.4873430208214503,0.6422549695844932,0.5620195241000611,3.447745247384103
2019-12-04,0.4745352348993288,0.971,0.4860187191344354,0.6432266109908238,0.5605533862111044,3.5114155197272994
2019-12-05,0.4750419463087248,0.991,0.4891087564041367,0.6490564594288071,0.5625082367297133,3.4954979516415
2019-12-06,0.4740285234899328,1.0,0.4908744919868231,0.6548863078667904,0.5634856619890177,3.471091013909941
2019-12-09,0.4775755033557047,0.997,0.4926402275695096,0.6548863078667904,0.5673953630262356,3.447745247384103
2019-12-10,0.4752953020134228,1.002,0.4930816614651811,0.6587728734921127,0.5669066503965833,3.4498675897955424
2019-12-11,0.4747885906040268,0.995,0.4930816614651811,0.6568295906794516,0.5669066503965833,3.454112274618422
2019-12-12,0.4778288590604026,0.996,0.4926402275695096,0.6568295906794516,0.56837278828554,3.475335698732821
2019-12-13,0.4818825503355704,1.02,0.4966131326305539,0.6675176461490876,0.5722824893227578,3.4307665080925833
2019-12-16,0.4839093959731543,1.032,0.5050003766483144,0.6791773430250541,0.5757034777303234,3.464723986675622
2019-12-17,0.4884697986577181,1.045,0.5102975833963737,0.6869504742756984,0.5805906040268457,3.4636628154699016
2019-12-18,0.4851761744966443,1.041,0.5089732817093588,0.6869504742756984,0.579124466137889,3.4679075002927813
2019-12-19,0.4839093959731543,1.04,0.5107390172920453,0.6927803227136817,0.5805906040268457,3.4636628154699016
2019-12-20,0.4879630872483221,1.029,0.5094147156050304,0.6830639086503763,0.5805906040268457,3.472152185115661
2019-12-23,0.490496644295302,1.006,0.503234641065628,0.666546004742757,0.5742373398413667,3.4870085819957404
2019-12-24,0.4937902684563758,1.028,0.5089732817093588,0.6801489844313846,0.5757034777303234,3.50398732128726
2019-12-25,0.4922701342281879,1.034,0.5067661122310008,0.6850071914630373,0.5742373398413667,3.5283942590188184
2019-12-26,0.4935369127516778,1.038,0.5107390172920453,0.6908370399010206,0.5786357535082367,3.5262719166073784
2019-12-27,0.4980973154362416,1.021,0.5098561495007021,0.6850071914630373,0.5801018913971935,3.5400671422817376
2019-12-30,0.4980973154362416,1.037,0.5147119223530897,0.6898653984946901,0.5888987187309336,3.534761286253138
2019-12-31,0.4955637583892617,1.04,0.5173605257271193,0.6937519641200123,0.5923197071384991,3.560229395190417
2020-01-02,0.5003775167785235,1.061,0.5257477697448798,0.7073549438086401,0.6001391092129348,3.5443118271046172
2020-01-03,0.5026577181208054,1.064,0.5261892036405513,0.7102698680276317,0.5976955460646737,3.595248044979175
2020-01-06,0.4965771812080536,1.077,0.526630637536223,0.7170713578719455,0.5972068334350213,3.6769582278196102
2020-01-07,0.5016442953020134,1.099,0.5319278442842823,0.7287310547479121,0.5991616839536303,3.647245434059452
2020-01-08,0.4955637583892617,1.079,0.524423468057865,0.7199862820909372,0.5913422818791947,3.715160391225529
2020-01-09,0.5044312080536912,1.109,0.531044976492939,0.7297026961542427,0.5967181208053692,3.5835751617162552
2020-01-10,0.5117785234899329,1.102,0.531044976492939,0.7287310547479121,0.5952519829164125,3.597370387390615
2020-01-13,0.508991610738255,1.122,0.5341350137626403,0.7384474688112176,0.5972068334350213,3.595248044979175
2020-01-14,0.5110184563758389,1.112,0.5341350137626403,0.7365041859985565,0.5976955460646737,3.5474953407217775
2020-01-15,0.507724832214765,1.114,0.5314864103886107,0.735532544592226,0.594274557657108,3.580391648099096
2020-01-16,0.5067114093959731,1.116,0.5297206748059242,0.7365041859985565,0.5903648566198902,3.5835751617162552
2020-01-17,0.5160855704697986,1.115,0.5275135053275662,0.7326176203732343,0.5893874313605858,3.582513990510535
2020-01-20,0.5173523489932885,1.149,0.5292792409102527,0.7433056758428704,0.5888987187309336,3.5835751617162552
2020-01-21,0.5102583892617449,1.137,0.5230991663708502,0.735532544592226,0.5796131787675411,3.616471469093574
2020-01-22,0.5135520134228189,1.156,0.5230991663708502,0.7403907516238788,0.5801018913971935,3.5856975041276953
2020-01-23,0.5120318791946309,1.113,0.5058832444396576,0.7141564336529539,0.5649517998779744,3.612226784270694
2020-02-03,0.5006308724832215,1.021,0.4577669498114528,0.6432266109908238,0.5116821232458817,3.7034875079626097
2020-02-04,0.5183657718120804,1.089,0.4741000039513022,0.6519713836477987,0.5307419158023186,3.672713542996731
2020-02-05,0.5269798657718121,1.123,0.4838115496560775,0.6743191359934013,0.5341629042098841,3.649367776470892
2020-02-06,0.5368607382550336,1.159,0.4948473970478675,0.6927803227136817,0.5405161683953631,3.6313278659736534
2020-02-07,0.5492751677852349,1.162,0.4952888309435392,0.6995818125579957,0.5375838926174498,3.649367776470892
2020-02-10,0.5578892617449664,1.177,0.5005860376915984,0.7092982266213012,0.5454032946918854,3.663163002145251
2020-02-11,0.5715704697986577,1.167,0.50102747158727,0.7073549438086401,0.5483355704697987,3.651490118882332
2020-02-12,0.5832248322147651,1.207,0.5054418105439861,0.7238728477162594,0.551267846247712,3.644061920442293
2020-02-13,0.6118540268456376,1.189,0.5023517732742847,0.7199862820909372,0.548824283099451,3.670591200585291
2020-02-14,0.5748640939597316,1.192,0.5067661122310008,0.7229012063099288,0.5522452715070164,3.674835885408171
2020-02-17,0.5789177852348993,1.248,0.5186848274141341,0.7501071656871843,0.5629969493593655,3.6865087686710902
2020-02-18,0.5657432885906041,1.252,0.5191262613098057,0.7695399938137952,0.5600646735814521,3.7045486791683295
2020-02-19,0.5591560402684563,1.23,0.516477657935776,0.7637101453758119,0.5585985356924955,3.748056698602847
2020-02-20,0.566503355704698,1.263,0.524423468057865,0.7753698422517785,0.5654405125076266,3.7586684106600465
2020-02-21,0.5538355704697986,1.287,0.5270720714318946,0.7928593875657284,0.5659292251372788,3.8340115662661622
2020-02-24,0.5320469798657719,1.306,0.5283963731189094,0.8084056500670171,0.5590872483221476,3.919966433929478
2020-02-25,0.5414211409395973,1.318,0.522216298579507,0.8122922156923393,0.5537114093959732,3.8361339086776023
2020-02-26,0.5257130872483222,1.257,0.5208919968924921,0.7860578977214147,0.5571323978035387,3.861602017614881
2020-02-27,0.5254597315436241,1.267,0.526630637536223,0.7860578977214147,0.5605533862111044,3.8605408464091617
2020-02-28,0.5026577181208054,1.197,0.5098561495007021,0.737475827404887,0.5473581452104943,3.811726970946044
2020-03-02,0.5198859060402684,1.233,0.5288378070145809,0.7773131250644396,0.5669066503965833,3.724710932077008
2020-03-03,0.5140587248322147,1.257,0.531044976492939,0.783142973502423,0.5669066503965833,3.717282733636969
2020-03-04,0.5084848993288591,1.251,0.5385493527193562,0.7870295391277452,0.5742373398413667,3.801115258888845
2020-03-05,0.5067114093959731,1.275,0.5464951628414452,0.8006325188163728,0.5810793166564979,3.798992916477405
2020-03-06,0.4937902684563758,1.265,0.541197956093386,0.79577431178472,0.5722824893227578,3.8785807569064
2020-03-09,0.4633875838926174,1.206,0.5213334307881637,0.7637101453758119,0.5576211104331911,3.849929134351962
2020-03-10,0.4798557046979865,1.24,0.5283963731189094,0.7841146149087536,0.5644630872483222,3.801115258888845
2020-03-11,0.4664278523489932,1.212,0.5230991663708502,0.7734265594391174,0.5595759609518,3.8340115662661622
2020-03-12,0.4537600671140939,1.181,0.5133876206660749,0.7559370141251676,0.5517565588773643,3.798992916477405
2020-03-13,0.4471728187919462,1.172,0.507648980022344,0.7510788070935148,0.5419823062843198,3.68544759746537
2020-03-16,0.4304513422818792,1.103,0.4899916241954799,0.7141564336529539,0.5287870652837097,3.591003360156295
2020-03-17,0.433491610738255,1.107,0.4877844547171219,0.7131847922466233,0.5282983526540573,3.425460652063984
2020-03-18,0.4215838926174496,1.091,0.4811629462820478,0.7024967367769873,0.5195015253203172,3.4944367804357803
2020-03-19,0.4238640939597315,1.095,0.479838644595033,0.7092982266213012,0.510215985356925,3.4838250683785805
2020-03-20,0.4494530201342281,1.109,0.4873430208214503,0.7190146406846066,0.5204789505796217,3.520966060578779
2020-03-23,0.4294379194630872,1.057,0.473217136159959,0.6869504742756984,0.5053288590604027,3.513537862138739
2020-03-24,0.4550268456375839,1.086,0.4811629462820478,0.6976385297453346,0.5180353874313607,3.7045486791683295
2020-03-25,0.4763087248322147,1.12,0.4921987936738379,0.7141564336529539,0.5292757779133618,3.768218951511526
2020-03-26,0.4600939597315436,1.114,0.4891087564041367,0.7083265852149706,0.525366076876144,3.7554848970428862
2020-03-27,0.4565469798657718,1.099,0.4939645292565243,0.7044400195896484,0.5292757779133618,3.8000540876831246
2020-03-30,0.4469194630872483,1.073,0.4891087564041367,0.6850071914630373,0.525366076876144,3.768218951511526
2020-03-31,0.4535067114093959,1.08,0.4904330580911515,0.6850071914630373,0.5234112263575351,3.772463636334406
2020-04-01,0.4461593959731543,1.076,0.4864601530301071,0.6830639086503763,0.520967663209274,3.708793363991209
2020-04-02,0.4540134228187919,1.108,0.4926402275695096,0.7005534539643262,0.5263435021354484,3.726833274488448
2020-04-03,0.4471728187919462,1.101,0.4891087564041367,0.6956952469326734,0.5248773642464918,3.7607907530714866
2020-04-07,0.4682013422818792,1.137,0.5023517732742847,0.7209579234972677,0.5326967663209274,3.867969044849201
2020-04-08,0.4646543624161074,1.134,0.5014689054829415,0.7219295649035983,0.5312306284319708,3.8287057102375632
2020-04-09,0.470988255033557,1.151,0.5023517732742847,0.7306743375605732,0.5326967663209274,3.8382562510890423
2020-04-10,0.4641476510067114,1.126,0.4997031699002551,0.7190146406846066,0.5302532031726663,3.8584185039977217
2020-04-13,0.4595872483221476,1.111,0.4992617360045835,0.7063833024023095,0.5302532031726663,3.8584185039977217
2020-04-14,0.4742818791946309,1.146,0.5067661122310008,0.7199862820909372,0.5346516168395364,3.905110037049399
2020-04-15,0.4879630872483221,1.142,0.5050003766483144,0.7141564336529539,0.531719341061623,3.891314811375039
2020-04-16,0.490243288590604,1.159,0.5063246783353292,0.7219295649035983,0.5307419158023186,3.919966433929478
2020-04-17,0.5059513422818792,1.165,0.5085318478136872,0.7229012063099288,0.5336741915802319,3.8552349903805614
2020-04-20,0.4993640939597316,1.18,0.5125047528747317,0.7365041859985565,0.5356290420988409,3.8403785935004824
2020-04-21,0.4942969798657718,1.167,0.5107390172920453,0.7306743375605732,0.5307419158023186,3.87751958570068
2020-04-22,0.4920167785234899,1.18,0.5133876206660749,0.737475827404887,0.5307419158023186,3.863724360026321
2020-04-23,0.4970838926174496,1.172,0.5138290545617464,0.7335892617795648,0.5307419158023186,3.930578145986678
2020-04-24,0.4942969798657718,1.156,0.5080904139180157,0.7219295649035983,0.5268322147651008,3.961352110952556
2020-04-27,0.5110184563758389,1.164,0.5085318478136872,0.716099716465615,0.5312306284319708,3.936945173220997
2020-04-28,0.5163389261744966,1.173,0.5063246783353292,0.7063833024023095,0.531719341061623,3.906171208255119
2020-04-29,0.5312869127516778,1.171,0.507648980022344,0.7063833024023095,0.5410048810250153,3.921027605135198
2020-04-30,0.5487684563758389,1.194,0.5147119223530897,0.7238728477162594,0.5463807199511899,3.938006344426717
2020-05-06,0.546234899328859,1.217,0.5173605257271193,0.737475827404887,0.5454032946918854,3.9348228308095576
2020-05-07,0.5404077181208053,1.212,0.5186848274141341,0.7365041859985565,0.5454032946918854,3.9178440915180386
2020-05-08,0.5409144295302013,1.225,0.5230991663708502,0.7462206000618621,0.5483355704697987,3.966657966981156
2020-05-11,0.5371140939597315,1.213,0.5248649019535366,0.744277317249201,0.5517565588773643,3.948618056483917
2020-05-12,0.5295134228187919,1.226,0.5217748646838354,0.7462206000618621,0.5478468578401464,3.940128686838157
2020-05-13,0.5219127516778523,1.233,0.5239820341621934,0.7520504484998454,0.5493129957291032,3.948618056483917
2020-05-14,0.5120318791946309,1.221,0.516477657935776,0.7462206000618621,0.5429597315436242,3.974086165421195
2020-05-15,0.5170989932885905,1.223,0.516477657935776,0.7501071656871843,0.5414935936546675,4.032450581735792
2020-05-18,0.5208993288590604,1.221,0.5169190918314477,0.7452489586555315,0.5439371568029286,4.129017161456307
2020-05-19,0.5305268456375839,1.238,0.5195676952054774,0.7569086555314981,0.5454032946918854,4.062163375495951
2020-05-20,0.5259664429530202,1.223,0.5155947901444329,0.7510788070935148,0.5429597315436242,4.106732566136189
2020-05-21,0.5307802013422819,1.213,0.51206331897906,0.7384474688112176,0.5429597315436242,4.071713916347431
2020-05-22,0.5203926174496644,1.181,0.5036760749612996,0.7248444891225899,0.5331854789505797,4.066408060318831
2020-05-25,0.5343271812080537,1.187,0.5054418105439861,0.7248444891225899,0.5351403294691885,4.055796348261631
2020-05-26,0.5444614093959731,1.223,0.5116218850833885,0.7413623930302093,0.5370951799877974,4.07489742996459
2020-05-27,0.5368607382550336,1.198,0.5102975833963737,0.7365041859985565,0.5380726052471019,4.0335117529415125
2020-05-28,0.5325536912751677,1.189,0.5098561495007021,0.7345609031858954,0.5405161683953631,4.062163375495951
2020-05-29,0.530020134228188,1.205,0.5133876206660749,0.7433056758428704,0.5395387431360587,4.061102204290231
2020-06-01,0.5373674496644295,1.25,0.5257477697448798,0.7675967110011341,0.5478468578401464,4.095059682873269
2020-06-02,0.5388875838926174,1.239,0.526630637536223,0.7666250695948036,0.5498017083587554,4.08550914202179
2020-06-03,0.5424345637583893,1.239,0.5257477697448798,0.765653428188473,0.5502904209884075,4.047306978615872
2020-06-04,0.5416744966442952,1.243,0.5253063358492082,0.7705116352201258,0.5517565588773643,4.015471842444273
2020-06-05,0.5416744966442952,1.251,0.5248649019535366,0.7695399938137952,0.5498017083587554,4.015471842444273
2020-06-08,0.5490218120805369,1.244,0.5279549392232378,0.7695399938137952,0.553222696766321,3.9783308502440753
2020-06-09,0.5530755033557047,1.26,0.5314864103886107,0.774398200845448,0.5556662599145821,3.9783308502440753
2020-06-10,0.5604228187919463,1.272,0.5341350137626403,0.7734265594391174,0.5556662599145821,4.017594184855713
2020-06-11,0.5551023489932886,1.273,0.5297206748059242,0.7714832766264563,0.5502904209884075,4.052612834644472
2020-06-12,0.5399010067114093,1.285,0.5301621087015959,0.7724549180327869,0.551267846247712,4.050490492233032
2020-06-15,0.526473154362416,1.286,0.5279549392232378,0.7724549180327869,0.5463807199511899,4.040939951381552
2020-06-16,0.5505419463087249,1.312,0.5359007493453266,0.7880011805340758,0.5522452715070164,4.036695266558672
2020-06-17,0.5583959731543624,1.313,0.5394322205106995,0.7909161047530673,0.5546888346552776,4.039878780175832
2020-06-18,0.5573825503355705,1.312,0.5407565221977143,0.7889728219404063,0.5571323978035387,4.035634095352952
2020-06-19,0.5609295302013423,1.345,0.5420808238847291,0.79577431178472,0.5590872483221476,4.043062293792992
2020-06-22,0.5581426174496644,1.357,0.541197956093386,0.7996608774100422,0.5551775472849299,4.0876314844332295
2020-06-23,0.5637164429530201,1.382,0.5425222577804008,0.8016041602227033,0.553222696766321,4.08232562840463
2020-06-24,0.5677701342281879,1.381,0.5464951628414452,0.7986892360037117,0.5556662599145821,4.110977250959069
2020-06-29,0.5495285234899329,1.375,0.5420808238847291,0.7977175945973811,0.5527339841366687,4.109916079753349
2020-06-30,0.5543422818791947,1.416,0.5469365967371168,0.8093772914733477,0.5581098230628432,4.114160764576228
2020-07-01,0.5616895973154362,1.408,0.5601796136072649,0.8142354985050004,0.5732599145820623,4.140690044719227
2020-07-02,0.5713171140939597,1.408,0.5725397626860698,0.823951912568306,0.5893874313605858,4.1024878813133085
2020-07-03,0.5743573825503355,1.432,0.5813684405995018,0.834639968037942,0.5976955460646737,4.116283106987668
2020-07-06,0.5773976510067114,1.47,0.6162417183575585,0.8696190586658419,0.6372812690665041,4.108854908547628
2020-07-07,0.5801845637583892,1.51,0.6131516810878573,0.8803071141354779,0.6358151311775473,4.1120384221647885
2020-07-08,0.5799312080536912,1.541,0.6210974912099462,0.8977966594494278,0.6372812690665041,4.127955990250587
2020-07-09,0.585505033557047,1.607,0.6347819419757659,0.9288891844520052,0.6426571079926785,4.155546441599306
2020-07-10,0.584998322147651,1.609,0.6250703962709906,0.9259742602330135,0.628484441732764,4.127955990250587
2020-07-13,0.5961459731543625,1.68,0.6405205826194967,0.970669764924219,0.6446119585112874,4.143873558336386
2020-07-14,0.5875318791946309,1.651,0.6378719792454671,0.9560951438292608,0.6411909701037218,4.139628873513507
2020-07-15,0.5890520134228189,1.628,0.624628962375319,0.9240309774203526,0.6343489932885906,4.142812387130666
2020-07-16,0.5371140939597315,1.532,0.603440135383082,0.8783638313228168,0.6260408785845027,4.1268948190448675
2020-07-17,0.5847449664429529,1.544,0.6096202099224844,0.8832220383544696,0.6235973154362416,4.104610223724749
2020-07-20,0.5817046979865771,1.562,0.635664809767109,0.912371280544386,0.6490103721781575,4.1268948190448675
2020-07-21,0.6072936241610738,1.582,0.6347819419757659,0.9191727703886998,0.6475442342892007,4.152362927982146
2020-07-22,0.5986795302013422,1.6,0.6374305453497955,0.9288891844520052,0.648032946918853,4.2499906789083814
2020-07-23,0.6004530201342282,1.62,0.6352233758714375,0.9279175430456748,0.6421683953630263,4.27439761663994
2020-07-24,0.5801845637583892,1.522,0.6149174166705437,0.8841936797608001,0.6226198901769372,4.318966807280178
2020-07-27,0.5827181208053691,1.522,0.615800284461887,0.8851653211671306,0.6182214765100671,4.422961585440732
2020-07-28,0.5903187919463088,1.54,0.6228632267926326,0.8948817352304361,0.622131177547285,4.410227530972093
2020-07-29,0.5877852348993288,1.604,0.6361062436627807,0.923059336014022,0.6304392922513729,4.424022756646452
2020-07-30,0.585505033557047,1.587,0.6383134131411387,0.9201444117950304,0.6358151311775473,4.3921876204748544
2020-07-31,0.5976661073825503,1.619,0.6440520537848695,0.9356906742963192,0.6407022574740696,4.432512126292211
2020-08-03,0.6004530201342282,1.661,0.656853636759346,0.9667831992988968,0.6578071995118976,4.419778071823573
2020-08-04,0.6070402684563758,1.64,0.6590608062377041,0.961924992267244,0.6592733374008543,4.422961585440732
2020-08-05,0.6078003355704698,1.653,0.6595022401333757,0.9696981235178884,0.6553636363636364,4.5439351028928066
2020-08-06,0.604506711409396,1.63,0.6612679757160621,0.9755279719558716,0.6538974984746798,4.580014923887284
2020-08-07,0.6113473154362415,1.592,0.6603851079247188,0.9599817094545828,0.6553636363636364,4.604421861618843
2020-08-10,0.6088137583892618,1.584,0.6683309180468078,0.9648399164862356,0.6612281879194631,4.5694032118300845
2020-08-11,0.6078003355704698,1.557,0.6577365045506892,0.942492164140633,0.658784624771202,4.47495897452101
2020-08-12,0.6004530201342282,1.528,0.6581779384463609,0.9269459016393442,0.6548749237339843,4.209666173091024
2020-08-13,0.6110939597315436,1.519,0.6555293350723312,0.9308324672646664,0.6607394752898109,4.258480048554141
2020-08-14,0.6151476510067114,1.547,0.6647994468814349,0.944435446953294,0.6646491763270288,4.2988045543714986
2020-08-17,0.6141342281879194,1.562,0.6789253315429262,0.9648399164862356,0.6827315436241611,4.341251402600297
2020-08-18,0.6156543624161074,1.563,0.6811325010212842,0.974556330549541,0.6832202562538133,4.442062667143691
2020-08-19,0.6212281879194631,1.516,0.6793667654385978,0.9560951438292608,0.6797992678462478,4.396432305297734
2020-08-20,0.6189479865771812,1.501,0.6696552197338225,0.9415205227343024,0.6719798657718121,4.292437527137179
2020-08-21,0.6316157718120805,1.527,0.6745109925862102,0.9502652953912774,0.6710024405125077,4.309416266428698
2020-08-24,0.6485906040268457,1.561,0.675835294273225,0.9609533508609136,0.6754008541793777,4.2669694181999
2020-08-25,0.6680989932885906,1.566,0.673628124794867,0.961924992267244,0.6724685784014643,4.273336445434221
2020-08-26,0.6561912751677852,1.534,0.6647994468814349,0.9366623157026496,0.663183038438072,4.2648470757884605
2020-08-27,0.6802600671140939,1.561,0.6652408807771064,0.9492936539849468,0.6622056131787676,4.314722122457297
2020-08-28,0.6871006711409396,1.601,0.673628124794867,0.9628966336735746,0.6724685784014643,4.316844464868738
2020-08-31,0.7005285234899329,1.584,0.6753938603775534,0.9628966336735746,0.6680701647345944,4.337006717777417
2020-09-01,0.7149697986577181,1.596,0.6723038231078521,0.968726482111558,0.6646491763270288,4.381575908417654
2020-09-02,0.753986577181208,1.607,0.6740695586905385,0.97261304773688,0.6612281879194631,4.335945546571697
2020-09-03,0.7950302013422819,1.592,0.6705380875251657,0.961924992267244,0.6582959121415498,4.26060239096558
2020-09-04,0.715476510067114,1.583,0.6674480502554645,0.961924992267244,0.6548749237339843,4.27545878784566
2020-09-07,0.6660721476510068,1.532,0.656853636759346,0.9434638055469636,0.6470555216595486,4.2722752742285
2020-09-08,0.7045822147651007,1.54,0.6586193723420325,0.9522085782039386,0.6504765100671142,4.27439761663994
2020-09-09,0.6711392617449664,1.466,0.6427277520978547,0.9211160532013608,0.6402135448444174,4.27439761663994
2020-09-10,0.6855805369127517,1.444,0.6391962809324818,0.8909951696051139,0.6377699816961562,4.306232752811538
2020-09-11,0.6696191275167784,1.47,0.6440520537848695,0.9045981492937416,0.6377699816961562,4.2945598695486185
2020-09-14,0.6840604026845638,1.494,0.6453763554718843,0.9162578461697082,0.6377699816961562,4.297743383165779
2020-09-15,0.6914077181208054,1.502,0.6506735622199435,0.923059336014022,0.6402135448444174,4.3136609512515784
2020-09-16,0.6883674496644295,1.482,0.6506735622199435,0.9152862047633776,0.6416796827333741,4.2988045543714986
2020-09-17,0.6615117449664429,1.483,0.6537635994896448,0.9201444117950304,0.6436345332519829,4.26909176061134
2020-09-18,0.6673389261744966,1.51,0.6652408807771064,0.9356906742963192,0.6582959121415498,4.286070499902859
2020-09-21,0.6549244966442953,1.492,0.6599436740290473,0.9356906742963192,0.6534087858450275,4.28713167110858
2020-09-22,0.64048322147651,1.484,0.6511149961156152,0.9172294875760388,0.6436345332519829,4.192687433799504
2020-09-23,0.6430167785234898,1.508,0.6519978639069585,0.9269459016393442,0.6426571079926785,4.1268948190448675
2020-09-24,0.6192013422818792,1.473,0.6383134131411387,0.9026548664810804,0.6338602806589384,4.08020328599319
2020-09-25,0.6118540268456376,1.476,0.6374305453497955,0.8977966594494278,0.6304392922513729,4.131139503867747
2020-09-28,0.6364295302013423,1.466,0.6391962809324818,0.8871086039797917,0.6333715680292862,4.118405449399108
2020-09-29,0.6513775167785235,1.491,0.6409620165151683,0.8958533766367667,0.632882855399634,4.174647523302266
2020-09-30,0.6597382550335571,1.497,0.6369891114541238,0.8909951696051139,0.6289731543624161,4.1757086945079855
2020-10-09,0.680006711409396,1.553,0.6511149961156152,0.9172294875760388,0.6387474069554606,4.173586352096545
2020-10-12,0.6888741610738255,1.613,0.665682314672778,0.9492936539849468,0.6494990848078097,4.221339056353943
2020-10-13,0.6911543624161074,1.619,0.665682314672778,0.9531802196102692,0.6509652226967664,4.207543830679583
2020-10-14,0.6865939597315436,1.605,0.6612679757160621,0.9434638055469636,0.6485216595485052,4.158729955216466
2020-10-15,0.6637919463087248,1.591,0.6617094096117337,0.9356906742963192,0.648032946918853,4.152362927982146
2020-10-16,0.6660721476510068,1.584,0.6617094096117337,0.933747391483658,0.6514539353264186,4.1661581536565055
2020-10-19,0.6756996644295301,1.564,0.6595022401333757,0.9269459016393442,0.6490103721781575,4.1714640096851054
2020-10-20,0.6642986577181208,1.592,0.6612679757160621,0.9376339571089802,0.6490103721781575,4.154485270393586
2020-10-21,0.660498322147651,1.57,0.6586193723420325,0.9240309774203526,0.6504765100671142,4.168280496067945
2020-10-22,0.640989932885906,1.554,0.6550879011766596,0.9182011289823692,0.6475442342892007,4.1714640096851054
2020-10-23,0.6371895973154362,1.516,0.6506735622199435,0.90168322507475,0.6451006711409397,4.157668784010746
2020-10-26,0.6303489932885906,1.521,0.6480249588459139,0.9007115836684194,0.6426571079926785,4.138567702307787
2020-10-27,0.6364295302013423,1.54,0.6471420910545708,0.9075130735127332,0.6402135448444174,4.1757086945079855
2020-10-28,0.6293355704697986,1.55,0.6462592232632275,0.9065414321064028,0.6387474069554606,4.176769865713705
2020-10-29,0.622494966442953,1.569,0.6497906944286004,0.9075130735127332,0.6451006711409397,4.119466620604828
2020-10-30,0.6072936241610738,1.545,0.6378719792454671,0.8841936797608001,0.6348377059182428,4.093998511667549
2020-11-02,0.6093204697986576,1.575,0.6400791487238251,0.8841936797608001,0.6421683953630263,4.133261846279187
2020-11-03,0.622494966442953,1.594,0.6462592232632275,0.9036265078874112,0.648032946918853,4.1513017567764265
2020-11-04,0.6501107382550335,1.598,0.6489078266372571,0.8987683008557583,0.6529200732153753,4.169341667273665
2020-11-05,0.6480838926174496,1.622,0.6595022401333757,0.9162578461697082,0.6602507626601587,4.167219324862225
2020-11-06,0.6452969798657718,1.589,0.6603851079247188,0.9084847149190638,0.663183038438072,4.206482659473863
2020-11-09,0.6594848993288591,1.636,0.6661237485684497,0.9308324672646664,0.6734460036607688,4.194809776210944
2020-11-10,0.6306023489932886,1.614,0.6639165790900917,0.9211160532013608,0.6729572910311166,4.08550914202179
2020-11-11,0.6204681208053691,1.562,0.6687723519424793,0.9055697907000722,0.6768669920683344,4.07808094358175
2020-11-12,0.621481543624161,1.572,0.6700966536294941,0.9084847149190638,0.6793105552165954,4.07065274514171
2020-11-13,0.623761744966443,1.578,0.6630337112987484,0.910427997731725,0.6675814521049421,4.08975382684467
2020-11-16,0.6280687919463087,1.576,0.6767181620645681,0.9220876946076916,0.6900622330689445,4.08869265563895
2020-11-17,0.6242684563758389,1.55,0.6776010298559113,0.910427997731725,0.6900622330689445,4.08020328599319
2020-11-18,0.6179345637583893,1.527,0.6776010298559113,0.912371280544386,0.6939719341061623,4.052612834644472
2020-11-19,0.6181879194630873,1.542,0.6798081993342694,0.9172294875760388,0.68908480780964,4.035634095352952
2020-11-20,0.6242684563758389,1.554,0.6828982366039706,0.9240309774203526,0.6920170835875534,4.038817608970112
2020-11-23,0.6197080536912752,1.564,0.689078311143373,0.931804108670997,0.7032574740695546,4.047306978615872
2020-11-24,0.621481543624161,1.555,0.6851054060823287,0.9279175430456748,0.6983703477730324,3.9496792276896366
2020-11-25,0.6288288590604028,1.525,0.6767181620645681,0.9133429219507164,0.68908480780964,3.906171208255119
2020-11-26,0.6311090604026846,1.521,0.6762767281688966,0.9065414321064028,0.6905509456985968,3.910415893077998
2020-11-27,0.6306023489932886,1.527,0.6793667654385978,0.9094563563253945,0.6949493593654668,3.907232379460839
2020-11-30,0.6306023489932886,1.53,0.6771595959602398,0.9045981492937416,0.7003251982916413,3.810665799740324
2020-12-01,0.6387097315436241,1.569,0.6851054060823287,0.9182011289823692,0.6964154972544235,3.8403785935004824
2020-12-02,0.640736577181208,1.56,0.6868711416650151,0.9191727703886998,0.6978816351433801,3.896620667403639
2020-12-03,0.6435234899328859,1.578,0.6828982366039706,0.9172294875760388,0.68908480780964,3.9390675156324377
2020-12-04,0.6420033557046979,1.59,0.680249633229941,0.9250026188266832,0.6881073825503355,3.945434542866757
2020-12-07,0.641496644295302,1.583,0.6740695586905385,0.9220876946076916,0.6788218425869433,3.936945173220997
2020-12-08,0.6442835570469799,1.595,0.6723038231078521,0.9201444117950304,0.6773557046979866,3.994248418329874
2020-12-09,0.6493506711409396,1.567,0.6652408807771064,0.9045981492937416,0.6700250152532032,3.971963823009755
2020-12-10,0.6328825503355705,1.579,0.6665651824641213,0.9045981492937416,0.6675814521049421,3.931639317192398
2020-12-11,0.6341493288590604,1.567,0.6595022401333757,0.8919668110114445,0.6680701647345944,3.9263334611637983
2020-12-14,0.6356694630872483,1.588,0.6603851079247188,0.8997399422620889,0.6622056131787676,3.927394632369518
2020-12-15,0.6397231543624161,1.607,0.6599436740290473,0.9026548664810804,0.6602507626601587,3.959229768541116
2020-12-16,0.6480838926174496,1.607,0.6572950706550177,0.8939100938241056,0.6582959121415498,3.985759048684115
2020-12-17,0.6498573825503355,1.623,0.6612679757160621,0.9036265078874112,0.6607394752898109,4.006982472798514
2020-12-18,0.6518842281879195,1.62,0.6590608062377041,0.90168322507475,0.6661153142159854,4.036695266558672
2020-12-21,0.6526442953020134,1.675,0.6599436740290473,0.9172294875760388,0.6646491763270288,4.08550914202179
2020-12-22,0.6465637583892617,1.637,0.6506735622199435,0.8997399422620889,0.6504765100671142,4.0239612120900325
2020-12-23,0.6483372483221477,1.655,0.6493492605329289,0.9055697907000722,0.6499877974374619,4.013349500032834
2020-12-24,0.6460570469798658,1.646,0.6440520537848695,0.8948817352304361,0.6451006711409397,4.028205896912913
2020-12-25,0.6473238255033558,1.656,0.6462592232632275,0.8987683008557583,0.6509652226967664,4.047306978615872
2020-12-28,0.6521375838926174,1.655,0.645817789367556,0.8958533766367667,0.6470555216595486,4.054735177055911
2020-12-29,0.6584714765100671,1.635,0.6475835249502424,0.8909951696051139,0.6446119585112874,4.031389410530072
2020-12-30,0.6584714765100671,1.686,0.6475835249502424,0.892938452417775,0.6465668090298963,4.026083554501473
2020-12-31,0.6584714765100671,1.726,0.6564122028636745,0.9113996391380554,0.6490103721781575,4.045184636204431
2021-01-04,0.6534043624161074,1.784,0.6581779384463609,0.9288891844520052,0.6451006711409397,4.099304367696149
2021-01-05,0.6437768456375839,1.796,0.6621508435074053,0.9308324672646664,0.6446119585112874,4.120527791810548
2021-01-06,0.640736577181208,1.81,0.6639165790900917,0.9211160532013608,0.6509652226967664,4.129017161456307
2021-01-07,0.6420033557046979,1.835,0.6590608062377041,0.9065414321064028,0.6519426479560708,4.101426710107589
2021-01-08,0.6559379194630872,1.829,0.6608265418203905,0.90168322507475,0.6529200732153753,4.07914211478747
2021-01-11,0.6582181208053691,1.801,0.6572950706550177,0.8861369625734612,0.6470555216595486,3.969841480598316
2021-01-12,0.6546711409395973,1.845,0.6643580129857632,0.9036265078874112,0.648032946918853,3.9995542743584744
2021-01-13,0.6518842281879195,1.818,0.6625922774030768,0.892938452417775,0.6470555216595486,3.9931872471241543
2021-01-14,0.6554312080536913,1.793,0.6661237485684497,0.8919668110114445,0.6455893837705918,3.966657966981156
2021-01-15,0.6501107382550335,1.794,0.6700966536294941,0.8968250180430972,0.6504765100671142,3.9762085078326352
2021-01-18,0.6478305369127516,1.827,0.6780424637515831,0.9162578461697082,0.6538974984746798,3.968780309392596
2021-01-19,0.6546711409395973,1.79,0.6806910671256127,0.9075130735127332,0.6602507626601587,3.974086165421195
2021-01-20,0.659991610738255,1.859,0.6784838976472546,0.912371280544386,0.6534087858450275,3.984697877478395
2021-01-21,0.6767130872483221,1.903,0.6855468399780003,0.923059336014022,0.6538974984746798,4.021838869678593
2021-01-22,0.6772197986577181,1.951,0.6811325010212842,0.9211160532013608,0.6431458206223307,4.000615445564194
2021-01-25,0.6840604026845638,1.945,0.6753938603775534,0.9113996391380554,0.6372812690665041,3.982575535066955
2021-01-26,0.679753355704698,1.887,0.6709795214208374,0.8987683008557583,0.6353264185478952,3.994248418329874
2021-01-27,0.6891275167785236,1.906,0.6762767281688966,0.8977966594494278,0.6358151311775473,3.970902651804036
2021-01-28,0.6632852348993288,1.835,0.665682314672778,0.8803071141354779,0.6279957291031116,3.953923912512516
2021-01-29,0.6630318791946309,1.819,0.6608265418203905,0.8676757758531808,0.6270183038438072,3.971963823009755
2021-02-01,0.660498322147651,1.838,0.673628124794867,0.8735056242911641,0.6343489932885906,4.015471842444273
2021-02-02,0.6774731543624161,1.876,0.6793667654385978,0.8812787555418085,0.6319054301403295,3.982575535066955
2021-02-03,0.6865939597315436,1.87,0.6776010298559113,0.8676757758531808,0.6309280048810251,3.942251029249597
2021-02-04,0.6805134228187919,1.858,0.6665651824641213,0.8492145891329003,0.6275070164734595,3.913599406695159
2021-02-05,0.6903942953020135,1.855,0.667889484151136,0.8336683266316115,0.6367925564368517,3.866907873643481
2021-02-08,0.6936879194630873,1.904,0.673628124794867,0.8375548922569337,0.6372812690665041,3.900865352226519
2021-02-09,0.6934345637583893,1.931,0.6868711416650151,0.8637892102278585,0.639236119585113,3.945434542866757
2021-02-10,0.6964748322147651,1.981,0.6943755178914323,0.8686474172595113,0.6431458206223307,3.946495714072477
2021-02-18,0.6919144295302013,1.926,0.7071771008659089,0.8871086039797917,0.6563410616229408,3.832950395060443
2021-02-19,0.6911543624161074,1.905,0.7208615516317285,0.9026548664810804,0.6675814521049421,3.817032826974643
2021-02-22,0.6840604026845638,1.822,0.7213029855274001,0.9036265078874112,0.6749121415497255,3.8605408464091617
2021-02-23,0.6749395973154363,1.808,0.7160057787793409,0.8939100938241056,0.6675814521049421,3.904048865843679
2021-02-24,0.6617651006711409,1.748,0.7085014025529236,0.8880802453861223,0.6666040268456377,3.89237598258076
2021-02-25,0.6751929530201343,1.73,0.7190958160490422,0.8841936797608001,0.6822428309945089,3.8562961615862816
2021-02-26,0.6458036912751678,1.693,0.7023213280135212,0.8705907000721724,0.669536302623551,3.796870574065964
2021-03-01,0.659231543624161,1.74,0.7195372499447137,0.8939100938241056,0.6773557046979866,3.779891834774445
2021-03-02,0.6683523489932885,1.719,0.7168886465706842,0.8939100938241056,0.673934716290421,3.713038048814089
2021-03-03,0.6663255033557046,1.74,0.7318973990235186,0.9045981492937416,0.68908480780964,3.732139130517048
2021-03-04,0.642256711409396,1.657,0.7230687211100865,0.8900235281987834,0.6895735204392923,3.6939369671111297
2021-03-05,0.6346560402684563,1.668,0.7182129482576989,0.8909951696051139,0.6793105552165954,3.657857146116652
2021-03-08,0.6354161073825503,1.583,0.7107085720312817,0.8686474172595113,0.6754008541793777,3.70030399434545
2021-03-09,0.6326291946308724,1.536,0.6930512162044176,0.8443563821012475,0.6700250152532032,3.68438642625965
2021-03-10,0.6473238255033558,1.554,0.690402612830388,0.834639968037942,0.6646491763270288,3.7215274184598486
2021-03-11,0.6546711409395973,1.596,0.7076185347615804,0.8579593617898752,0.6788218425869433,3.7554848970428862
2021-03-12,0.659231543624161,1.601,0.7151229109879977,0.8599026446025363,0.6939719341061623,3.7034875079626097
2021-03-15,0.6559379194630872,1.536,0.7182129482576989,0.8511578719455614,0.697392922513728,3.736383815339928
2021-03-16,0.6696191275167784,1.551,0.7204201177360569,0.8608742860088668,0.7008139109212935,3.745934356191407
2021-03-17,0.6688590604026846,1.566,0.7177715143620272,0.8637892102278585,0.6964154972544235,3.7576072394543263
2021-03-18,0.6731661073825503,1.596,0.7226272872144149,0.864760851634189,0.6978816351433801,3.789442375625925
2021-03-19,0.6523909395973154,1.554,0.7124743076139681,0.8628175688215279,0.6895735204392923,3.769280122717246
2021-03-22,0.6577114093959732,1.567,0.7213029855274001,0.8773921899164863,0.697392922513728,3.751240212220007
2021-03-23,0.6622718120805369,1.551,0.7120328737182965,0.8696190586658419,0.6876186699206834,3.7650354378943662
2021-03-24,0.6653120805369127,1.531,0.6974655551611336,0.8511578719455614,0.6807766931055522,3.7607907530714866
2021-03-25,0.6564446308724833,1.543,0.6987898568481483,0.8531011547582225,0.6797992678462478,3.769280122717246
2021-03-26,0.660498322147651,1.594,0.7062942330745656,0.8676757758531808,0.6851751067724222,3.7607907530714866
2021-03-29,0.6602449664429529,1.589,0.7111500059269532,0.8696190586658419,0.6964154972544235,3.762913095482926
2021-03-30,0.6617651006711409,1.61,0.7137986093009829,0.8686474172595113,0.6944606467358146,3.7183439048426887
2021-03-31,0.6597382550335571,1.605,0.7168886465706842,0.8686474172595113,0.6934832214765101,3.672713542996731
2021-04-01,0.6754463087248321,1.634,0.7199786838403853,0.8735056242911641,0.6978816351433801,3.749117869808567
2021-04-02,0.6833003355704698,1.657,0.7195372499447137,0.8744772656974946,0.6920170835875534,3.795809402860245
2021-04-06,0.6939412751677851,1.648,0.7243930227971014,0.8851653211671306,0.6920170835875534,3.772463636334406
2021-04-07,0.6941946308724832,1.629,0.7266001922754594,0.8851653211671306,0.697392922513728,3.790503546831645
2021-04-08,0.7028087248322148,1.643,0.7230687211100865,0.8832220383544696,0.6964154972544235,3.796870574065964
2021-04-09,0.7035687919463087,1.62,0.7213029855274001,0.8841936797608001,0.6964154972544235,3.817032826974643
2021-04-12,0.7104093959731543,1.582,0.7120328737182965,0.8628175688215279,0.6964154972544235,3.793687060448805
2021-04-13,0.7081291946308724,1.598,0.7085014025529236,0.8599026446025363,0.6925057962172056,3.756546068248607
2021-04-14,0.7190234899328859,1.633,0.7142400431966546,0.871562341478503,0.6959267846247712,3.796870574065964
2021-04-15,0.7116761744966443,1.625,0.7111500059269532,0.8696190586658419,0.6969042098840756,3.795809402860245
2021-04-16,0.716489932885906,1.62,0.7226272872144149,0.8812787555418085,0.7071671751067725,3.829766881443283
2021-04-19,0.7190234899328859,1.687,0.7274830600668025,0.8919668110114445,0.7052123245881636,3.8573573327920014
2021-04-20,0.7091426174496644,1.684,0.7261587583797878,0.8900235281987834,0.7027687614399024,3.819155169386084
2021-04-21,0.7043288590604027,1.696,0.7296902295451606,0.8909951696051139,0.7052123245881636,3.8605408464091617
2021-04-22,0.7104093959731543,1.711,0.7296902295451606,0.8948817352304361,0.7052123245881636,3.863724360026321
2021-04-23,0.7023020134228187,1.743,0.7274830600668025,0.8919668110114445,0.6998364856619891,3.8552349903805614
2021-04-26,0.7081291946308724,1.726,0.727041626171131,0.8861369625734612,0.697392922513728,3.831889223854723
2021-04-27,0.7147164429530202,1.737,0.7257173244841162,0.8841936797608001,0.6949493593654668,3.839317422294762
2021-04-28,0.7119295302013423,1.777,0.7318973990235186,0.8890518867924528,0.7003251982916413,3.815971655768924
2021-04-29,0.716489932885906,1.778,0.7367531718759063,0.8851653211671306,0.708144600366077,3.829766881443283
2021-04-30,0.7099026845637584,1.799,0.7301316634408321,0.8832220383544696,0.7022800488102502,3.808543457328884
2021-05-06,0.6919144295302013,1.752,0.733663134606205,0.8861369625734612,0.7100994508846858,3.864785531232041
2021-05-07,0.6906476510067114,1.697,0.729248795649489,0.8764205485101557,0.7149865771812082,3.907232379460839
2021-05-10,0.6954614093959731,1.704,0.7261587583797878,0.8764205485101557,0.7218285539963394,3.9189052627237584
2021-05-11,0.6754463087248321,1.703,0.7226272872144149,0.8764205485101557,0.7169414276998171,3.913599406695159
2021-05-12,0.6751929530201343,1.724,0.7279244939624742,0.8919668110114445,0.7242721171446004,3.924211118752358
2021-05-13,0.6645520134228189,1.714,0.7243930227971014,0.8832220383544696,0.7223172666259915,3.906171208255119
2021-05-14,0.6724060402684563,1.77,0.7274830600668025,0.8997399422620889,0.7208511287370348,3.9295169747809577
2021-05-17,0.678486577181208,1.813,0.7305730973365039,0.8939100938241056,0.7247608297742527,3.971963823009755
2021-05-18,0.681273489932886,1.801,0.7341045685018767,0.8997399422620889,0.7267156802928616,3.996370760741314
2021-05-19,0.6680989932885906,1.812,0.7283659278581458,0.8977966594494278,0.7257382550335572,4.001676616769914
2021-05-20,0.6698724832214765,1.831,0.7248344566927729,0.8987683008557583,0.7159640024405126,4.003798959181354
2021-05-21,0.6820335570469799,1.816,0.7243930227971014,0.90168322507475,0.7188962782184259,4.006982472798514
2021-05-24,0.6805134228187919,1.829,0.7310145312321754,0.9084847149190638,0.7237834045149483,4.020777698472873
2021-05-25,0.6893808724832214,1.88,0.7416089447282939,0.9182011289823692,0.7345350823672971,4.006982472798514
2021-05-26,0.6893808724832214,1.863,0.7464647175806816,0.923059336014022,0.7384447834045149,4.047306978615872
2021-05-27,0.6855805369127517,1.877,0.7486718870590395,0.933747391483658,0.7433319097010372,4.025022383295753
2021-05-28,0.6843137583892618,1.882,0.7451404158936668,0.9288891844520052,0.7467528981086029,3.994248418329874
2021-05-31,0.6827936241610738,1.926,0.7473475853720247,0.9492936539849468,0.7511513117754729,4.026083554501473
2021-06-01,0.6838070469798657,1.921,0.748230453163368,0.9522085782039386,0.7511513117754729,4.047306978615872
2021-06-02,0.6807667785234899,1.889,0.7460232836850099,0.9395772399216412,0.7526174496644296,3.984697877478395
2021-06-03,0.6827936241610738,1.866,0.743816114206652,0.9395772399216412,0.7506625991458207,3.968780309392596
2021-06-04,0.677726510067114,1.892,0.7433746803109803,0.9454070883596246,0.749196461256864,3.9220887763409182
2021-06-07,0.6863406040268456,1.884,0.7455818497893384,0.9590100680482524,0.7413770591824284,3.9496792276896366
2021-06-08,0.6901409395973155,1.873,0.7402846430412792,0.9522085782039386,0.7438206223306895,3.970902651804036
2021-06-09,0.6903942953020135,1.873,0.7416089447282939,0.951236936797608,0.744798047589994,3.967719138186875
2021-06-10,0.6876073825503356,1.922,0.743816114206652,0.9658115578925662,0.744798047589994,3.958168597335397
2021-06-11,0.6959681208053691,1.924,0.7389603413542642,0.9590100680482524,0.742843197071385,3.9900037335069944
2021-06-15,0.7078758389261744,1.902,0.7266001922754594,0.9522085782039386,0.7345350823672971,3.919966433929478
2021-06-16,0.7015419463087249,1.825,0.7230687211100865,0.9347190328899886,0.7340463697376449,3.9178440915180386
2021-06-17,0.6990083892617449,1.864,0.7239515889014297,0.9492936539849468,0.7335576571079927,3.849929134351962
2021-06-18,0.7147164429530202,1.895,0.7217444194230718,0.9590100680482524,0.7301366687004271,3.810665799740324
2021-06-21,0.7096493288590604,1.909,0.7182129482576989,0.9784428961748632,0.7286705308114705,3.813849313357484
2021-06-22,0.7142097315436241,1.912,0.7221858533187433,0.9774712547685328,0.7325802318486884,3.8287057102375632
2021-06-23,0.7256107382550335,1.938,0.7243930227971014,0.9891309516444994,0.7413770591824284,3.830828052649003
2021-06-24,0.7243439597315436,1.913,0.729248795649489,0.9755279719558716,0.7413770591824284,3.811726970946044
2021-06-25,0.7261174496644296,1.952,0.7371946057715778,0.9803861789875244,0.7413770591824284,3.809604628534604
2021-06-28,0.7286510067114094,1.989,0.7385189074585927,0.9881593102381688,0.7311140939597316,3.814910484563204
2021-06-29,0.7344781879194631,1.986,0.7345460023975482,0.9803861789875244,0.7291592434411227,3.797931745271685
2021-06-30,0.7397986577181208,2.03,0.7367531718759063,0.9930175172698216,0.7325802318486884,3.768218951511526
2021-07-01,0.7372651006711409,2.013,0.7358703040845631,0.976499613362202,0.7394222086638194,3.813849313357484
2021-07-02,0.7375184563758389,1.943,0.7296902295451606,0.9667831992988968,0.7306253813300794,3.817032826974643
2021-07-05,0.7453724832214765,1.959,0.729248795649489,0.9852443860191772,0.727693105552166,3.831889223854723
2021-07-06,0.7461325503355705,1.927,0.733663134606205,0.9803861789875244,0.7301366687004271,3.864785531232041
2021-07-07,0.7524664429530201,1.988,0.733663134606205,0.9959324414888132,0.7281818181818183,3.862663188820602
2021-07-08,0.7519597315436242,2.007,0.7257173244841162,0.998847365707805,0.7169414276998171,3.8552349903805614
2021-07-09,0.7511996644295301,1.992,0.731455965127847,1.0027339313331272,0.7223172666259915,3.867969044849201
2021-07-12,0.7588003355704698,2.065,0.7349874362932198,1.022166759459738,0.7193849908480782,3.862663188820602
2021-07-13,0.7590536912751678,2.056,0.7433746803109803,1.0299398907103825,0.7228059792556438,3.8785807569064
2021-07-14,0.7570268456375838,2.036,0.7371946057715778,1.0163369110217548,0.7286705308114705,3.88282544172928
2021-07-15,0.7588003355704698,2.064,0.7411675108326223,1.0134219868027632,0.727693105552166,3.910415893077998
2021-07-16,0.7511996644295301,2.007,0.7407260769369507,1.0143936282090935,0.732091519219036,3.9019265234322393
2021-07-19,0.7461325503355705,2.014,0.7389603413542642,1.0134219868027632,0.7340463697376449,3.864785531232041
2021-07-20,0.7456258389261745,2.021,0.731455965127847,1.0211951180534076,0.7316028065893839,3.896620667403639
2021-07-21,0.7494261744966443,2.079,0.7318973990235186,1.039656304773688,0.7296479560707749,3.88282544172928
2021-07-22,0.7570268456375838,2.073,0.7389603413542642,1.0445145118053407,0.7340463697376449,3.853112647969122
2021-07-23,0.7631073825503356,2.03,0.7318973990235186,1.0386846633673574,0.7306253813300794,3.871152558466361
2021-07-26,0.772734899328859,1.974,0.7142400431966546,1.0250816836787298,0.7144978645515558,3.8785807569064
2021-07-27,0.7707080536912752,1.89,0.6943755178914323,0.9959324414888132,0.6949493593654668,3.8456844495290823
2021-07-28,0.7633607382550335,1.915,0.6877540094563583,0.976499613362202,0.6939719341061623,3.88707012655216
2021-07-29,0.7648808724832215,2.024,0.694816951787104,1.0143936282090935,0.6944606467358146,3.898743009815079
2021-07-30,0.7522130872483221,2.01,0.7040870635962075,1.0250816836787298,0.6944606467358146,3.9082935506665586
2021-08-02,0.7648808724832215,2.04,0.7129157415096397,1.0474294360243324,0.6925057962172056,3.864785531232041
2021-08-03,0.7615872483221476,2.031,0.711591439822625,1.0270249664913909,0.6871299572910311,3.867969044849201
2021-08-04,0.7669077181208054,2.078,0.7146814770923261,1.0532592844623156,0.6925057962172056,3.876458414494961
2021-08-05,0.7651342281879194,2.062,0.7146814770923261,1.0493727188369937,0.6925057962172056,3.872213729672081
2021-08-06,0.7709614093959731,2.039,0.7155643448836693,1.0552025672749767,0.6969042098840756,3.847806791940522
2021-08-09,0.7671610738255034,2.02,0.731455965127847,1.0561742086813073,0.7071671751067725,3.745934356191407
2021-08-10,0.7696946308724831,2.026,0.7363117379802346,1.0649189813382824,0.7076558877364246,3.732139130517048
2021-08-11,0.7669077181208054,2.005,0.7446989819979951,1.0736637539952572,0.7257382550335572,3.727894445694168
2021-08-12,0.7658942953020135,1.981,0.7473475853720247,1.0814368852459015,0.7345350823672971,3.767157780305806
2021-08-13,0.7679211409395973,1.955,0.7499961887460544,1.0804652438395712,0.7335576571079927,3.772463636334406
2021-08-16,0.7691879194630873,1.932,0.7530862260157556,1.0668622641509435,0.7399109212934717,3.805359943711724
2021-08-17,0.772481543624161,1.887,0.7446989819979951,1.0367413805546963,0.7286705308114705,3.8435621071176422
2021-08-18,0.7699479865771812,1.9,0.7552933954941137,1.0474294360243324,0.7316028065893839,3.8446232783233625
2021-08-19,0.755506711409396,1.914,0.7469061514763531,1.0561742086813073,0.7237834045149483,3.829766881443283
2021-08-20,0.7613338926174497,1.869,0.7491133209547112,1.0600607743066297,0.7252495424039048,3.8446232783233625
2021-08-23,0.7722281879194631,1.923,0.7570591310768001,1.0814368852459015,0.7316028065893839,3.8382562510890423
2021-08-24,0.7859093959731543,1.942,0.7614734700335161,1.0921249407155378,0.7340463697376449,3.866907873643481
2021-08-25,0.7859093959731543,1.953,0.7658878089902321,1.0950398649345292,0.7389334960341672,3.8446232783233625
2021-08-26,0.7838825503355704,1.909,0.7627977717205309,1.0814368852459015,0.7482190359975595,3.8265833678261223
2021-08-27,0.7861627516778524,1.904,0.7663292428859036,1.0843518094648934,0.7521287370347773,3.8690302160549206
2021-08-30,0.7889496644295302,1.915,0.7658878089902321,1.089210016496546,0.7565271507016474,3.876458414494961
2021-08-31,0.8008573825503356,1.877,0.780455127547395,1.0921249407155378,0.7819402074435633,3.87751958570068
2021-09-01,0.7965503355704698,1.865,0.7857523342954543,1.071720471182596,0.7760756558877365,3.8753972432892407
2021-09-02,0.7957902684563758,1.837,0.7985539172699307,1.0882383750902156,0.7907370347773034,3.8732749008778007
2021-09-03,0.7970570469798657,1.814,0.7928152766261999,1.076578678214249,0.7887821842586944,3.872213729672081
2021-09-06,0.7980704697986577,1.888,0.80385112401799,1.0921249407155378,0.794646735814521,3.895559496197919
2021-09-07,0.7983238255033557,1.9,0.8197427442621678,1.1125294102484793,0.8107742525930446,3.88176427052356
2021-09-08,0.7962969798657717,1.883,0.8281299882799281,1.119330900092793,0.8269017693715681,3.8361339086776023
2021-09-09,0.7912298657718121,1.886,0.8440216085241059,1.1135010516548096,0.8523148261134839,3.820216340591803
2021-09-10,0.791736577181208,1.89,0.8378415339847034,1.121274182905454,0.8449841366687005,3.8446232783233625
2021-09-13,0.7894563758389261,1.867,0.8488773813764936,1.1222458243117848,0.8664874923733984,3.824461025414683
2021-09-14,0.7846426174496645,1.89,0.8321028933409726,1.1173876172801318,0.8493825503355705,3.829766881443283
2021-09-15,0.7813489932885906,1.872,0.8307785916539577,1.1271040313434373,0.8449841366687005,3.8435621071176422
2021-09-16,0.7823624161073826,1.834,0.8188598764708245,1.0921249407155378,0.8405857230018304,3.810665799740324
2021-09-17,0.7899630872483221,1.866,0.8175355747838098,1.0940682235281989,0.8234807809640026,3.773524807540126
2021-09-22,0.7684278523489932,1.852,0.8259228188015701,1.0989264305598516,0.8484051250762661,3.822338683003243
2021-09-23,0.7760285234899329,1.862,0.8396072695673898,1.101841354778843,0.8479164124466139,3.7851976908030456
2021-09-24,0.7785620805369127,1.879,0.8210670459491826,1.0862950922775545,0.8171275167785235,3.7650354378943662
2021-09-27,0.7828691275167785,1.89,0.7959053138959011,1.0513160016496546,0.8000225747406956,3.7756471499515656
2021-09-28,0.7699479865771812,1.879,0.8113555002444073,1.0532592844623156,0.8210372178157413,3.741689671368527
2021-09-29,0.7570268456375838,1.858,0.7884009376694839,1.0192518352407465,0.7995338621110434,3.735322644134208
2021-09-30,0.7600671140939597,1.898,0.7945810122088863,1.0435428703990102,0.8102855399633924,3.720466247254128
2021-10-08,0.7577869127516779,1.893,0.7994367850612739,1.0493727188369937,0.8024661378889567,3.7650354378943662
2021-10-11,0.7491728187919463,1.87,0.7963467477915728,1.0425712289926796,0.8102855399633924,3.750179041014287
2021-10-12,0.7430922818791946,1.834,0.7831037309214246,1.0163369110217548,0.8049097010372179,3.772463636334406
2021-10-13,0.7458791946308725,1.877,0.7791308258603802,1.0279966078977214,0.7907370347773034,3.7703412939229657
2021-10-14,0.755,1.881,0.7760407885906789,1.0367413805546963,0.7843837705918243,3.8212775117975233
2021-10-15,0.7674144295302013,1.916,0.7742750530079926,1.0377130219610269,0.7887821842586944,3.810665799740324
2021-10-18,0.7643741610738255,1.913,0.7813379953387383,1.0474294360243324,0.8039322757779135,3.7618519242772064
2021-10-19,0.774001677852349,1.927,0.7888423715651555,1.0590891329002992,0.8039322757779135,3.773524807540126
2021-10-20,0.775268456375839,1.924,0.7835451648170962,1.0629756985256211,0.7882934716290422,3.7639742666886464
2021-10-21,0.773748322147651,1.919,0.7888423715651555,1.0552025672749767,0.801,3.7809530059801655
2021-10-22,0.7778020134228187,1.925,0.7808965614430666,1.048401077430663,,3.796870574065964
2021-10-25,0.773748322147651,1.954,0.7817794292344098,1.0639473399319517,0.801,3.7851976908030456
2021-10-26,0.7836291946308724,1.947,0.7786893919647087,1.0620040571192906,0.796,3.8021764300945646
2021-10-27,0.7821090604026846,1.934,0.7720678835296346,1.050344360243324,0.782,3.773524807540126
2021-10-28,0.7843892617449665,1.917,0.7557348293897852,1.0270249664913909,0.759,3.810665799740324
2021-10-29,0.7854026845637584,1.961,0.7597077344508297,1.0445145118053407,0.755,3.791564718037365
2021-11-01,0.7988305369127516,1.948,0.7654463750945605,1.052287643055985,0.762,3.773524807540126
2021-11-02,0.7995906040268457,1.952,0.7508790565373976,1.041599587586349,0.744,3.797931745271685
2021-11-03,0.8041510067114094,1.945,0.7579419988681433,1.0425712289926796,0.76,3.768218951511526
2021-11-04,0.8158053691275168,1.967,0.7619149039291877,1.0561742086813073,0.757,3.753362554631446
2021-11-05,0.8246728187919463,1.962,0.750437622641726,1.041599587586349,0.742,3.803237601300285
2021-11-08,0.8218859060402685,1.976,0.7526447921200841,1.048401077430663,0.743,3.8456844495290823
2021-11-09,0.8246728187919463,1.995,0.7570591310768001,1.0629756985256211,0.742,3.8541738191748416
2021-11-10,0.8163120805369127,1.991,0.7588248666594865,1.0639473399319517,0.74,3.8520514767634015
2021-11-11,0.809471476510067,2.007,0.7711850157382913,1.074635395401588,0.755,3.9125382354894382
2021-11-12,0.8092181208053691,2.005,0.7742750530079926,1.0882383750902156,0.751,3.9125382354894382
2021-11-15,0.8168187919463088,1.99,0.7773650902776937,1.0843518094648934,0.749,3.9019265234322393
2021-11-16,0.8130184563758389,1.986,0.7703021479469482,1.0726921125889268,0.744,3.9189052627237584
2021-11-17,0.8196057046979865,2.002,0.7769236563820222,1.093096582121868,0.743,3.906171208255119
2021-11-18,0.8213791946308725,1.98,0.771626449633963,1.089210016496546,0.741,3.923149947546638
2021-11-19,0.8340469798657717,1.997,0.7839865987127679,1.1028129961851738,0.752,3.913599406695159
2021-11-22,0.8350604026845637,2.044,0.7835451648170962,1.126132389937107,0.752,3.876458414494961
2021-11-23,0.8218859060402685,2.042,0.7875180698781407,1.123217465718115,0.759,3.808543457328884
2021-11-24,0.8234060402684563,2.035,0.7866352020867975,1.1222458243117848,0.769,3.790503546831645
2021-11-25,0.82796644295302,2.036,0.7844280326084394,1.1183592586864626,0.767,3.789442375625925
2021-11-26,0.8190989932885906,2.028,0.784869466504111,1.121274182905454,0.756,3.808543457328884
2021-11-29,0.8163120805369127,2.048,0.7822208631300814,1.1309905969687597,0.749,3.795809402860245
2021-11-30,0.8208724832214765,2.046,0.7857523342954543,1.1377920868130735,0.748,3.7862588620087654
2021-12-01,0.8201124161073826,2.035,0.7928152766261999,1.138763728219404,0.758,3.772463636334406
2021-12-02,0.8016174496644296,2.028,0.7950224461045579,1.124189107124446,0.763,3.7544237258371664
2021-12-03,0.7998439597315437,2.033,0.801643954539632,1.1309905969687597,0.776,3.7469955273971274
2021-12-06,0.7904697986577182,1.99,0.8025268223309752,1.1144726930611404,0.773,3.7703412939229657
2021-12-07,0.8013640939597315,1.974,0.8064997273920196,1.0969831477471903,0.784,3.7618519242772064
2021-12-08,0.8206191275167785,2.003,0.8122383680357506,1.1154443344674707,0.785,3.767157780305806
2021-12-09,0.8175788590604026,2.022,0.818418442575153,1.1222458243117848,0.787,3.753362554631446
2021-12-10,0.810991610738255,2.038,0.8157698392011233,1.1348771625940817,0.784,3.743812013779967
2021-12-13,0.8193523489932886,2.046,0.8197427442621678,1.126132389937107,0.779,3.768218951511526
2021-12-14,0.8066845637583893,2.045,0.8100311985573925,1.1290473141560984,0.769,3.768218951511526
2021-12-15,0.7998439597315437,2.027,0.8100311985573925,1.1251607485307762,0.776,3.727894445694168
2021-12-16,0.8180855704697987,2.044,0.8210670459491826,1.1290473141560984,0.787,3.7650354378943662
2021-12-17,0.7960436241610738,2.012,0.8175355747838098,1.1144726930611404,0.788,3.810665799740324
2021-12-20,0.7851493288590604,1.953,0.8126798019314221,1.0960115063408598,0.784,3.803237601300285
2021-12-21,0.7940167785234898,1.966,0.8281299882799281,1.1096144860294874,0.798,3.7788306635687254
2021-12-22,0.7990838926174496,1.972,0.8272471204885851,1.1183592586864626,0.795,3.7703412939229657
2021-12-23,0.8089647651006712,1.977,0.8263642526972418,1.1183592586864626,0.799,3.808543457328884
2021-12-24,0.8130184563758389,1.935,0.8210670459491826,1.099898071966182,0.793,3.817032826974643
2021-12-27,0.8170721476510067,1.937,0.8290128560712714,1.099898071966182,0.797,3.813849313357484
2021-12-28,0.8287265100671141,1.951,0.8272471204885851,1.1105861274358182,0.791,3.822338683003243
2021-12-29,0.8287265100671141,1.924,0.8259228188015701,1.1105861274358182,0.788,3.806421114917444
2021-12-30,0.8251795302013423,1.949,0.8276885543842566,1.119330900092793,0.789,3.7862588620087654
2021-12-31,0.8246728187919463,1.947,0.8356343645063454,1.1329338797814206,0.795,3.8287057102375632
2022-01-04,0.8292332214765101,1.908,0.8440216085241059,1.128075672749768,0.809,3.8000540876831246
2022-01-05,0.8132718120805369,1.855,0.8422558729414195,1.0989264305598516,0.812,3.813849313357484
2022-01-06,0.7897097315436241,1.833,0.8541745881245528,1.1057279204041652,0.818,3.791564718037365
2022-01-07,0.7945234899328859,1.816,0.86167896435097,1.0862950922775545,0.825,3.772463636334406
2022-01-10,0.7869228187919463,1.812,0.8696247744730589,1.091153299309207,0.829,3.779891834774445
2022-01-11,0.7823624161073826,1.792,0.8727148117427602,1.0804652438395712,0.832,3.809604628534604
2022-01-12,0.7978171140939597,1.835,0.8678590388903725,1.099898071966182,0.827,3.827644539031843
2022-01-13,0.7942701342281878,1.808,0.857264625394254,1.0794936024332404,0.835,3.8371950798833225
2022-01-14,0.7780553691275168,1.822,0.846228778002464,1.0833801680585626,0.81,3.832950395060443
2022-01-17,0.7788154362416106,1.854,0.8541745881245528,1.103784637591504,0.813,3.815971655768924
2022-01-18,0.772734899328859,1.845,0.8630032660379849,1.0979547891535208,0.82,3.810665799740324
2022-01-19,0.756520134228188,1.802,0.8758048490124614,1.0824085266522323,0.835,3.805359943711724
2022-01-20,0.7590536912751678,1.798,0.8705076422644021,1.0590891329002992,0.829,3.8573573327920014
2022-01-21,0.7344781879194631,1.778,0.8568231914985824,1.0425712289926796,0.821,3.8552349903805614
2022-01-24,0.7251040268456376,1.788,0.8554988898115676,1.048401077430663,0.822,3.8456844495290823
2022-01-25,0.7114228187919462,1.742,0.8263642526972418,1.0075921383647797,0.8,3.853112647969122
2022-01-26,0.7086359060402685,1.757,0.8276885543842566,1.0143936282090935,0.806,3.8573573327920014
2022-01-27,0.6934345637583893,1.705,0.8157698392011233,0.983301103206516,0.797,3.7862588620087654
2022-01-28,0.7058489932885906,1.702,0.8095897646617208,0.9871876688318384,0.791,3.7756471499515656
2022-02-07,0.7311845637583892,1.71,0.8298957238626146,0.996904082895144,0.811,3.8000540876831246
2022-02-08,0.7268775167785235,1.669,0.8493188152721651,1.0046772141457885,0.83,3.8233998542089633
2022-02-09,0.7380251677852349,1.69,0.855057455915896,1.018280193834416,0.834,3.839317422294762
2022-02-10,0.7484127516778524,1.657,0.8691833405773873,1.0153652696154245,0.845,3.8488679631462417
2022-02-11,0.7281442953020134,1.61,0.8634446999336565,0.993989158676152,0.848,3.8265833678261223
2022-02-14,0.7137030201342283,1.601,0.846228778002464,0.9871876688318384,0.831,3.8891924689636
2022-02-15,0.7142097315436241,1.65,0.8431387407327626,1.0075921383647797,0.824,3.9295169747809577
2022-02-16,0.7266241610738254,1.651,0.8537331542288812,1.0153652696154245,0.834,3.8753972432892407
2022-02-17,0.7215570469798657,1.661,0.8457873441067923,1.0192518352407465,0.83,3.9146605779008783
2022-02-18,0.7121828859060403,1.659,0.8638861338293281,1.0231384008660689,0.85,3.947556885278197
2022-02-21,0.7091426174496644,1.645,0.8705076422644021,1.0357697391483658,0.85,3.9390675156324377
2022-02-22,0.6835536912751677,1.621,0.8590303609769404,1.0299398907103825,0.843,3.9910649047127142
2022-02-23,0.6957147651006711,1.667,0.8607960965596269,1.0542309258686462,0.838,3.958168597335397
2022-02-24,0.6584714765100671,1.634,0.8360757984020171,1.028968249304052,0.82,4.046245807410152
2022-02-25,0.6835536912751677,1.672,0.8356343645063454,1.0386846633673574,0.817,3.9995542743584744
2022-02-28,0.6850738255033557,1.687,0.8338686289236591,1.0474294360243324,0.818,3.9762085078326352
2022-03-01,0.7025553691275168,1.692,0.8413730051500763,1.0493727188369937,0.827,3.973024994215476
2022-03-02,0.6939412751677851,1.663,0.8435801746284344,1.0474294360243324,0.834,4.031389410530072
2022-03-03,0.7033154362416106,1.638,0.8537331542288812,1.0367413805546963,0.843,4.017594184855713
2022-03-04,0.6903942953020135,1.613,0.846228778002464,1.0241100422723992,0.836,4.030328239324352
2022-03-07,0.6736728187919463,1.546,0.8312200255496294,0.9978757243014744,0.832,4.1226501342219875
2022-03-08,0.6534043624161074,1.517,0.8042925579136616,0.9677548407052272,0.806,4.218155542736783
2022-03-09,0.660498322147651,1.505,0.7923738427305282,0.9570667852355912,0.796,4.26590824699418
2022-03-10,0.6779798657718121,1.544,0.8064997273920196,0.9803861789875244,0.804,4.125833647839148
2022-03-11,0.6736728187919463,1.564,0.8109140663487356,0.9871876688318384,0.806,4.133261846279187
2022-03-14,0.6645520134228189,1.508,0.7901666732521703,0.9599817094545828,0.792,4.1120384221647885
2022-03-15,0.6521375838926174,1.477,0.7367531718759063,0.9143145633570472,0.747,4.028205896912913
2022-03-16,0.6751929530201343,1.542,0.7539690938070988,0.944435446953294,0.763,3.984697877478395
2022-03-17,0.6952080536912753,1.589,0.7729507513209777,0.961924992267244,0.773,4.039878780175832
2022-03-18,0.697741610738255,1.597,0.7936981444175432,0.9716414063305496,0.796,4.040939951381552
2022-03-21,0.7131963087248322,1.596,0.7936981444175432,0.9823294618001854,0.792,4.035634095352952
2022-03-22,0.7144630872483221,1.576,0.8051754257050049,0.9774712547685328,0.804,4.057918690673071
2022-03-23,0.7319446308724832,1.59,0.8078240290790345,0.9842727446128464,0.805,4.030328239324352
2022-03-24,0.7258640939597316,1.587,0.8042925579136616,0.9716414063305496,0.803,4.07383625875887
2022-03-25,0.7390385906040268,1.552,0.801643954539632,0.9638682750799052,0.803,4.101426710107589
2022-03-28,0.7352382550335571,1.525,0.808265462974706,0.9541518610165995,0.823,4.064285717907391
2022-03-29,0.7522130872483221,1.522,0.8029682562266468,0.9483220125786164,0.819,4.038817608970112
2022-03-30,0.7633607382550335,1.582,0.8215084798448541,0.970669764924219,0.827,4.031389410530072
2022-03-31,0.7582936241610738,1.561,0.8303371577582862,0.9570667852355912,0.842,4.025022383295753
2022-04-01,0.7486661073825503,1.562,0.840490137358733,0.9580384266419218,0.855,4.0441234649987114
2022-04-06,0.7430922818791946,1.544,0.859471794872612,0.9541518610165995,0.869,4.027144725707193
2022-04-07,0.7276375838926175,1.515,0.8431387407327626,0.9356906742963192,0.852,4.0335117529415125
2022-04-08,0.7327046979865771,1.509,0.852850286437538,0.9288891844520052,0.866,4.043062293792992
2022-04-11,0.7159832214765101,1.447,0.8360757984020171,0.8958533766367667,0.859,4.07808094358175
2022-04-12,0.7015419463087249,1.476,0.8347514967150023,0.9065414321064028,0.851,4.099304367696149
2022-04-13,0.7048355704697986,1.449,0.8254813849058986,0.8900235281987834,0.849,4.120527791810548
2022-04-14,0.7157298657718121,1.45,0.8409315712544048,0.8958533766367667,0.862,4.1268948190448675
2022-04-15,0.697234899328859,1.442,0.8365172322976887,0.8861369625734612,0.858,4.140690044719227
2022-04-18,0.6929278523489932,1.457,0.8201841781578394,0.8939100938241056,0.844,4.165096982450786
2022-04-19,0.7030620805369128,1.44,0.8245985171145555,0.8968250180430972,0.853,4.135384188690627
2022-04-20,0.7121828859060403,1.391,0.8020853884353035,0.8783638313228168,0.835,4.0833867996103494
2022-04-21,0.7175033557046979,1.355,0.7800136936517233,0.843384740694917,0.819,4.133261846279187
2022-04-22,0.7015419463087249,1.348,0.7875180698781407,0.8336683266316115,0.832,4.145995900747827
2022-04-25,0.6855805369127517,1.273,0.743816114206652,0.7705116352201258,0.799,4.119466620604828
2022-04-26,0.696981543624161,1.262,0.7310145312321754,0.7462206000618621,0.799,4.0876314844332295
2022-04-27,0.678993288590604,1.331,0.743816114206652,0.7841146149087536,0.803,4.08975382684467
2022-04-28,0.6883674496644295,1.305,0.7491133209547112,0.774398200845448,0.82,4.08020328599319
2022-04-29,0.6939412751677851,1.355,0.7658878089902321,0.8113205742860088,0.833,4.142812387130666
2022-05-05,0.7025553691275168,1.341,0.7725093174253062,0.8258951953809671,0.833,4.1268948190448675
2022-05-06,0.6759530201342282,1.317,0.7539690938070988,0.815207139911331,0.811,4.118405449399108
2022-05-09,0.6655654362416107,1.307,0.7552933954941137,0.8258951953809671,0.815,4.135384188690627
2022-05-10,0.6579647651006711,1.334,0.7597077344508297,0.8394981750695948,0.823,4.104610223724749
2022-05-11,0.6594848993288591,1.375,0.7579419988681433,0.8482429477265697,0.824,4.0833867996103494
2022-05-12,0.6356694630872483,1.379,0.7544105277027704,0.8531011547582225,0.822,4.1226501342219875
2022-05-13,0.6478305369127516,1.381,0.7729507513209777,0.8599026446025363,0.837,4.0833867996103494
2022-05-16,0.6554312080536913,1.367,0.7808965614430666,0.8618459274151974,0.844,4.040939951381552
2022-05-17,0.6559379194630872,1.386,0.7786893919647087,0.8657324930405196,0.836,4.067469231524551
2022-05-18,0.6632852348993288,1.385,0.7742750530079926,0.8657324930405196,0.832,4.025022383295753
2022-05-19,0.6349093959731543,1.395,0.7733921852166493,0.8764205485101557,0.837,4.040939951381552
2022-05-20,0.6356694630872483,1.419,0.7822208631300814,0.8841936797608001,0.84,4.065346889113111
2022-05-23,0.6326291946308724,1.413,0.780455127547395,0.8987683008557583,0.834,4.065346889113111
2022-05-24,0.6171744966442952,1.359,0.7575005649724716,0.8618459274151974,0.819,4.07489742996459
2022-05-25,0.6207214765100671,1.364,0.7663292428859036,0.8764205485101557,0.832,4.08126445719891
2022-05-26,0.6265486577181207,1.363,0.7755993546950073,0.8841936797608001,0.841,4.096120854078989
2022-05-27,0.6475771812080537,1.365,0.7764822224863506,0.882250396948139,0.845,4.1120384221647885
2022-05-30,0.6663255033557046,1.378,0.7760407885906789,0.8900235281987834,0.846,4.08020328599319
2022-05-31,0.659991610738255,1.41,0.780455127547395,0.8987683008557583,0.844,4.07065274514171
2022-06-01,0.6617651006711409,1.423,0.7835451648170962,0.9026548664810804,0.845,4.0441234649987114
2022-06-02,0.6579647651006711,1.442,0.7791308258603802,0.912371280544386,0.839,4.07065274514171
2022-06-06,0.6582181208053691,1.498,0.784869466504111,0.9356906742963192,0.838,4.060041033084511
2022-06-07,0.6521375838926174,1.494,0.7892838054608271,0.933747391483658,0.839,4.043062293792992
2022-06-08,0.6620184563758389,1.508,0.7923738427305282,0.9366623157026496,0.844,4.062163375495951
2022-06-09,0.6594848993288591,1.465,0.7901666732521703,0.9201444117950304,0.847,4.071713916347431
2022-06-10,0.6463104026845637,1.497,0.7950224461045579,0.940548881327972,0.849,4.055796348261631
2022-06-13,0.6126140939597315,1.491,0.7884009376694839,0.9473503711722856,0.835,4.123711305427708
2022-06-14,0.6062802013422818,1.494,0.7945810122088863,0.9473503711722856,0.846,4.050490492233032
2022-06-15,0.601973154362416,1.507,0.801643954539632,0.9434638055469636,0.852,4.0239612120900325
2022-06-16,0.601973154362416,1.515,0.7976710494785876,0.9522085782039386,0.839,4.0441234649987114
2022-06-17,0.5895587248322147,1.562,0.7967881816872443,0.9628966336735746,0.836,4.07065274514171
2022-06-20,0.5948791946308725,1.587,0.7972296155829159,0.9716414063305496,0.833,4.051551663438752
2022-06-21,0.5994395973154363,1.578,0.7989953511656024,0.9609533508609136,0.836,4.039878780175832
2022-06-22,0.6001996644295302,1.57,0.7866352020867975,0.9492936539849468,0.825,4.042001122587272
2022-06-23,0.605520134228188,1.618,0.7954638800002296,0.9716414063305496,0.828,4.047306978615872
2022-06-24,0.6192013422818792,1.652,0.8003196528526172,0.9823294618001854,0.825,4.0186553560614335
2022-06-27,0.6336426174496644,1.656,0.8056168596006764,0.9930175172698216,0.835,4.042001122587272
2022-06-28,0.6303489932885906,1.663,0.8095897646617208,1.0056488555521186,0.839,4.026083554501473
2022-06-29,0.6095738255033557,1.624,0.806058293496348,0.9842727446128464,0.845,4.019716527267153
2022-06-30,0.604,1.649,0.8113555002444073,0.992045875863491,0.848,4.0091048152099535
2022-07-01,0.6004530201342282,1.628,0.8122383680357506,0.9949608000824828,0.848,3.970902651804036
2022-07-04,0.604,1.66,0.8166527069924665,1.0037055727394577,0.847,3.988942562301274
2022-07-05,0.604,1.656,0.8157698392011233,1.000790648520466,0.85,3.985759048684115
2022-07-06,0.611,1.643,0.7989953511656024,0.9881593102381688,0.832,3.9114770642837184
2022-07-07,0.616,1.668,0.7985539172699307,0.9998190071141354,0.834,3.8573573327920014
2022-07-08,0.623,1.65,0.7976710494785876,0.9949608000824828,0.834,3.853112647969122
2022-07-11,0.621,1.628,0.7897252393564986,0.9803861789875244,0.829,3.846745620734802
2022-07-12,0.611,1.583,0.7906081071478419,0.9628966336735746,0.836,3.8520514767634015
2022-07-13,0.612,1.607,0.7888423715651555,0.970669764924219,0.836,3.8265833678261223
2022-07-14,0.607,1.653,0.7839865987127679,0.9842727446128464,0.822,3.8265833678261223
2022-07-15,0.615,1.622,0.7663292428859036,0.9735846891432106,0.81,3.797931745271685
2022-07-18,0.63,1.642,0.7822208631300814,0.9881593102381688,0.826,3.817032826974643
2022-07-19,0.62,1.613,0.7857523342954543,0.996904082895144,0.827,3.808543457328884
2022-07-20,0.64,1.619,0.7897252393564986,1.011478703990102,0.831,3.806421114917444
2022-07-21,0.646,1.617,0.7835451648170962,1.0056488555521186,0.818,3.772463636334406
2022-07-22,0.653,1.606,0.7795722597560518,0.998847365707805,0.815,3.830828052649003
2022-07-25,0.644,1.587,0.7800136936517233,0.9852443860191772,0.816,3.8456844495290823
2022-07-26,0.64,1.592,0.7866352020867975,1.000790648520466,0.825,3.847806791940522
2022-07-27,0.639,1.591,0.787076635982469,1.0095354211774408,0.822,3.8425009359119224
2022-07-28,0.654,1.588,0.7910495410435135,1.0173085524280854,0.824,3.8785807569064
2022-07-29,0.671,1.569,0.7839865987127679,1.0134219868027632,0.817,3.9348228308095576
2022-08-01,0.672,1.605,0.7831037309214246,1.0192518352407465,0.817,3.9348228308095576
2022-08-02,0.669,1.574,0.7601491683465013,0.9910742344571604,0.801,3.964535624569716
2022-08-03,0.671,1.541,0.7539690938070988,0.983301103206516,0.79,3.952862741306797
2022-08-04,0.688,1.555,0.759266300555158,0.9881593102381688,0.795,3.945434542866757
2022-08-05,0.692,1.576,0.7680949784685901,1.0105070625837715,0.799,3.9815143638612343
2022-08-08,0.69,1.569,0.7733921852166493,1.018280193834416,0.807,3.956046254923957
2022-08-09,0.685,1.58,0.7764822224863506,1.0231384008660689,0.811,3.975147336626915
2022-08-10,0.675,1.561,0.7747164869036641,1.0231384008660689,0.808,3.983636706272675
2022-08-11,0.7,1.6,0.7884009376694839,1.0367413805546963,0.816,3.965596795775436
2022-08-12,0.692,1.582,0.7932567105218715,1.0270249664913909,0.823,3.983636706272675
2022-08-15,0.705,1.593,0.7941395783132147,1.0338264563357047,0.823,3.9900037335069944
2022-08-16,0.714,1.605,0.7954638800002296,1.039656304773688,0.825,3.986820219889835
2022-08-17,0.71,1.628,0.7967881816872443,1.0406279461800183,0.827,3.970902651804036
2022-08-18,0.702,1.63,0.7919324088348567,1.0454861532116713,0.821,3.947556885278197
2022-08-19,0.701,1.606,0.7914909749391851,1.0279966078977214,0.829,3.945434542866757
2022-08-22,0.691,1.629,0.7994367850612739,1.0338264563357047,0.833,3.9348228308095576
2022-08-23,0.677,1.628,0.8007610867482888,1.0386846633673574,0.835,3.944373371661037
2022-08-24,0.681,1.572,0.7879595037738122,1.000790648520466,0.828,3.975147336626915
2022-08-25,0.688,1.569,0.7963467477915728,0.9978757243014744,0.844,3.983636706272675
2022-08-26,0.693,1.553,0.7906081071478419,0.992045875863491,0.844,3.986820219889835
2022-08-29,0.663,1.544,0.7936981444175432,0.9959324414888132,0.85,3.9496792276896366
2022-08-30,0.667,1.536,0.7888423715651555,0.9910742344571604,0.852,3.966657966981156
2022-08-31,0.658,1.504,0.7791308258603802,0.9599817094545828,0.847,3.944373371661037
2022-09-01,0.644,1.491,0.7813379953387383,0.9541518610165995,0.854,3.9167829203123183
2022-09-02,0.652,1.487,0.7808965614430666,,0.854,3.913599406695159
2022-09-05,0.645,1.488,0.7901666732521703,2.6360631353747808,0.869,3.9496792276896366
2022-09-06,0.649,1.494,0.7963467477915728,2.6875601299103,0.88,3.970902651804036
2022-09-07,0.643,1.505,0.7923738427305282,2.704078033817919,0.882,3.946495714072477
2022-09-08,0.657,1.48,0.7884009376694839,2.6827019228786475,0.883,3.975147336626915
2022-09-09,0.659,1.496,0.8007610867482888,2.690475054129292,0.894,3.971963823009755
2022-09-13,0.68,1.496,0.7967881816872443,2.6817302814723165,0.889,3.975147336626915
2022-09-14,0.645,1.468,0.7901666732521703,2.6516093978760695,0.88,3.945434542866757
2022-09-15,0.65,1.424,0.7831037309214246,2.569019878337973,0.889,3.928455803575238
2022-09-16,0.635,1.39,0.7627977717205309,2.516551242396123,0.861,3.9146605779008783
2022-09-19,0.634,1.383,0.759266300555158,2.488373641612537,0.86,3.9295169747809577
2022-09-20,0.646,1.389,0.759266300555158,2.516551242396123,0.855,3.936945173220997
2022-09-21,0.642,1.37,0.7632392056162025,2.516551242396123,0.864,3.942251029249597
2022-09-22,0.629,1.365,0.7597077344508297,2.521409449427776,0.86,3.9358840020152774
2022-09-23,0.626,1.355,0.7522033582244124,2.47477066192391,0.852,3.958168597335397
2022-09-26,0.616,1.365,0.7367531718759063,2.44076321270234,0.838,3.9252722899580776
2022-09-27,0.628,1.393,0.7469061514763531,2.487402000206207,0.845,3.930578145986678
2022-09-28,0.621,1.354,0.7389603413542642,2.4145288947314154,0.84,3.941189858043878
2022-09-29,0.63,1.372,0.7380774735629211,2.423273667388391,0.832,3.982575535066955
2022-09-30,0.615,1.344,0.7367531718759063,2.3766348798845245,0.835,3.980453192655515
2022-10-10,0.598,1.31,0.7310145312321754,2.327081168161666,0.842,4.002737787975634
2022-10-11,0.6,1.324,0.727041626171131,2.3329110165996494,0.838,4.002737787975634
2022-10-12,0.601,1.375,0.7367531718759063,2.4018975564491183,0.845,4.002737787975634
2022-10-13,0.595,1.379,0.7345460023975482,2.4281318744200435,0.846,4.004860130387074
2022-10-14,0.612,1.431,0.7517619243287408,2.49323184864419,0.847,3.9974319319470344
2022-10-17,0.598,1.428,0.754851961598442,2.5078064697391484,0.843,3.9783308502440753
2022-10-18,0.624,1.434,0.7544105277027704,2.5243243736467673,0.841,3.9953095895355943
2022-10-19,0.622,1.425,0.7451404158936668,2.5097497525518095,0.836,3.9815143638612343
2022-10-20,0.614,1.412,0.7416089447282939,2.501976621301165,0.83,3.968780309392596
2022-10-21,0.613,1.407,0.7416089447282939,2.497118414269512,0.833,3.961352110952556
2022-10-24,0.631,1.374,0.7283659278581458,2.487402000206207,0.815,4.010165986415673
2022-10-25,0.643,1.358,0.7213029855274001,2.4669975306732654,0.809,4.017594184855713
2022-10-26,0.638,1.392,0.727041626171131,2.526267656459429,0.803,4.014410671238553
2022-10-27,0.632,1.373,0.7296902295451606,2.51169303536447,0.806,4.011227157621393
2022-10-28,0.614,1.325,0.7071771008659089,2.4193871017630686,0.792,4.0091048152099535
2022-10-31,0.644,1.328,0.7062942330745656,2.4446497783276624,0.772,3.998493103152754
2022-11-01,0.643,1.373,0.7217444194230718,2.51072139395814,0.78,3.998493103152754
2022-11-02,0.634,1.398,0.7305730973365039,2.535012429116404,0.791,4.005921301592794
2022-11-03,0.614,1.396,0.7248344566927729,2.547643767398701,0.785,3.996370760741314
2022-11-04,0.61,1.439,0.7407260769369507,2.6146870244355087,0.795,3.994248418329874
2022-11-07,0.612,1.442,0.7460232836850099,2.6039989689658727,0.802,4.021838869678593
2022-11-08,0.613,1.428,0.7442575481023235,2.603027327559542,0.8,4.029267068118632
2022-11-09,0.617,1.41,0.7446989819979951,2.5913676306835756,0.801,4.114160764576228
2022-11-10,0.606,1.387,0.7442575481023235,2.567076595525312,0.801,4.116283106987668
2022-11-11,0.645,1.412,0.7575005649724716,2.5767930095886173,0.824,4.1470570719535464
2022-11-14,0.641,1.394,0.7645635073032173,2.5593034642746675,0.818,4.110977250959069
2022-11-15,0.644,1.428,0.7742750530079926,2.6195452314671615,0.824,4.1226501342219875
2022-11-16,0.651,1.412,0.7698607140512765,2.6001124033405505,0.821,4.152362927982146
2022-11-17,0.646,1.402,0.7707435818426197,2.605942251778534,0.819,4.155546441599306
2022-11-18,0.642,1.402,0.7685364123642617,2.5845661408392617,0.816,4.152362927982146
2022-11-21,0.64,1.404,0.7685364123642617,2.5952541963088978,0.81,4.129017161456307
2022-11-22,0.635,1.377,0.765004941198889,2.558331822868337,0.819,4.125833647839148
2022-11-23,0.644,1.371,0.7610320361378444,2.552501974430353,0.827,4.1268948190448675
2022-11-24,0.651,1.372,0.7667706767815754,2.5554168986493453,0.829,4.140690044719227
2022-11-25,0.654,1.358,0.7720678835296346,2.530154222084751,0.849,4.152362927982146
2022-11-28,0.646,1.35,0.7667706767815754,2.520437808021445,0.84,4.1566076128050256
2022-11-29,0.645,1.373,0.7928152766261999,2.5593034642746675,0.864,4.1470570719535464
2022-11-30,0.636,1.372,0.7901666732521703,2.5563885400556754,0.864,4.140690044719227
2022-12-01,0.656,1.397,0.7901666732521703,2.5826228580266006,0.858,4.154485270393586
2022-12-02,0.651,1.402,0.7884009376694839,2.590395989277245,0.851,4.176769865713705
2022-12-05,0.644,1.398,0.7985539172699307,2.603027327559542,0.866,4.138567702307787
2022-12-06,0.635,1.402,0.7932567105218715,2.6001124033405505,0.861,4.093998511667549
2022-12-07,0.628,1.421,0.7923738427305282,2.5981691205278894,0.856,4.08975382684467
2022-12-08,0.626,1.419,0.7936981444175432,2.586509423651923,0.861,4.100365538901869
2022-12-09,0.629,1.42,0.7989953511656024,2.5933109134962367,0.857,4.118405449399108
2022-12-12,0.624,1.41,0.7822208631300814,2.583594499432931,0.84,4.114160764576228
2022-12-13,0.634,1.395,0.787076635982469,2.56416167130632,0.843,4.1173442781933876
2022-12-14,0.64,1.391,0.780455127547395,2.549587050211362,0.839,4.161913468833626
2022-12-15,0.629,1.407,0.7760407885906789,2.558331822868337,0.832,4.130078332662027
2022-12-16,0.615,1.391,0.7786893919647087,2.5359840705227343,0.838,4.106732566136189
2022-12-19,0.613,1.376,0.7641220734075457,2.4854587173935454,0.826,4.135384188690627
2022-12-20,0.605,1.359,0.7552933954941137,2.459224399422621,0.818,4.1364453598963475
2022-12-21,0.612,1.355,0.7530862260157556,2.445621419733993,0.818,4.176769865713705
2022-12-22,0.612,1.35,0.7451404158936668,2.407727404887102,0.814,4.1757086945079855
2022-12-23,0.607,1.344,0.7460232836850099,2.3902378595731517,0.809,4.139628873513507
2022-12-26,0.604,1.37,0.7473475853720247,2.432990081451696,0.809,4.1470570719535464
2022-12-27,0.611,1.386,0.7535276599114272,2.452422909578307,0.819,4.1566076128050256
2022-12-28,0.6,1.374,0.7491133209547112,2.435905005670688,0.818,4.162974640039346
2022-12-29,0.599,1.38,0.7407260769369507,2.4310467986390347,0.814,4.159791126422186
2022-12-30,0.6,1.38,0.7455818497893384,2.435905005670688,0.818,4.1810145505365846
2023-01-03,0.6,1.385,0.7508790565373976,2.491288565831529,0.822,4.182075721742304
2023-01-04,0.597,1.37,0.754851961598442,2.491288565831529,0.827,4.196932118622384
2023-01-05,0.599,1.41,0.7575005649724716,2.517522883802454,0.826,4.197993289828104
2023-01-06,0.595,1.424,0.7561762632854568,2.521409449427776,0.827,4.170402838479386
2023-01-09,0.604,1.433,0.7579419988681433,2.5330691463037427,0.826,4.213910857913903
2023-01-10,0.602,1.453,0.7526447921200841,2.536955711929065,0.82,4.218155542736783
2023-01-11,0.607,1.436,0.7583834327638148,2.5184945252087845,0.824,4.224522569971103
2023-01-12,0.618,1.444,0.7561762632854568,2.5184945252087845,0.822,4.218155542736783
2023-01-13,0.613,1.46,0.7614734700335161,2.5340407877100732,0.831,4.227706083588262
2023-01-16,0.614,1.491,0.7667706767815754,2.5612467470873286,0.832,4.2446848228797815
2023-01-17,0.616,1.492,0.7623563378248593,2.558331822868337,0.83,4.2648470757884605
2023-01-18,0.619,1.493,0.7658878089902321,2.5661049541189813,0.834,4.2552965349369805
2023-01-19,0.61,1.511,0.767,2.594,0.837,4.268
2023-01-20,0.615,1.52,0.778,2.619,0.845,4.303
2023-01-30,0.635,1.535,0.775,2.63,0.84,4.3
2023-01-31,0.624,1.515,0.782,2.639,0.844,4.267
2023-02-01,0.634,1.535,0.787,2.683,0.849,4.293
2023-02-02,0.649,1.526,0.791,2.687,0.848,4.321
2023-02-03,0.656,1.515,0.783,2.684,0.843,4.271
2023-02-06,0.654,1.493,0.778,2.678,0.84,4.218
2023-02-07,0.655,1.492,0.787,2.686,0.843,4.206
2023-02-08,0.666,1.484,0.781,2.667,0.84,4.209
2023-02-09,0.658,1.51,0.788,2.722,0.847,4.212
2023-02-10,0.648,1.496,0.788,2.708,0.851,4.187
2023-02-13,0.646,1.512,0.795,2.734,0.854,4.214
2023-02-14,0.655,1.506,0.801,2.74,0.857,4.21
2023-02-15,0.657,1.493,0.795,2.739,0.855,4.197
2023-02-16,0.671,1.474,0.789,2.689,0.852,4.199
2023-02-17,0.654,1.439,0.789,2.664,0.849,4.187
2023-02-20,0.654,1.456,0.808,2.696,0.867,4.205
2023-02-21,0.652,1.452,0.819,2.709,0.876,4.204
2023-02-22,0.641,1.442,0.82,2.717,0.878,4.214
2023-02-23,0.645,1.445,0.82,2.704,0.874,4.205
2023-02-24,0.647,1.429,0.818,2.694,0.875,4.217
2023-02-27,0.642,1.416,0.816,2.676,0.871,4.207
2023-02-28,0.644,1.43,0.819,2.698,0.875,4.213
2023-03-01,0.642,1.437,0.824,2.718,0.88,4.226
2023-03-02,0.631,1.421,0.826,2.705,0.888,4.222
2023-03-03,0.639,1.425,0.829,2.701,0.895,4.242
2023-03-06,0.655,1.428,0.824,2.71,0.895,4.266
2023-03-07,0.656,1.4,0.813,2.66,0.892,4.272
2023-03-08,0.65,1.398,0.813,2.668,0.89,4.227
2023-03-09,0.653,1.396,0.812,2.675,0.889,4.226
2023-03-10,0.638,1.394,0.794,2.635,0.871,4.258
2023-03-13,0.64,1.386,0.802,2.648,0.883,4.291
2023-03-14,0.631,1.379,0.791,2.623,0.879,4.343
2023-03-15,0.646,1.376,0.804,2.636,0.893,4.344
2023-03-16,0.649,1.353,0.793,2.595,0.886,4.38
2023-03-17,0.666,1.351,0.801,2.615,0.9,4.406
2023-03-20,0.657,1.349,0.795,2.604,0.894,4.532
2023-03-21,0.663,1.374,0.8,2.638,0.892,4.495
2023-03-22,0.675,1.377,0.812,2.649,0.897,4.436
2023-03-23,0.667,1.386,0.812,2.659,0.897,4.461
2023-03-24,0.672,1.391,0.807,2.661,0.89,4.484
2023-03-27,0.68,1.409,0.802,2.665,0.883,4.461
2023-03-28,0.675,1.39,0.799,2.65,0.886,4.432
2023-03-29,0.675,1.392,0.794,2.64,0.881,4.448
2023-03-30,0.681,1.399,0.801,2.642,0.883,4.455
2023-03-31,0.684,1.411,0.804,2.664,0.887,4.482
2023-04-03,0.693,1.434,0.812,2.701,0.896,4.43
2023-04-04,0.696,1.423,0.81,2.697,0.902,4.475
2023-04-06,0.683,1.425,0.807,2.706,0.896,4.542
2023-04-07,0.689,1.438,0.811,2.73,0.893,4.539
2023-04-10,0.686,1.434,0.807,2.705,0.892,4.496
2023-04-11,0.689,1.43,0.809,2.706,0.904,4.521
2023-04-12,0.685,1.425,0.818,2.721,0.922,4.553
2023-04-13,0.68,1.413,0.819,2.704,0.923,4.553
2023-04-14,0.686,1.426,0.821,2.721,0.919,4.58
2023-04-17,0.689,1.43,0.833,2.723,0.929,4.53
2023-04-18,0.688,1.427,0.843,2.712,0.932,4.512
2023-04-19,0.687,1.418,0.836,2.7,0.934,4.509
2023-04-20,0.687,1.401,0.839,2.7,0.941,4.52
2023-04-21,0.684,1.374,0.827,2.63,0.928,4.496
2023-04-24,0.682,1.352,0.822,2.608,0.93,4.489
2023-04-25,0.683,1.327,0.819,2.56,0.936,4.527
2023-04-26,0.682,1.349,0.824,2.568,0.938,4.537
2023-04-27,0.683,1.355,0.826,2.574,0.94,4.541
2023-04-28,0.695,1.367,0.836,2.614,0.96,4.511
2023-05-04,0.691,1.349,0.847,2.607,0.989,4.61
2023-05-05,0.689,1.334,0.854,2.578,0.984,4.628
2023-05-08,0.7,1.34,0.87,2.594,1.011,4.578
2023-05-09,0.701,1.324,0.866,2.562,0.998,4.593
2023-05-10,0.701,1.333,0.854,2.567,0.973,4.606
2023-05-11,0.71,1.341,0.852,2.565,0.98,4.607
2023-05-12,0.712,1.327,0.841,2.532,0.963,4.582
2023-05-15,0.711,1.355,0.839,2.55,0.959,4.6
2023-05-16,0.714,1.352,0.832,2.526,0.947,4.584
2023-05-17,0.719,1.352,0.834,2.539,0.946,4.564
2023-05-18,0.729,1.345,0.839,2.551,0.956,4.554
2023-05-19,0.749,1.343,0.828,2.562,0.941,4.538
2023-05-22,0.745,1.343,0.828,2.557,0.939,4.561
2023-05-23,0.749,1.328,0.82,2.532,0.926,4.541
2023-05-24,0.738,1.324,0.807,2.526,0.913,4.562
2023-05-25,0.749,1.325,0.8,2.521,0.907,4.546
2023-05-26,0.752,1.313,0.806,2.544,0.922,4.521
2023-05-29,0.779,1.299,0.807,2.539,0.924,4.521
2023-05-30,0.78,1.306,0.813,2.55,0.931,4.507
2023-05-31,0.777,1.294,0.805,2.551,0.923,4.571
2023-06-01,0.776,1.304,0.805,2.557,0.927,4.571
2023-06-02,0.786,1.318,0.817,2.575,0.927,4.588
2023-06-05,0.79,1.299,0.819,2.576,0.939,4.53
2023-06-06,0.791,1.278,0.808,2.52,0.931,4.572
2023-06-07,0.794,1.258,0.812,2.52,0.941,4.573
2023-06-08,0.776,1.256,0.818,2.508,0.946,4.548
2023-06-09,0.789,1.266,0.819,2.526,0.949,4.587
2023-06-12,0.798,1.273,0.819,2.538,0.94,4.59
2023-06-13,0.816,1.281,0.81,2.549,0.938,4.6
2023-06-14,0.817,1.277,0.811,2.558,0.931,4.572
2023-06-15,0.822,1.321,0.815,2.573,0.933,4.535
2023-06-16,0.83,1.34,0.818,2.596,0.933,4.57
2023-06-19,0.826,1.338,0.813,2.605,0.918,4.577
2023-06-20,0.825,1.34,0.806,2.608,0.912,4.583
2023-06-21,0.828,1.306,0.801,2.555,0.906,4.566
2023-06-26,0.822,1.292,0.791,2.508,0.887,4.564
2023-06-27,0.811,1.297,0.806,2.533,0.905,4.561
2023-06-28,0.822,1.29,0.811,2.529,0.909,4.539
2023-06-29,0.828,1.291,0.812,2.54,0.906,4.547
2023-06-30,0.828,1.312,0.822,2.581,0.911,4.555
2023-07-03,0.843,1.318,0.829,2.575,0.922,4.568
2023-07-04,0.837,1.319,0.827,2.587,0.921,4.573
2023-07-05,0.838,1.308,0.824,2.567,0.919,4.578
2023-07-06,0.839,1.296,0.819,2.558,0.916,4.576
2023-07-07,0.835,1.283,0.821,2.547,0.918,4.566
2023-07-10,0.828,1.302,0.825,2.548,0.92,4.581
2023-07-11,0.832,1.311,0.825,2.569,0.921,4.584
2023-07-12,0.833,1.299,0.821,2.531,0.922,4.582
2023-07-13,0.847,1.324,0.829,2.556,0.933,4.623
2023-07-14,0.85,1.318,0.83,2.553,0.937,4.601
2023-07-17,0.854,1.305,0.825,2.544,0.93,4.615
2023-07-18,0.863,,0.825,2.542,0.928,4.633
2023-07-19,0.876,1.288,0.828,2.536,0.935,4.688
2023-07-20,0.865,1.275,0.825,2.503,0.929,4.684
2023-07-21,0.851,1.279,0.824,2.5,0.928,4.669
2023-07-24,0.853,1.271,0.822,2.494,0.93,4.657
2023-07-25,0.852,1.297,0.84,2.535,0.947,4.633
2023-07-26,0.854,1.297,0.843,2.523,0.945,4.655
2023-07-27,0.861,1.293,0.838,2.503,0.947,4.664
2023-07-28,0.858,1.315,0.852,2.525,0.963,4.62
2023-07-31,0.867,1.326,0.856,2.542,0.969,4.623
2023-08-01,0.869,1.314,0.85,2.538,0.969,4.639
2023-08-02,0.857,1.314,0.845,2.533,0.959,4.634
2023-08-03,0.843,1.327,0.851,2.535,0.961,4.616
2023-08-04,0.85,1.34,0.849,2.55,0.962,4.613
2023-08-07,0.843,1.326,0.84,2.538,0.953,4.622
2023-08-08,0.844,1.319,0.841,2.527,0.957,4.625
2023-08-09,0.843,1.32,0.837,2.507,0.95,4.621
2023-08-10,0.835,1.326,0.84,2.505,0.95,4.606
2023-08-11,0.837,1.298,0.828,2.458,0.94,4.624
2023-08-14,0.832,1.283,0.827,2.464,0.938,4.632
2023-08-15,0.846,1.272,0.829,2.445,0.944,4.642
2023-08-16,0.837,1.261,0.828,2.413,0.939,4.65
2023-08-17,0.831,1.27,0.83,2.434,0.938,4.644
2023-08-18,0.817,1.255,0.821,2.385,0.936,4.629
2023-08-21,0.819,1.236,0.811,2.358,0.929,4.651
2023-08-22,0.832,1.239,0.813,2.373,0.942,4.643
2023-08-23,0.832,1.207,0.805,2.327,0.939,4.661
2023-08-24,0.855,1.223,0.805,2.329,0.935,4.676
2023-08-25,0.822,1.208,0.801,2.29,0.934,4.66
2023-08-28,0.834,1.22,0.817,2.305,0.945,4.662
2023-08-29,0.84,1.254,0.83,2.377,0.946,4.677
2023-08-30,0.857,1.255,0.827,2.389,0.937,4.69
2023-08-31,0.86,1.245,0.819,2.382,0.932,4.71
2023-09-01,0.86,1.244,0.83,2.38,0.937,4.708
2023-09-04,0.863,1.254,0.84,2.417,0.956,4.72
2023-09-05,0.862,1.25,0.834,2.403,0.947,4.729
2023-09-06,0.863,1.246,0.835,2.412,0.943,4.724
2023-09-07,0.857,1.217,0.828,2.37,0.942,4.724
2023-09-08,0.859,1.213,0.825,2.375,0.938,4.751
2023-09-11,0.855,1.222,0.832,2.411,0.944,4.756
2023-09-12,0.86,1.216,0.833,2.409,0.942,4.763
2023-09-13,0.851,1.2,0.834,2.377,0.943,4.769
2023-09-14,0.856,1.191,0.841,2.368,0.949,4.819
2023-09-15,0.862,1.187,0.841,2.369,0.95,4.773
2023-09-18,0.848,1.196,0.843,2.371,0.95,4.745
2023-09-19,0.847,1.186,0.844,2.353,0.955,4.779
2023-09-20,0.847,1.177,0.843,2.331,0.961,4.809
2023-09-21,0.832,1.166,0.836,2.313,0.953,4.8
2023-09-22,0.824,1.194,0.841,2.361,0.958,4.785
2023-09-25,0.824,1.187,0.841,2.348,0.958,4.803
2023-09-26,0.817,1.18,0.837,2.338,0.956,4.799
2023-09-27,0.816,1.191,0.839,2.353,0.953,4.729
2023-09-28,0.814,1.189,0.843,2.371,0.952,4.665
2023-10-09,0.826,1.186,0.838,2.361,0.949,4.617
2023-10-10,0.839,1.178,0.825,2.353,0.936,4.558
2023-10-11,0.847,1.188,0.822,2.358,0.936,4.568
2023-10-12,0.852,1.196,0.828,2.376,0.948,4.603
2023-10-13,0.847,1.181,0.826,2.371,0.947,4.615
2023-10-16,0.839,1.158,0.823,2.344,0.951,4.676
2023-10-17,0.845,1.162,0.823,2.34,0.956,4.697
2023-10-18,0.84,1.147,0.81,2.3,0.951,4.738
2023-10-19,0.829,1.134,0.797,2.275,0.931,4.768
2023-10-20,0.82,1.125,0.794,2.249,0.934,4.824
2023-10-23,0.814,1.105,0.776,2.19,0.915,4.798
2023-10-24,0.819,1.114,0.783,2.219,0.92,4.799
2023-10-25,0.817,1.104,0.793,2.245,0.931,4.78
2023-10-26,0.792,1.112,0.792,2.261,0.934,4.811
2023-10-27,0.795,1.143,0.806,2.305,0.938,4.821
2023-10-30,0.795,1.174,0.804,2.336,0.922,4.833
2023-10-31,0.794,1.166,0.807,2.323,0.922,4.84
2023-11-01,0.806,1.16,0.803,2.32,0.923,4.825
2023-11-02,0.822,1.148,0.799,2.294,0.925,4.836
2023-11-03,0.829,1.165,0.802,2.324,0.919,4.833
2023-11-06,0.838,1.206,0.81,2.373,0.917,4.811
2023-11-07,0.838,1.198,0.805,2.381,0.919,4.794
2023-11-08,0.847,1.198,0.808,2.391,0.919,4.773
2023-11-09,0.852,1.196,0.815,2.375,0.921,4.742
2023-11-10,0.842,1.188,0.815,2.371,0.916,4.771
2023-11-13,0.86,1.189,0.818,2.396,0.919,4.754
2023-11-14,0.862,1.186,0.817,2.409,0.92,4.776
2023-11-15,0.876,1.192,0.825,2.419,0.927,4.79
2023-11-16,0.873,1.171,0.822,2.393,0.926,4.781
2023-11-17,0.876,1.175,0.825,2.42,0.924,4.796
2023-11-20,0.863,1.18,0.829,2.437,0.928,4.742
2023-11-21,0.873,1.174,0.832,2.419,0.931,4.734
2023-11-22,0.866,1.155,0.828,2.392,0.927,4.718
2023-11-23,0.872,1.161,0.839,2.416,0.933,4.712
2023-11-24,0.873,1.147,0.841,2.381,0.933,4.717
2023-11-27,0.868,1.141,0.839,2.382,0.926,4.762
2023-11-28,0.871,,0.843,2.391,0.926,4.78
2023-11-29,0.872,1.136,0.838,2.384,0.919,4.814
2023-11-30,0.871,1.139,0.839,2.368,0.921,4.811
2023-12-01,0.866,1.142,0.846,2.391,0.932,4.815
2023-12-04,0.867,1.13,0.844,2.38,0.928,4.868
2023-12-05,0.857,1.109,0.83,2.336,0.916,4.799
2023-12-06,0.869,1.114,0.834,2.346,0.913,4.796
2023-12-07,0.861,1.113,0.825,2.344,0.912,4.805
2023-12-08,0.874,1.12,0.82,2.339,0.911,4.813
2023-12-11,0.881,1.135,0.834,2.364,0.92,4.777
2023-12-12,0.89,1.127,0.838,2.37,0.925,4.755
2023-12-13,0.9,1.106,0.833,2.347,0.919,4.744
2023-12-14,0.911,1.099,0.832,2.339,0.918,4.819
2023-12-15,0.9,1.094,0.827,2.322,0.913,4.812
2023-12-18,0.906,1.076,0.821,2.284,0.912,4.798
2023-12-19,0.911,1.082,0.819,2.286,0.911,4.809
2023-12-20,0.914,1.066,0.814,2.244,0.908,4.826
2023-12-21,0.902,1.086,0.82,2.256,0.906,4.823
2023-12-22,0.907,1.081,0.817,2.236,0.907,4.852
2023-12-25,0.908,1.083,0.817,2.232,0.906,4.859
2023-12-26,0.914,1.071,0.809,2.202,0.905,4.877
2023-12-27,0.918,1.073,0.819,2.215,0.912,4.885
2023-12-28,0.915,1.113,0.824,2.262,0.91,4.892
2023-12-29,0.914,1.118,0.831,2.296,0.914,4.876
2024-01-02,0.911,1.097,0.838,2.276,0.925,4.892
2024-01-03,0.896,1.086,0.839,2.265,0.935,4.889
2024-01-04,0.892,1.065,0.842,2.251,0.946,4.873
2024-01-05,0.885,1.051,0.838,2.214,0.947,4.884
2024-01-08,0.886,1.033,0.826,2.155,0.936,4.88
2024-01-09,0.911,1.036,0.833,2.155,0.943,4.873
2024-01-10,0.91,1.033,0.829,2.14,0.938,4.855
2024-01-11,0.922,1.053,0.83,2.184,0.93,4.855
2024-01-12,0.918,1.042,0.833,2.165,0.934,4.867
2024-01-15,0.924,1.031,0.839,2.158,0.941,4.899
2024-01-16,0.916,1.036,0.84,2.152,0.947,4.895
2024-01-17,0.915,1.005,0.832,2.09,0.934,4.852
2024-01-18,0.917,1.024,0.825,2.084,0.928,4.843
2024-01-19,0.939,1.015,0.82,2.057,0.922,4.865
2024-01-22,0.974,0.987,0.787,1.94,0.898,4.848
2024-01-23,0.962,0.997,0.792,1.966,0.904,4.854
2024-01-24,0.967,1.004,0.807,1.998,0.925,4.85
2024-01-25,0.959,1.02,0.832,2.069,0.953,4.825
2024-01-26,0.949,0.995,0.838,2.042,0.969,4.848
2024-01-29,0.958,0.961,0.833,1.984,0.969,4.863
2024-01-30,0.974,0.938,0.819,1.927,0.962,4.874
2024-01-31,0.952,0.931,0.808,1.853,0.956,4.876
2024-02-01,0.941,0.941,0.799,1.836,0.946,4.893
2024-02-02,0.963,0.917,0.788,1.771,0.948,4.909
2024-02-05,0.97,0.929,0.781,1.659,0.95,4.868
2024-02-06,0.973,0.988,0.811,1.777,0.963,4.858
2024-02-07,0.965,1.008,0.832,1.86,0.974,4.87
2024-02-08,0.988,1.021,0.844,1.939,0.973,4.888
2024-02-19,0.981,1.031,0.855,1.942,0.996,4.861
2024-02-20,0.98,1.03,0.86,1.947,1.004,4.865
2024-02-21,0.968,1.036,0.865,1.957,1.009,4.868
2024-02-22,0.983,1.039,0.877,1.992,1.021,4.863
2024-02-23,0.997,1.039,0.876,2.027,1.023,4.853
2024-02-26,0.986,1.035,0.868,2.031,0.997,4.876
2024-02-27,0.984,1.061,0.877,2.095,1.004,4.872
2024-02-28,0.986,1.034,0.863,1.99,0.996,4.869
2024-02-29,0.978,1.071,0.878,2.073,1.004,4.873
2024-03-01,0.994,1.079,0.879,2.097,1.004,4.889
2024-03-04,1.008,1.085,0.89,2.101,1.009,4.956
2024-03-05,0.998,1.083,0.891,2.085,1.018,5.026
2024-03-06,0.994,1.084,0.894,2.083,1.018,5.059
2024-03-07,0.989,1.06,0.896,2.051,1.021,5.112
2024-03-08,1.006,1.067,0.902,2.079,1.027,5.12
2024-03-11,0.991,1.118,0.903,2.122,1.02,5.134
2024-03-12,0.994,1.126,0.895,2.132,0.995,5.117
2024-03-13,1.001,1.121,0.89,2.139,0.993,5.103
2024-03-14,0.997,1.114,0.893,2.126,0.996,5.113
2024-03-15,0.99,1.116,0.895,2.16,0.997,5.133
2024-03-18,0.991,1.139,0.899,2.197,0.998,5.096
2024-03-19,0.985,1.127,0.891,2.175,0.994,5.109
2024-03-20,0.99,1.129,0.891,2.195,1.0,5.114
2024-03-21,1.008,1.123,0.893,2.194,1.006,5.218
2024-03-22,1.009,1.105,0.886,2.168,1.001,5.185
2024-03-25,1.005,1.084,0.885,2.118,1.003,5.195
2024-03-26,1.01,1.09,0.885,2.108,1.004,5.201
2024-03-27,1.007,1.06,0.875,2.037,0.998,5.224
2024-03-28,1.008,1.069,0.884,2.086,1.0,5.263
2024-03-29,1.005,1.077,0.895,2.109,1.015,5.37
2024-04-01,1.011,1.107,0.906,2.155,1.015,5.406
2024-04-02,1.007,1.1,0.908,2.143,1.023,5.41
2024-04-03,0.998,1.089,0.915,2.136,1.033,5.48
2024-04-08,0.997,1.069,0.908,2.09,1.036,5.614
2024-04-09,0.999,1.081,0.91,2.118,1.029,5.63
2024-04-10,1.004,1.058,0.908,2.079,1.03,5.65
2024-04-11,0.994,1.054,0.917,2.084,1.043,5.608
2024-04-12,1.01,1.042,0.915,2.066,1.04,5.765
2024-04-15,0.999,1.061,0.931,2.047,1.063,5.679
2024-04-16,0.974,1.042,0.923,1.956,1.061,5.712
2024-04-17,0.973,1.063,0.941,2.048,1.082,5.722
2024-04-18,0.971,1.057,0.947,2.045,1.082,5.697
2024-04-19,0.952,1.038,0.95,2.035,1.084,5.736
2024-04-22,0.946,1.036,0.938,2.031,1.062,5.628
2024-04-23,0.947,1.037,0.919,2.017,1.046,5.488
2024-04-24,0.969,1.046,0.926,2.056,1.043,5.547
2024-04-25,0.954,1.044,0.93,2.055,1.052,5.543
2024-04-26,0.972,1.08,0.928,2.099,1.039,5.586
2024-04-29,0.976,1.118,0.935,2.152,1.036,5.556
2024-04-30,0.978,1.106,0.94,2.129,1.04,5.54
2024-05-06,0.981,1.129,0.955,2.17,1.047,5.506
2024-05-07,0.99,1.125,0.958,2.179,1.048,5.522
2024-05-08,0.992,1.108,0.95,2.143,1.053,5.515
2024-05-09,0.99,1.13,0.963,2.182,1.061,5.506
2024-05-10,0.995,1.117,0.967,2.162,1.066,5.63
2024-05-13,1.0,1.106,0.976,2.141,1.072,5.595
2024-05-14,1.0,1.104,0.977,2.151,1.068,5.582
2024-05-15,1.006,1.095,0.973,2.131,1.066,5.627
2024-05-16,1.022,1.096,0.972,2.126,1.068,5.685
2024-05-17,1.02,1.109,0.975,2.162,1.075,5.684
2024-05-20,1.021,1.115,0.979,2.17,1.087,5.821
2024-05-21,1.027,1.107,0.977,2.147,1.089,5.752
2024-05-22,1.031,1.119,0.975,2.15,1.088,5.759
2024-05-23,1.04,1.102,0.96,2.102,1.076,5.628
2024-05-24,1.022,1.083,0.955,2.076,1.076,5.575
2024-05-27,1.036,1.091,0.971,2.101,1.095,5.595
2024-05-28,1.04,1.077,0.963,2.076,1.09,5.595
2024-05-29,1.035,1.08,0.966,2.075,1.092,5.63
2024-05-30,1.025,1.081,0.959,2.074,1.083,5.57
2024-05-31,1.019,1.078,0.957,2.08,1.085,5.602
2024-06-03,1.025,1.085,0.952,2.051,1.071,5.548
2024-06-04,1.021,1.101,0.965,2.065,1.076,5.602
2024-06-05,1.029,1.094,0.949,2.039,1.06,5.578
2024-06-06,1.051,1.085,0.946,1.995,1.066,5.658
2024-06-07,1.051,1.065,0.95,2.003,1.075,5.663
2024-06-11,1.053,1.067,0.939,2.022,1.055,5.488
2024-06-12,1.062,1.063,0.947,2.028,1.066,5.524
2024-06-13,1.083,1.061,0.938,2.015,1.055,5.525
2024-06-14,1.083,1.068,0.941,2.021,1.058,5.525
2024-06-17,1.088,1.077,0.935,2.018,1.044,5.536
2024-06-18,1.102,1.083,0.938,2.037,1.047,5.543
2024-06-19,1.102,1.068,0.93,2.009,1.051,5.562
2024-06-20,1.108,1.056,0.914,1.971,1.05,5.61
2024-06-21,1.094,1.052,0.919,1.968,1.05,5.637
2024-06-24,1.09,1.034,0.903,1.902,1.036,5.545
2024-06-25,1.077,1.016,0.906,1.886,1.042,5.557
2024-06-26,1.094,1.035,0.912,1.944,1.047,5.527
2024-06-27,1.093,1.018,0.899,1.895,1.046,5.494
2024-06-28,1.107,1.009,0.906,1.905,1.059,5.553
2024-07-01,1.105,1.005,0.925,1.923,1.078,5.558
2024-07-02,1.107,0.996,0.913,1.909,1.08,5.562
2024-07-03,1.131,0.994,0.904,1.893,1.068,5.603
2024-07-04,1.135,0.986,0.895,1.854,1.064,5.626
2024-07-05,1.144,0.991,0.897,1.873,1.057,5.645
2024-07-08,1.155,0.974,0.884,1.827,1.052,5.648
2024-07-09,1.16,0.989,0.893,1.868,1.065,5.628
2024-07-10,1.151,0.987,0.887,1.859,1.044,5.655
2024-07-11,1.165,1.008,0.897,1.908,1.046,5.678
2024-07-12,1.122,1.008,0.893,1.9,1.047,5.713
2024-07-15,1.154,1.0,0.891,1.879,1.057,5.708
2024-07-16,1.152,1.014,0.887,1.884,1.053,5.773
2024-07-17,1.14,1.014,0.879,1.871,1.047,5.844
2024-07-18,1.121,1.027,0.883,1.876,1.051,5.844
2024-07-19,1.104,1.031,0.88,1.877,1.043,5.686
2024-07-22,1.102,1.031,0.876,1.88,1.033,5.686
2024-07-23,1.111,1.0,0.857,1.826,1.029,5.654
2024-07-24,1.092,0.987,0.847,1.8,1.029,5.73
2024-07-25,1.062,0.984,0.849,1.802,1.024,5.585
2024-07-26,1.062,0.993,0.856,1.832,1.016,5.609
2024-07-29,1.083,0.978,0.85,1.823,1.021,5.65
2024-07-30,1.069,0.976,0.848,1.831,1.013,5.656
2024-07-31,1.073,1.009,0.873,1.915,1.024,5.699
2024-08-01,1.101,0.998,0.868,1.902,1.025,5.747
2024-08-02,1.041,0.981,0.862,1.875,1.023,5.77
2024-08-05,0.965,0.962,0.847,1.823,1.013,5.637
2024-08-06,1.001,0.973,0.85,1.849,1.007,5.585
2024-08-07,1.001,0.969,0.852,1.847,1.012,5.609
2024-08-08,0.984,0.965,0.861,1.849,1.012,5.608
2024-08-09,1.012,0.957,0.857,1.83,1.014,5.657
2024-08-12,1.021,0.953,0.856,1.823,1.017,5.7
2024-08-13,1.028,0.962,0.857,1.828,1.02,5.74
2024-08-14,1.048,0.948,0.848,1.809,1.017,5.726
2024-08-15,1.055,0.954,0.854,1.826,1.029,5.71
2024-08-16,1.098,0.953,0.852,1.811,1.033,5.718
2024-08-19,1.079,0.951,0.857,1.815,1.048,5.779
2024-08-20,1.103,0.939,0.845,1.782,1.039,5.783
2024-08-21,1.099,0.933,0.838,1.772,1.028,5.805
2024-08-22,1.1,0.926,0.835,1.749,1.031,5.79
2024-08-23,1.089,0.926,0.836,1.75,1.03,5.771
2024-08-26,1.09,0.925,0.834,1.757,1.031,5.803
2024-08-27,1.075,0.917,0.828,1.737,1.037,5.805
2024-08-28,1.079,0.917,0.825,1.739,1.031,5.797
2024-08-29,1.055,0.922,0.829,1.769,1.008,5.799
2024-08-30,1.066,0.947,0.839,1.804,1.003,5.79
2024-09-02,1.073,0.92,0.831,1.764,1.006,5.756
2024-09-03,1.073,0.931,0.833,1.78,0.995,5.767
2024-09-04,1.016,0.931,0.83,1.773,0.993,5.728
2024-09-05,1.023,0.937,0.834,1.788,0.99,5.766
2024-09-06,1.026,0.921,0.825,1.757,0.982,5.784
2024-09-09,1.017,0.923,0.814,1.742,0.966,5.743
2024-09-10,1.024,0.922,0.812,1.748,0.967,5.777
2024-09-11,1.032,0.933,0.807,1.747,0.944,5.811
2024-09-12,1.066,0.929,0.805,1.741,0.949,5.8
2024-09-13,1.071,0.921,0.801,1.719,0.946,5.881
2024-09-18,1.065,0.918,0.808,1.711,0.962,5.88
2024-09-19,1.076,0.926,0.82,1.746,0.962,5.872
2024-09-20,1.081,0.92,0.822,1.736,0.96,5.941
2024-09-23,1.086,0.918,0.822,1.738,0.971,5.986
2024-09-24,1.08,0.968,0.855,1.814,1.015,5.974
2024-09-25,1.07,0.983,0.863,1.827,1.031,6.019
2024-09-26,1.086,1.028,0.896,1.916,1.062,6.031
2024-09-27,1.069,1.135,0.922,2.094,1.062,5.981
2024-09-30,1.064,1.348,0.997,2.311,1.127,5.995
2024-10-08,1.058,1.618,1.016,2.451,1.142,5.994
2024-10-09,1.075,1.365,0.934,2.246,1.054,5.916
2024-10-10,1.089,1.325,0.957,2.217,1.102,5.947
2024-10-11,1.088,1.259,0.935,2.125,1.082,6.02
2024-10-14,1.088,1.29,0.957,2.205,1.113,6.082
2024-10-15,1.11,1.25,0.933,2.158,1.089,6.082
2024-10-16,1.098,1.221,0.939,2.166,1.108,6.171
2024-10-17,1.104,1.217,0.926,2.157,1.096,6.193
2024-10-18,1.096,1.314,0.943,2.259,1.102,6.23
2024-10-21,1.099,1.324,0.944,2.301,1.092,6.313
2024-10-22,1.099,1.329,0.957,2.314,1.096,6.31
2024-10-23,1.104,1.32,0.957,2.32,1.095,6.347
2024-10-24,1.092,1.303,0.951,2.304,1.089,6.287
2024-10-25,1.097,1.341,0.958,2.359,1.087,6.286
2024-10-28,1.11,1.338,0.966,2.392,1.089,6.309
2024-10-29,1.107,1.305,0.95,2.355,1.073,6.362
2024-10-30,1.119,1.289,0.943,2.369,1.066,6.439
2024-10-31,1.099,1.297,0.944,2.405,1.063,6.403
2024-11-01,1.085,1.274,0.945,2.333,1.076,6.347
2024-11-04,1.089,1.309,0.958,2.388,1.085,6.296
2024-11-05,1.084,1.372,0.971,2.471,1.098,6.296
2024-11-06,1.123,1.359,0.974,2.479,1.095,6.289
2024-11-07,1.14,1.407,0.998,2.527,1.114,6.152
2024-11-08,1.15,1.393,0.983,2.529,1.099,6.196
2024-11-11,1.158,1.436,0.983,2.59,1.089,6.195
2024-11-12,1.16,1.432,0.976,2.563,1.079,6.089
2024-11-13,1.152,1.449,0.983,2.548,1.086,6.081
2024-11-14,1.156,1.399,0.965,2.471,1.078,5.962
2024-11-15,1.139,1.346,0.958,2.411,1.076,5.965
2024-11-18,1.13,1.313,0.96,2.352,1.095,6.045
2024-11-19,1.133,1.354,0.972,2.413,1.096,6.144
2024-11-20,1.145,1.359,0.982,2.459,1.098,6.14
2024-11-21,1.136,1.357,0.98,2.465,1.097,6.226
2024-11-22,1.147,1.307,0.956,2.369,1.068,6.306
2024-11-25,1.156,1.303,0.96,2.38,1.071,6.204
2024-11-26,1.156,1.289,0.955,2.348,1.073,6.122
2024-11-27,1.158,1.324,0.965,2.408,1.085,6.188
2024-11-28,1.155,1.3,0.958,2.394,1.083,6.154
2024-11-29,1.154,1.332,0.966,2.435,1.085,6.209
2024-12-02,1.16,1.351,0.975,2.486,1.086,6.159
2024-12-03,1.18,1.345,0.977,2.479,1.099,6.223
2024-12-04,1.186,1.326,0.974,2.445,1.101,6.22
2024-12-05,1.195,1.332,0.971,2.474,1.101,6.213
2024-12-06,1.19,1.359,0.983,2.502,1.115,6.189
2024-12-09,1.208,1.347,0.979,2.479,1.119,6.226
2024-12-10,1.197,1.356,0.984,2.506,1.119,6.246
2024-12-11,1.197,1.356,0.991,2.539,1.122,6.304
2024-12-12,1.221,1.373,1.002,2.559,1.123,6.342
2024-12-13,1.228,1.338,0.983,2.507,1.104,6.289
2024-12-16,1.244,1.319,0.979,2.474,1.122,6.236
2024-12-17,1.259,1.32,0.976,2.419,1.114,6.225
2024-12-18,1.266,1.318,0.981,2.439,1.122,6.219
2024-12-19,1.234,1.327,0.977,2.446,1.108,6.168
2024-12-20,1.207,1.325,0.973,2.471,1.101,6.177
2024-12-23,1.251,1.311,0.971,2.399,1.106,6.243
2024-12-24,1.25,1.325,0.981,2.426,1.115,6.209
2024-12-25,1.261,1.319,0.982,2.401,1.122,6.223
2024-12-26,1.263,1.323,0.984,2.425,1.119,6.227
2024-12-27,1.255,1.321,0.984,2.429,1.123,6.233
2024-12-30,1.239,1.321,0.988,2.422,1.131,6.208
2024-12-31,1.231,1.283,0.981,2.342,1.124,6.215
2025-01-02,1.246,1.234,0.963,2.277,1.101,6.265
2025-01-03,1.24,1.208,0.953,2.212,1.086,6.321
2025-01-06,1.274,1.207,0.952,2.199,1.087,6.287
2025-01-07,1.264,1.215,0.951,2.232,1.091,6.294
2025-01-08,1.257,1.202,0.951,2.221,1.095,6.325
2025-01-09,1.252,1.205,0.942,2.226,1.084,6.358
2025-01-10,1.247,1.184,0.929,2.177,1.07,6.401
2025-01-13,1.216,1.188,0.923,2.182,1.058,6.415
2025-01-14,1.233,1.242,0.945,2.286,1.074,6.363
2025-01-15,1.223,1.22,0.942,2.268,1.078,6.398
2025-01-16,1.249,1.227,0.95,2.278,1.087,6.417
2025-01-17,1.244,1.239,0.956,2.295,1.084,6.434
2025-01-20,1.262,1.261,0.957,2.308,1.085,6.427
2025-01-21,1.264,1.265,0.953,2.323,1.076,6.427
2025-01-22,1.27,1.257,0.947,2.304,1.061,6.484
2025-01-23,1.257,1.254,0.949,2.292,1.078,6.487
2025-01-24,1.259,1.273,0.957,2.339,1.082,6.515
2025-01-27,1.229,1.239,0.965,2.295,1.097,6.505
2025-02-05,1.231,1.236,0.945,2.311,1.077,6.748
2025-02-06,1.243,1.271,0.947,2.374,1.078,6.712
2025-02-07,1.237,1.303,0.953,2.414,1.079,6.731
2025-02-10,1.223,1.31,0.95,2.442,1.079,6.833
2025-02-11,1.222,1.29,0.954,2.437,1.089,6.901
2025-02-12,1.219,1.313,0.955,2.474,1.091,6.855
2025-02-13,1.222,1.304,0.952,2.45,1.094,6.889
2025-02-14,1.231,1.329,0.952,2.459,1.094,6.923
2025-02-17,1.231,1.334,0.944,2.47,1.093,6.812
2025-02-18,1.239,1.307,0.937,2.42,1.095,6.871
2025-02-19,1.233,1.334,0.943,2.475,1.094,6.919
2025-02-20,1.222,1.334,0.94,2.492,1.09,6.937
2025-02-21,1.214,1.367,0.942,2.54,1.082,6.887
2025-02-24,1.195,1.356,0.943,2.544,1.079,6.898
2025-02-25,1.176,1.342,0.934,2.533,1.071,6.899
2025-02-26,1.173,1.36,0.945,2.573,1.079,6.836
2025-02-27,1.18,1.352,0.947,2.559,1.089,6.812
2025-02-28,1.134,1.3,0.937,2.47,1.084,6.757
2025-03-03,1.159,1.317,0.942,2.467,1.083,6.766
2025-03-04,1.137,1.313,0.944,2.5,1.084,6.813
2025-03-05,1.147,1.314,0.945,2.517,1.091,6.869
2025-03-06,1.148,1.339,0.95,2.573,1.087,6.85
2025-03-07,1.125,1.321,0.953,2.562,1.085,6.841
2025-03-10,1.12,1.32,0.958,2.565,1.079,6.86
2025-03-11,1.074,1.32,0.962,2.583,1.084,6.823
2025-03-12,1.08,1.314,0.962,2.587,1.086,6.842
2025-03-13,1.073,1.298,0.966,2.547,1.091,6.894
2025-03-14,1.082,1.336,0.977,2.59,1.1,6.992
2025-03-17,1.086,1.328,0.976,2.593,1.104,7.0
2025-03-18,1.093,1.336,0.976,2.604,1.102,7.052
2025-03-19,1.085,1.332,0.974,2.586,1.108,7.126
2025-03-20,1.11,1.318,0.97,2.575,1.105,7.142
2025-03-21,1.106,1.29,0.968,2.521,1.103,7.103
2025-03-24,1.131,1.29,0.974,2.501,1.108,7.106
2025-03-25,1.145,1.288,0.979,2.484,1.115,7.099
2025-03-26,1.141,1.282,0.976,2.492,1.112,7.126
2025-03-27,1.118,1.287,0.976,2.492,1.115,7.14
2025-03-28,1.111,1.277,0.968,2.466,1.112,7.269
2025-03-31,1.065,1.261,0.961,2.451,1.112,7.35
2025-04-01,1.084,1.26,0.966,2.462,1.115,7.404
2025-04-02,1.09,1.262,0.969,2.47,1.121,7.37
2025-04-03,1.065,1.239,0.958,2.441,1.125,7.443
2025-04-07,0.959,1.085,0.879,2.193,1.064,7.207
2025-04-08,0.994,1.104,0.892,2.178,1.088,7.255
2025-04-09,0.989,1.114,0.895,2.217,1.085,7.348
2025-04-10,1.08,1.139,0.912,2.272,1.09,7.501
2025-04-11,1.068,1.156,0.91,2.302,1.087,7.623
2025-04-14,1.082,1.159,0.916,2.333,1.095,7.681
2025-04-15,1.067,1.157,0.92,2.324,1.106,7.68
2025-04-16,1.043,1.144,0.916,2.294,1.116,7.868
2025-04-17,1.054,1.145,0.917,2.295,1.117,7.933
2025-04-18,1.045,1.148,0.917,2.291,1.12,7.95
2025-04-21,1.039,1.165,0.922,2.339,1.114,8.101
2025-04-22,1.038,1.161,0.924,2.339,1.121,8.37
2025-04-23,1.073,1.174,0.929,2.353,1.116,7.873
2025-04-24,1.059,1.164,0.929,2.33,1.126,7.946
2025-04-25,1.09,1.172,0.929,2.335,1.125,7.897
2025-04-28,1.094,1.165,0.923,2.31,1.13,7.829
2025-04-29,1.093,1.164,0.922,2.322,1.127,7.88
2025-04-30,1.094,1.172,0.917,2.34,1.109,7.83
2025-05-06,1.101,1.196,0.923,2.401,1.109,7.979
2025-05-07,1.104,1.202,0.929,2.403,1.118,8.042
2025-05-08,1.119,1.224,0.932,2.425,1.124,7.924
2025-05-09,1.118,1.212,0.933,2.396,1.132,7.898
2025-05-12,1.139,1.243,0.94,2.43,1.133,7.732
2025-05-13,1.149,1.24,0.946,2.421,1.144,7.687
2025-05-14,1.181,1.254,0.95,2.427,1.152,7.626
2025-05-15,1.174,1.23,0.946,2.387,1.148,7.405
2025-05-16,1.176,1.228,0.942,2.391,1.14,7.527
2025-05-19,1.165,1.224,0.944,2.402,1.142,7.572
2025-05-20,1.177,1.234,0.95,2.422,1.147,7.558
2025-05-21,1.164,1.243,0.957,2.416,1.155,7.799
2025-05-22,1.156,1.232,0.953,2.392,1.159,7.811
2025-05-23,1.152,1.219,0.948,2.361,1.15,7.815
2025-05-26,1.156,1.207,0.945,2.375,1.147,7.785
2025-05-27,1.165,1.202,0.942,2.368,1.149,7.718
2025-05-28,1.178,1.199,0.945,2.362,1.154,7.729
2025-05-29,1.196,1.215,0.951,2.405,1.152,7.655
2025-05-30,1.172,1.206,0.949,2.382,1.159,7.727
2025-06-03,1.176,1.209,0.95,2.395,1.169,7.837
2025-06-04,1.185,1.222,0.956,2.417,1.174,7.836
2025-06-05,1.181,1.237,0.955,2.437,1.165,7.849
2025-06-06,1.177,1.232,0.955,2.432,1.168,7.842
2025-06-09,1.181,1.245,0.957,2.457,1.169,7.756
2025-06-10,1.182,1.231,0.959,2.435,1.169,7.765
2025-06-11,1.186,1.245,0.962,2.446,1.173,7.787
2025-06-12,1.182,1.247,0.965,2.45,1.176,7.859
2025-06-13,1.169,1.235,0.958,2.418,1.169,7.957
2025-06-16,1.179,1.244,0.954,2.432,1.175,7.929
2025-06-17,1.184,1.24,0.954,2.429,1.172,7.862
2025-06-18,1.18,1.243,0.953,2.426,1.179,7.866
2025-06-19,1.173,1.227,0.946,2.396,1.177,7.825
2025-06-20,1.175,1.217,0.947,2.376,1.182,7.794
2025-06-23,1.171,1.222,0.946,2.407,1.19,7.825
2025-06-24,1.2,1.249,0.955,2.453,1.191,7.732
2025-06-25,1.202,1.288,0.962,2.49,1.201,7.747
2025-06-26,1.205,1.281,0.958,2.479,1.206,7.764
2025-06-27,1.218,1.284,0.958,2.488,1.188,7.68
2025-06-30,1.226,1.303,0.961,2.521,1.186,7.665
2025-07-01,1.22,1.301,0.966,2.528,1.197,7.753
2025-07-02,1.22,1.285,0.971,2.505,1.2,7.753
2025-07-03,1.223,1.309,0.975,2.516,1.201,7.805
2025-07-04,1.23,1.305,0.973,2.506,1.211,7.765
2025-07-07,1.229,1.289,0.975,2.509,1.218,7.71
2025-07-08,1.23,1.32,0.98,2.545,1.215,7.756
2025-07-09,1.224,1.323,0.98,2.537,1.223,7.671
2025-07-10,1.231,1.325,0.985,2.542,1.23,7.725
2025-07-11,1.228,1.337,0.985,2.568,1.219,7.732
2025-07-14,1.22,1.328,0.987,2.566,1.227,7.801
2025-07-15,1.239,1.354,0.985,2.557,1.216,7.796
2025-07-16,1.231,1.349,0.987,2.568,1.21,7.761
2025-07-17,1.241,1.373,0.988,2.599,1.208,7.752
2025-07-18,1.249,1.379,0.993,2.605,1.213,7.76
2025-07-21,1.248,1.39,1.002,2.627,1.213,7.806
2025-07-22,1.249,1.399,1.015,2.643,1.214,7.836
2025-07-23,1.247,1.398,1.014,2.633,1.217,7.911
2025-07-24,1.248,1.419,1.023,2.669,1.208,7.783
2025-07-25,1.25,1.416,1.02,2.667,1.199,7.769
2025-07-28,1.263,1.433,1.011,2.675,1.197,7.748
2025-07-29,1.263,1.458,1.011,2.698,1.189,7.718
2025-07-30,1.259,1.433,1.017,2.673,1.194,7.732
2025-07-31,1.279,1.408,1.001,2.654,1.18,7.708
2025-08-01,1.255,1.406,1.007,2.652,1.181,7.707
2025-08-04,1.237,1.413,1.011,2.685,1.187,7.808
2025-08-05,1.26,1.419,1.019,2.701,1.2,7.817
2025-08-06,1.253,1.427,1.024,2.73,1.201,7.832
2025-08-07,1.263,1.418,1.029,2.731,1.206,7.846
2025-08-08,1.267,1.412,1.032,2.722,1.207,7.869
2025-08-11,1.283,1.44,1.032,2.762,1.2,7.79
2025-08-12,1.279,1.457,1.036,2.772,1.202,7.758
2025-08-13,1.293,1.512,1.042,2.813,1.198,7.775
2025-08-14,1.29,1.494,1.034,2.782,1.199,7.784
2025-08-15,1.294,1.533,1.047,2.84,1.195,7.758
2025-08-18,1.283,1.579,1.053,2.882,1.197,7.769
2025-08-19,1.28,1.573,1.047,2.884,1.196,7.748
2025-08-20,1.264,1.58,1.063,2.917,1.207,7.729
2025-08-21,1.268,1.571,1.064,2.89,1.214,7.751
2025-08-22,1.256,1.625,1.065,2.941,1.209,7.734
2025-08-25,1.276,1.68,1.076,2.98,1.219,7.785
2025-08-26,1.268,1.658,1.079,2.98,1.216,7.811
2025-08-27,1.281,1.648,1.058,2.927,1.197,7.811
2025-08-28,1.271,1.713,1.067,2.968,1.197,7.829
2025-08-29,1.271,1.75,1.073,2.965,1.194,7.851
2025-09-01,1.257,1.788,1.083,2.997,1.191,8.007
2025-09-02,1.258,1.736,1.075,2.918,1.2,8.043
2025-09-03,1.256,1.751,1.066,2.873,1.187,8.139
2025-09-04,1.263,1.679,1.06,2.805,1.19,8.126
2025-09-05,1.278,1.796,1.075,2.888,1.185,8.149
2025-09-08,1.272,1.775,1.084,2.912,1.185,8.226
2025-09-09,1.277,1.737,1.082,2.878,1.191,8.345
2025-09-10,1.283,1.757,1.08,2.88,1.188,8.335
2025-09-11,1.282,1.847,1.091,2.958,1.192,8.305
2025-09-12,1.286,1.828,1.088,2.959,1.184,8.337
2025-09-15,1.293,1.853,1.084,2.956,1.174,8.313
2025-09-16,1.303,1.868,1.083,2.988,1.17,8.42
2025-09-17,1.298,1.903,1.097,3.015,1.175,8.351
2025-09-18,1.307,1.871,1.083,2.976,1.153,8.242
2025-09-19,1.31,1.867,1.09,2.965,1.159,8.282
2025-09-22,1.323,1.88,1.084,2.99,1.15,8.437
2025-09-23,1.342,1.887,1.079,2.954,1.157,8.538
2025-09-24,1.329,1.928,1.093,3.006,1.157,8.586
2025-09-25,1.324,1.957,1.09,2.995,1.149,8.534
2025-09-26,1.32,1.907,1.09,2.954,1.149,8.556
2025-09-29,1.34,1.96,1.102,2.991,1.147,8.66
2025-09-30,1.339,1.96,1.106,3.022,1.139,8.748
2025-10-09,1.363,1.972,1.124,3.048,1.142,9.148
2025-10-10,1.366,1.885,1.12,3.007,1.15,9.019
2025-10-13,1.347,1.864,1.114,2.998,1.156,9.292
2025-10-14,1.331,1.791,1.108,2.944,1.177,9.407
2025-10-15,1.353,1.833,1.12,2.985,1.182,9.637
2025-10-16,1.363,1.838,1.119,2.954,1.19,9.691
2025-10-17,1.329,1.777,1.1,2.868,1.185,10.03
2025-10-20,1.369,1.813,1.105,2.886,1.187,9.717
2025-10-21,1.39,1.867,1.116,2.927,1.19,9.948
2025-10-22,1.41,1.853,1.118,2.917,1.199,9.545
2025-10-23,1.41,1.854,1.122,2.919,1.206,9.428
2025-10-24,1.43,1.919,1.124,2.967,1.197,9.383
2025-10-27,1.458,1.957,1.135,2.989,1.198,9.342
2025-10-28,1.456,1.953,1.127,2.984,1.198,9.004
2025-10-29,1.481,2.011,1.145,3.025,1.187,9.105
2025-10-30,1.462,1.979,1.138,2.994,1.19,9.122
2025-10-31,1.458,1.93,1.137,2.996,1.188,9.217
2025-11-03,1.456,1.936,1.147,3.008,1.204,9.222
2025-11-04,1.436,1.897,1.142,2.967,1.217,9.156
2025-11-05,1.425,1.916,1.148,2.982,1.217,9.123
2025-11-06,1.451,1.951,1.169,3.016,1.216,9.178
2025-11-07,1.435,1.943,1.167,3.014,1.217,9.22
2025-11-10,1.462,1.926,1.175,3.018,1.227,9.373
2025-11-11,1.467,1.898,1.171,3.011,1.232,9.5
2025-11-12,1.472,1.893,1.172,2.993,1.243,9.465
2025-11-13,1.467,1.937,1.174,3.035,1.239,9.616
2025-11-14,1.427,1.886,1.164,2.994,1.235,9.538
2025-11-17,1.428,1.88,1.152,3.001,1.224,9.31
2025-11-18,1.381,1.859,1.138,2.977,1.217,9.201
2025-11-19,1.376,1.864,1.139,2.951,1.219,9.384
2025-11-20,1.427,1.843,1.134,2.932,1.228,9.333
2025-11-21,1.383,1.77,1.104,2.821,1.209,9.261
2025-11-24,1.394,1.773,1.103,2.854,1.202,9.29
2025-11-25,1.422,1.806,1.112,2.892,1.209,9.446
2025-11-26,1.443,1.845,1.111,2.892,1.203,9.443
2025-11-27,1.437,1.835,1.114,2.895,1.205,9.447
2025-11-28,1.452,1.848,1.122,2.926,1.204,9.505
2025-12-01,1.439,1.872,1.131,2.946,1.211,9.605
2025-12-02,1.44,1.859,1.124,2.921,1.208,9.554
2025-12-03,1.458,1.839,1.129,2.894,1.203,9.536
2025-12-04,1.458,1.858,1.129,2.897,1.198,9.505
2025-12-05,1.459,1.882,1.139,2.937,1.193,9.58
2025-12-08,1.453,1.931,1.137,2.963,1.19,9.552
2025-12-09,1.432,1.942,1.127,2.946,1.181,9.485
2025-12-10,1.44,1.943,1.132,2.958,1.176,9.531
2025-12-11,1.428,1.916,1.122,2.927,1.173,9.548
2025-12-12,1.431,1.932,1.129,2.947,1.174,9.671
2025-12-15,1.414,1.902,1.129,2.926,1.175,9.804
2025-12-16,1.394,1.864,1.119,2.875,1.169,9.686
2025-12-17,1.407,1.927,1.135,2.914,1.171,9.76
2025-12-18,1.395,1.884,1.136,2.908,1.181,9.766
2025-12-19,1.414,1.893,1.145,2.933,1.181,9.761
2025-12-22,1.441,1.935,1.143,2.96,1.173,9.963
2025-12-23,1.435,1.94,1.143,2.957,1.173,10.104
2025-12-24,1.432,1.956,1.147,3.004,1.177,10.107
2025-12-25,1.426,1.962,1.154,3.03,1.178,10.031
2025-12-26,1.424,1.964,1.156,3.041,1.175,10.118
2025-12-29,1.416,1.952,1.151,3.036,1.176,10.026
2025-12-30,1.42,1.964,1.156,3.039,1.175,9.821
2025-12-31,1.413,1.941,1.154,3.038,1.176,9.748
2026-01-05,1.43,1.995,1.166,3.109,1.173,9.952
2026-01-06,1.43,2.011,1.181,3.154,1.174,10.044
2026-01-07,1.427,2.018,1.178,3.162,1.17,9.991
2026-01-08,1.422,2.0,1.178,3.19,1.161,9.972
2026-01-09,1.418,2.017,1.192,3.264,1.162,10.055
2026-01-12,1.412,2.054,1.201,3.365,1.164,10.246
2026-01-13,1.421,2.01,1.197,3.296,1.166,10.264
2026-01-14,1.413,2.027,1.203,3.304,1.156,10.4
2026-01-15,1.413,2.041,1.202,3.304,1.153,10.343
2026-01-16,1.41,2.036,1.206,3.295,1.143,10.33
2026-01-19,1.395,2.021,1.212,3.304,1.144,10.494
2026-01-20,1.386,1.986,1.221,3.277,1.16,10.57
2026-01-21,1.381,1.996,1.223,3.305,1.151,10.88
2026-01-22,1.409,2.016,1.222,3.33,1.152,10.831
2026-01-23,1.401,2.028,1.235,3.402,1.148,11.132
2026-01-26,1.387,2.013,1.242,3.344,1.156,11.423
2026-01-27,1.403,2.024,1.244,3.357,1.148,11.454
2026-01-28,1.418,2.012,1.262,3.366,1.152,11.823
2026-01-29,1.409,2.001,1.262,3.34,1.169,12.472
2026-01-30,1.396,2.03,1.249,3.311,1.168,11.558
2026-02-02,1.359,1.979,1.211,3.175,1.154,10.402
2026-02-03,1.388,2.014,1.233,3.284,1.15,10.925
2026-02-04,1.379,2.007,1.248,3.289,1.166,11.389
2026-02-05,1.367,1.976,1.239,3.232,1.181,11.03
2026-02-06,1.344,1.964,1.235,3.221,1.178,10.861
2026-02-09,1.371,2.019,1.251,3.302,1.181,11.243
2026-02-10,1.374,2.013,1.256,3.301,1.186,11.194
2026-02-11,1.37,1.99,1.256,3.303,1.188,11.285
2026-02-12,1.369,2.017,1.259,3.336,1.177,11.24
2026-02-13,1.363,1.989,1.236,3.285,1.167,11.088
2026-02-24,1.352,2.004,1.251,3.322,1.172,11.481
2026-02-25,1.353,2.033,1.26,3.371,1.169,11.485
2026-02-26,1.361,2.027,1.263,3.396,1.168,11.444
2026-02-27,1.35,2.006,1.272,3.431,1.172,11.46
2026-03-02,1.337,1.993,1.29,3.393,1.183,11.963
2026-03-03,1.332,1.944,1.272,3.268,1.196,11.804
2026-03-04,1.311,1.918,1.257,3.238,1.18,11.514
2026-03-05,1.343,1.95,1.265,3.266,1.182,11.495
2026-03-06,1.342,1.956,1.277,3.3,1.188,11.4
2026-03-09,1.31,1.942,1.265,3.287,1.187,11.389
2026-03-10,1.332,2.001,1.274,3.344,1.185,11.487
2026-03-11,1.335,2.028,1.283,3.346,1.196,11.508
2026-03-12,1.327,2.01,1.284,3.338,1.202,11.469
2026-03-13,1.315,2.006,1.277,3.291,1.205,11.32
2026-03-16,1.324,2.035,1.271,3.285,1.205,11.182
2026-03-17,1.316,1.989,1.265,3.212,1.21,11.152
2026-03-18,1.333,2.028,1.266,3.24,1.204,11.121
2026-03-19,1.309,2.006,1.239,3.17,1.201,10.614
2026-03-20,1.3,2.028,1.232,3.117,1.196,10.37
2026-03-23,1.257,1.965,1.188,2.967,1.158,9.365
2026-03-24,1.281,1.968,1.21,3.044,1.178,9.749
2026-03-25,1.292,2.009,1.226,3.101,1.188,10.102
2026-03-26,1.281,1.986,1.215,3.057,1.185,9.912
2026-03-27,1.276,1.996,1.224,3.106,1.183,9.95
2026-03-30,1.254,1.983,1.226,3.109,1.193,10.123
2026-03-31,1.251,1.937,1.209,3.051,1.198,10.17
2026-04-01,1.303,1.966,1.221,3.107,1.197,10.506
2026-04-02,1.284,1.922,1.22,3.055,1.201,10.207
2026-04-03,1.284,1.907,1.204,3.02,1.188,10.303
2026-04-07,1.284,1.916,1.206,3.045,1.18,10.313
2026-04-08,1.35,2.029,1.232,3.189,1.19,10.601
2026-04-09,1.336,2.012,1.227,3.171,1.183,10.388
2026-04-10,1.347,2.085,1.232,3.201,1.181,10.455
2026-04-13,1.338,2.106,1.224,3.213,1.176,10.404
2026-04-14,1.359,2.159,1.232,3.263,1.181,10.494
2026-04-15,1.383,2.13,1.232,3.246,1.189,10.552
2026-04-16,1.412,2.2,1.243,3.298,1.189,10.583
2026-04-17,1.404,2.23,1.239,3.33,1.184,10.513
2026-04-20,1.404,2.23,1.242,3.345,1.19,10.52
2026-04-21,1.4,2.237,1.253,3.344,1.197,10.493
2026-04-22,1.407,2.286,1.252,3.401,1.192,10.49
2026-04-23,1.417,2.263,1.246,3.355,1.198,10.377
2026-04-24,1.418,2.231,1.241,3.326,1.198,10.299
2026-04-27,1.45,2.222,1.237,3.339,1.189,10.377
2026-04-28,1.457,2.188,1.241,3.297,1.192,10.201
2026-04-29,1.452,2.243,1.255,3.346,1.195,10.103
2026-04-30,1.456,2.237,1.249,3.362,1.188,10.142
2026-05-06,1.496,2.301,1.263,3.433,1.183,10.266
2026-05-07,1.537,2.333,1.258,3.493,1.178,10.388
2026-05-08,1.54,2.309,1.262,3.506,1.177,10.365
2026-05-11,1.577,2.39,1.267,3.555,1.178,10.245
2026-05-12,1.558,2.392,1.267,3.54,1.176,10.28
2026-05-13,1.571,2.455,1.273,3.598,1.177,10.278
2026-05-14,1.577,2.406,1.253,3.529,1.176,10.269
2026-05-15,1.564,2.389,1.245,3.488,1.167,10.019
